{"arquitecture": "D", "trainable_params": 18049, "non_trainable_params": 0, "train_metrics": {"mse": 5.3382160419870415, "mae": 0.4177503662129547, "r2_score": 0.6599687072103071, "kendalltau": 0.17514280380675987, "pearsonr": 0.8151058464390041, "spearmanr": 0.24236551864815656}, "test_metrics": {"mse": 2.4896186654715002, "mae": 0.30784396568617073, "r2": 0.7740208594872888, "kendalltau": 0.16107733586922846, "pearsonr": 0.8846143449772158, "spearmanr": 0.21867535486342385}, "total_time": 5.2249, "epochs": 50}