{"arquitecture": "A", "trainable_params": 34577, "non_trainable_params": 0, "train_metrics": {"mse": 5.28206606664111, "mae": 0.565988429803642, "r2_score": 0.6635453231727962, "kendalltau": 0.27807843803139576, "pearsonr": 0.8166588315147878, "spearmanr": 0.3743111806876199}, "test_metrics": {"mse": 2.538176281335522, "mae": 0.5061256320927988, "r2": 0.7696133538517942, "kendalltau": 0.2847936758053617, "pearsonr": 0.8799408075905905, "spearmanr": 0.37747951662778206}, "total_time": 5.5607, "epochs": 50}