{"arquitecture": "C", "trainable_params": 18049, "non_trainable_params": 0, "train_metrics": {"mse": 5.451741482373054, "mae": 0.41595436388420387, "r2_score": 0.6527374145920701, "kendalltau": 0.21688818137389687, "pearsonr": 0.8119909891165901, "spearmanr": 0.3070917014204308}, "test_metrics": {"mse": 2.445161431711341, "mae": 0.29465280264736327, "r2": 0.7780561792790411, "kendalltau": 0.253520137550533, "pearsonr": 0.8850621630328124, "spearmanr": 0.36280289697077256}, "total_time": 5.5848, "epochs": 50}