{"arquitecture": "B", "trainable_params": 34577, "non_trainable_params": 0, "train_metrics": {"mse": 5.312135579274211, "mae": 0.4162423003778741, "r2_score": 0.661629968834611, "kendalltau": -0.07139604034006887, "pearsonr": 0.8144706287356367, "spearmanr": -0.09159509257976987}, "test_metrics": {"mse": 2.3785423448266934, "mae": 0.3019707491439945, "r2": 0.7841030989156608, "kendalltau": -0.10563591806298676, "pearsonr": 0.8858900289343967, "spearmanr": -0.1404899893759258}, "total_time": 4.6845, "epochs": 30}