{"arquitecture": "C", "trainable_params": 18049, "non_trainable_params": 0, "train_metrics": {"mse": 5.499268368605342, "mae": 0.5868540860691557, "r2_score": 0.6497100682949694, "kendalltau": -0.03323963188503868, "pearsonr": 0.8074764589012101, "spearmanr": -0.042998821868372485}, "test_metrics": {"mse": 2.566916124469738, "mae": 0.47426353857338405, "r2": 0.7670046792222158, "kendalltau": 0.0420366384096093, "pearsonr": 0.8793752560817782, "spearmanr": 0.06530977530865746}, "total_time": 6.0793, "epochs": 30}