{"arquitecture": "B", "trainable_params": 34577, "non_trainable_params": 0, "train_metrics": {"mse": 5.336734185158039, "mae": 0.4196826003918478, "r2_score": 0.6600630978624148, "kendalltau": 0.13934200356153353, "pearsonr": 0.8124912502845405, "spearmanr": 0.21130594952895265}, "test_metrics": {"mse": 2.383074464940211, "mae": 0.2991457922821077, "r2": 0.78369172482767, "kendalltau": 0.14378980405874828, "pearsonr": 0.8855544882482788, "spearmanr": 0.20124669617677934}, "total_time": 4.0112, "epochs": 50}