{"arquitecture": "C", "trainable_params": 18817, "non_trainable_params": 0, "train_metrics": {"mse": 5.376282915380728, "mae": 0.4380979271378471, "r2_score": 0.6575439405709077, "kendalltau": 0.11050802571039685, "pearsonr": 0.8147629597989746, "spearmanr": 0.1632627116047588}, "test_metrics": {"mse": 2.449329549240952, "mae": 0.33216888615043455, "r2": 0.7776778451871738, "kendalltau": 0.18625040850554167, "pearsonr": 0.884707531552141, "spearmanr": 0.2786862375358324}, "total_time": 5.8469, "epochs": 50}