{"arquitecture": "A", "trainable_params": 34577, "non_trainable_params": 0, "train_metrics": {"mse": 5.261956886827399, "mae": 0.46760041293777266, "r2_score": 0.6648262286953932, "kendalltau": 0.4090369208651133, "pearsonr": 0.8158813908217505, "spearmanr": 0.5702596319853757}, "test_metrics": {"mse": 2.5103501413852665, "mae": 0.4041146341910713, "r2": 0.7721390929446742, "kendalltau": 0.4064148302227739, "pearsonr": 0.8789107719055755, "spearmanr": 0.563417278906529}, "total_time": 6.2107, "epochs": 30}