{"arquitecture": "A", "trainable_params": 83729, "non_trainable_params": 0, "train_metrics": {"mse": 5.233903150525119, "mae": 0.43175568148440735, "r2_score": 0.6666131830163529, "kendalltau": 0.11132017047687222, "pearsonr": 0.8165653980582693, "spearmanr": 0.15712286048751595}, "test_metrics": {"mse": 2.5651616853539694, "mae": 0.4057270375393582, "r2": 0.7671639271620557, "kendalltau": 0.1857651444547212, "pearsonr": 0.8770004910634321, "spearmanr": 0.2568626686265089}, "total_time": 5.7471, "epochs": 50}