{"arquitecture": "D", "trainable_params": 18817, "non_trainable_params": 0, "train_metrics": {"mse": 5.313186224217583, "mae": 0.40464072199706336, "r2_score": 0.6615630453239199, "kendalltau": 0.059606887931569444, "pearsonr": 0.8152755783310892, "spearmanr": 0.0827966336268091}, "test_metrics": {"mse": 2.445796784715475, "mae": 0.3112799176670636, "r2": 0.7779985091917352, "kendalltau": 0.017773066456010858, "pearsonr": 0.8829886763872898, "spearmanr": 0.023121775258978936}, "total_time": 5.4374, "epochs": 50}