{"arquitecture": "B", "trainable_params": 83729, "non_trainable_params": 0, "train_metrics": {"mse": 5.379202470946306, "mae": 0.4254846393025731, "r2_score": 0.6573579720290715, "kendalltau": 0.27664507265844906, "pearsonr": 0.8110924207057133, "spearmanr": 0.38944363110583863}, "test_metrics": {"mse": 2.3937895943526257, "mae": 0.2990250803509778, "r2": 0.7827191277915527, "kendalltau": 0.3191872890495875, "pearsonr": 0.8855324724856484, "spearmanr": 0.43189567936137635}, "total_time": 4.1649, "epochs": 50}