{"arquitecture": "D", "trainable_params": 18049, "non_trainable_params": 0, "train_metrics": {"mse": 5.459072360033299, "mae": 0.6020086942890757, "r2_score": 0.6522704556326555, "kendalltau": 0.0036723043082083516, "pearsonr": 0.8091064235749628, "spearmanr": -0.00045496464721244735}, "test_metrics": {"mse": 2.562241653375875, "mae": 0.4932118833991021, "r2": 0.7674289743059541, "kendalltau": 0.06651150396558425, "pearsonr": 0.8765518383878527, "spearmanr": 0.09029679442242584}, "total_time": 5.7581, "epochs": 30}