{"arquitecture": "A", "trainable_params": 112401, "non_trainable_params": 0, "train_metrics": {"mse": 4.956884656584692, "mae": 0.5207578466704345, "r2_score": 0.6842585828803409, "kendalltau": 0.14183094808509986, "pearsonr": 0.8286400440773344, "spearmanr": 0.20644146719085404}, "test_metrics": {"mse": 2.6777637456110646, "mae": 0.4564120510877462, "r2": 0.7569431985220574, "kendalltau": 0.18625040850554167, "pearsonr": 0.8711048459947314, "spearmanr": 0.26882626081995015}, "total_time": 6.0936, "epochs": 50}