{"arquitecture": "C", "trainable_params": 19649, "non_trainable_params": 0, "train_metrics": {"mse": 15.732243864423793, "mae": 1.0272958696571144, "r2_score": -0.002105418294669148, "kendalltau": 0.10441958279826843, "pearsonr": 0.17789053497734497, "spearmanr": 0.161323772748389}, "test_metrics": {"mse": 11.022183366533833, "mae": 0.9157560133601387, "r2": -0.00046788622188320694, "kendalltau": 0.008977521622831424, "pearsonr": 0.18364291541510636, "spearmanr": 0.02275655203945533}, "total_time": 6.2836, "epochs": 30}