{"arquitecture": "B", "trainable_params": 79633, "non_trainable_params": 0, "train_metrics": {"mse": 15.699881002577092, "mae": 1.1691386623011712, "r2_score": -4.398322618270889e-05, "kendalltau": -0.06678482020719687, "pearsonr": 0.038449290192555975, "spearmanr": -0.09341883851898784}, "test_metrics": {"mse": 11.023242205126106, "mae": 1.0592863354516624, "r2": -0.0005639954928902124, "kendalltau": -0.04416233071727645, "pearsonr": 0.0414112093535856, "spearmanr": -0.045411043000266875}, "total_time": 4.2114, "epochs": 50}