{"arquitecture": "D", "trainable_params": 18817, "non_trainable_params": 0, "train_metrics": {"mse": 15.699480260025247, "mae": 1.2084082393204099, "r2_score": -1.8456906732966516e-05, "kendalltau": 0.08666900294559282, "pearsonr": 0.0318015781853405, "spearmanr": 0.12656446035872157}, "test_metrics": {"mse": 11.032020257861546, "mae": 1.0987769381889119, "r2": -0.0013607668378521343, "kendalltau": 0.10189449695079016, "pearsonr": 0.0107291967019134, "spearmanr": 0.14889677884356076}, "total_time": 5.5354, "epochs": 50}