{"arquitecture": "D", "trainable_params": 19329, "non_trainable_params": 0, "train_metrics": {"mse": 5.699451787136973, "mae": 0.5269502549654524, "r2_score": 0.6369588746259635, "kendalltau": 0.15490901819330327, "pearsonr": 0.8074762258713377, "spearmanr": 0.2199118758278328}, "test_metrics": {"mse": 2.7222288229963225, "mae": 0.3989981441279939, "r2": 0.7529071667756257, "kendalltau": 0.18267158613074055, "pearsonr": 0.8722382971157678, "spearmanr": 0.26059423573963364}, "total_time": 5.5138, "epochs": 50}