{"arquitecture": "B", "trainable_params": 132881, "non_trainable_params": 0, "train_metrics": {"mse": 15.551213874346626, "mae": 1.35610052125492, "r2_score": 0.009425748873441941, "kendalltau": 0.08490745346800035, "pearsonr": 0.3500220777999997, "spearmanr": 0.1116414307721108}, "test_metrics": {"mse": 10.944127291077022, "mae": 1.2454234392827837, "r2": 0.006617152578701435, "kendalltau": -0.0030025713144518204, "pearsonr": 0.3405054592407937, "spearmanr": -0.007499481793896237}, "total_time": 4.6712, "epochs": 30}