{"arquitecture": "C", "trainable_params": 19329, "non_trainable_params": 0, "train_metrics": {"mse": 5.219102418772918, "mae": 0.453323183428125, "r2_score": 0.6675559533936382, "kendalltau": 0.17900955690587184, "pearsonr": 0.8493845411772315, "spearmanr": 0.26449882388357265}, "test_metrics": {"mse": 2.7761114593208833, "mae": 0.3741351432263246, "r2": 0.7480163166169018, "kendalltau": 0.09929866822010162, "pearsonr": 0.8732882163945374, "spearmanr": 0.14639177651422505}, "total_time": 5.8563, "epochs": 50}