{"arquitecture": "A", "trainable_params": 132881, "non_trainable_params": 0, "train_metrics": {"mse": 7.974332658829541, "mae": 1.231008984489013, "r2_score": 0.49205453248992725, "kendalltau": 0.15069781295030488, "pearsonr": 0.727953404218964, "spearmanr": 0.20553250069724252}, "test_metrics": {"mse": 4.972197575836699, "mae": 1.1952812284059213, "r2": 0.548680707519452, "kendalltau": 0.17636315347007409, "pearsonr": 0.7632764940471646, "spearmanr": 0.23611764388793596}, "total_time": 6.622, "epochs": 30}