{"arquitecture": "D", "trainable_params": 19649, "non_trainable_params": 0, "train_metrics": {"mse": 15.697340066739175, "mae": 1.172768279916963, "r2_score": 0.000117868165942836, "kendalltau": 0.1288432053199164, "pearsonr": 0.20115091240741592, "spearmanr": 0.19389136925826908}, "test_metrics": {"mse": 11.02178530743447, "mae": 1.0628036720752758, "r2": -0.0004317549643557683, "kendalltau": 0.023748332628656024, "pearsonr": 0.20490512031123762, "spearmanr": 0.04957652687110398}, "total_time": 5.8121, "epochs": 30}