{"arquitecture": "A", "trainable_params": 79633, "non_trainable_params": 0, "train_metrics": {"mse": 15.682307801237409, "mae": 1.1174222110047929, "r2_score": 0.0010753866762316378, "kendalltau": 0.01615254048169614, "pearsonr": 0.5310687511708002, "spearmanr": 0.00777549455896674}, "test_metrics": {"mse": 10.9971832152912, "mae": 1.0071921150758327, "r2": 0.0018013419008212628, "kendalltau": -0.015468027120419007, "pearsonr": 0.5621954727343454, "spearmanr": -0.048620297412092124}, "total_time": 6.2752, "epochs": 50}