{"arquitecture": "C", "trainable_params": 18817, "non_trainable_params": 0, "train_metrics": {"mse": 15.6996392601674, "mae": 1.2122438040533574, "r2_score": -2.858482652201566e-05, "kendalltau": -0.043926445045725244, "pearsonr": 0.12309489364543308, "spearmanr": -0.06275697658372104}, "test_metrics": {"mse": 11.03307475623851, "mae": 1.1026267509072367, "r2": -0.0014564821536966477, "kendalltau": -0.05195422300745553, "pearsonr": 0.11302833712248403, "spearmanr": -0.07759461672779006}, "total_time": 5.9733, "epochs": 50}