{"arquitecture": "B", "trainable_params": 112401, "non_trainable_params": 0, "train_metrics": {"mse": 5.3737659543081, "mae": 0.438795308581884, "r2_score": 0.6577042648291797, "kendalltau": 0.13257518563808757, "pearsonr": 0.8114469645949148, "spearmanr": 0.17794922019481615}, "test_metrics": {"mse": 2.5947730045449235, "mae": 0.3369548787179259, "r2": 0.7644761498919764, "kendalltau": 0.0965083574454378, "pearsonr": 0.8769598517564486, "spearmanr": 0.12770178406402033}, "total_time": 5.1787, "epochs": 50}