{"arquitecture": "A", "trainable_params": 112401, "non_trainable_params": 0, "train_metrics": {"mse": 15.69231960400989, "mae": 1.2208364251521897, "r2_score": 0.00043765935064088435, "kendalltau": 0.10609161315711337, "pearsonr": 0.02341794169440323, "spearmanr": 0.1308520128364005}, "test_metrics": {"mse": 11.022158676550356, "mae": 1.1026957071117778, "r2": -0.0004656451472468959, "kendalltau": 0.1832760247763088, "pearsonr": 0.03253934103493554, "spearmanr": 0.2247399321270653}, "total_time": 5.9511, "epochs": 50}