{"arquitecture": "B", "trainable_params": 112401, "non_trainable_params": 0, "train_metrics": {"mse": 14.99995445726419, "mae": 1.0312045668178857, "r2_score": 0.044539624141641254, "kendalltau": 0.06967170083259366, "pearsonr": 0.4657983510634595, "spearmanr": 0.0886037704192446}, "test_metrics": {"mse": 10.553216400567212, "mae": 0.9247966534860417, "r2": 0.042099577369140384, "kendalltau": 0.07037403797277078, "pearsonr": 0.38687057657779456, "spearmanr": 0.0894119465770489}, "total_time": 4.4578, "epochs": 50}