{"arquitecture": "A", "trainable_params": 79633, "non_trainable_params": 0, "train_metrics": {"mse": 11.845664324024463, "mae": 1.2104470316519182, "r2_score": 0.24546018325787344, "kendalltau": 0.03456187949539617, "pearsonr": 0.5506235223017534, "spearmanr": 0.047512372196864314}, "test_metrics": {"mse": 8.059505901819719, "mae": 1.1973445953784732, "r2": 0.26845012776066335, "kendalltau": -0.008143188152703614, "pearsonr": 0.54412538842683, "spearmanr": -0.012732692214476036}, "total_time": 5.7394, "epochs": 50}