{"arquitecture": "D", "trainable_params": 19329, "non_trainable_params": 0, "train_metrics": {"mse": 6.230278230962878, "mae": 0.6060953158731899, "r2_score": 0.6031465297299538, "kendalltau": -0.017472612782625213, "pearsonr": 0.8006195815024221, "spearmanr": -0.01792171188316545}, "test_metrics": {"mse": 3.1220581232916613, "mae": 0.5468032843004585, "r2": 0.716615230630687, "kendalltau": -0.02399024151243828, "pearsonr": 0.8692414680445261, "spearmanr": -0.029424055001776694}, "total_time": 5.5479, "epochs": 50}