{"arquitecture": "C", "trainable_params": 19329, "non_trainable_params": 0, "train_metrics": {"mse": 5.387084328407797, "mae": 0.522953604531885, "r2_score": 0.656855917005233, "kendalltau": 0.11485256726715772, "pearsonr": 0.813288704263771, "spearmanr": 0.16353537679510707}, "test_metrics": {"mse": 2.591239436224371, "mae": 0.4217959355819251, "r2": 0.7647968868558721, "kendalltau": 0.11649370120009536, "pearsonr": 0.876150571241003, "spearmanr": 0.17401992153842075}, "total_time": 5.832, "epochs": 50}