{"arquitecture": "D", "trainable_params": 18817, "non_trainable_params": 0, "train_metrics": {"mse": 188616.16472927696, "mae": 201.0075235755106, "r2_score": -12013.387920886138, "kendalltau": -0.07234050589588645, "pearsonr": -0.054651670652261675, "spearmanr": -0.1075033678934075}, "test_metrics": {"mse": 82661.77189927566, "mae": 177.52561014736867, "r2": -7502.091307165465, "kendalltau": -0.07912836928691715, "pearsonr": -0.06698289168804225, "spearmanr": -0.12016505864034766}, "total_time": 5.411, "epochs": 50}