{"arquitecture": "C", "trainable_params": 18817, "non_trainable_params": 0, "train_metrics": {"mse": 9121820745.244806, "mae": 63550.10131626735, "r2_score": -581037648.3205557, "kendalltau": 0.2536660742303569, "pearsonr": 0.1955696074507944, "spearmanr": 0.36669610892388593}, "test_metrics": {"mse": 6402114229.19997, "mae": 56824.37959570567, "r2": -581110789.5976493, "kendalltau": 0.2734766216405259, "pearsonr": 0.23047053715328789, "spearmanr": 0.38785126402122194}, "total_time": 5.9173, "epochs": 50}