{"arquitecture": "C", "trainable_params": 18817, "non_trainable_params": 0, "train_metrics": {"mse": 7339200228.580367, "mae": 58621.78635066712, "r2_score": -467489085.64207447, "kendalltau": 0.08577413950745648, "pearsonr": -0.009199009017114363, "spearmanr": 0.14724217371628148}, "test_metrics": {"mse": 7199626188.103943, "mae": 60759.046817987146, "r2": -653499814.278904, "kendalltau": 0.06869519219427649, "pearsonr": -0.016627991746119303, "spearmanr": 0.11953771360259748}, "total_time": 5.9314, "epochs": 50}