{"arquitecture": "A", "trainable_params": 79633, "non_trainable_params": 0, "train_metrics": {"mse": 10.568687799385552, "mae": 1.3314798589449612, "r2_score": 0.326800461568047, "kendalltau": 0.15384708336913236, "pearsonr": 0.5931085546867295, "spearmanr": 0.22806928859935405}, "test_metrics": {"mse": 7.810682405534547, "mae": 1.391660036444914, "r2": 0.2910354821403237, "kendalltau": 0.1282444662293651, "pearsonr": 0.5412294860021504, "spearmanr": 0.18465595781419678}, "total_time": 5.7846, "epochs": 50}