{"arquitecture": "B", "trainable_params": 79633, "non_trainable_params": 0, "train_metrics": {"mse": 14.443356347615762, "mae": 1.1899933573822263, "r2_score": 0.07999356105604272, "kendalltau": 0.056450197980662795, "pearsonr": 0.3014637189804959, "spearmanr": 0.07971681868591654}, "test_metrics": {"mse": 10.108844378213636, "mae": 1.0930669372751816, "r2": 0.08243459295689437, "kendalltau": 0.010796093586166917, "pearsonr": 0.29301104457611327, "spearmanr": 0.016236376379392507}, "total_time": 4.2717, "epochs": 50}