{"arquitecture": "C", "trainable_params": 19329, "non_trainable_params": 0, "train_metrics": {"mse": 4.017748456853294, "mae": 0.494453271189735, "r2_score": 0.7440792595986628, "kendalltau": -0.01029467455841161, "pearsonr": 0.871947749769079, "spearmanr": -0.01811823328347295}, "test_metrics": {"mse": 2.1570273537777904, "mae": 0.4132450293935728, "r2": 0.8042096991682066, "kendalltau": 0.060324387317622935, "pearsonr": 0.8971010664046309, "spearmanr": 0.08948631356307056}, "total_time": 5.8468, "epochs": 50}