{"arquitecture": "A", "trainable_params": 112401, "non_trainable_params": 0, "train_metrics": {"mse": 15.622427067359064, "mae": 1.2280401552185904, "r2_score": 0.004889642823547424, "kendalltau": -0.2549721468806858, "pearsonr": 0.07074765426499277, "spearmanr": -0.31229878105283715}, "test_metrics": {"mse": 10.986423295259183, "mae": 1.1188854857035426, "r2": 0.0027780045176885038, "kendalltau": -0.2756139260635483, "pearsonr": 0.06939315172586012, "spearmanr": -0.33438190369460646}, "total_time": 5.8919, "epochs": 50}