{"arquitecture": "B", "trainable_params": 79633, "non_trainable_params": 0, "train_metrics": {"mse": 14.532024357301815, "mae": 1.2072673855559442, "r2_score": 0.07434562591713156, "kendalltau": 0.03939884399787287, "pearsonr": 0.2813399203064451, "spearmanr": 0.061995576347358375}, "test_metrics": {"mse": 9.985564227111995, "mae": 1.0553390821743245, "r2": 0.0936245566949554, "kendalltau": 0.062990518885511, "pearsonr": 0.31718466081982105, "spearmanr": 0.10066353980025315}, "total_time": 4.1903, "epochs": 50}