{"arquitecture": "D", "trainable_params": 19329, "non_trainable_params": 0, "train_metrics": {"mse": 5.397120226974819, "mae": 0.5363556928739063, "r2_score": 0.6562166548365216, "kendalltau": 0.07428499380492264, "pearsonr": 0.8143461883972811, "spearmanr": 0.11385526745379429}, "test_metrics": {"mse": 2.530951884289388, "mae": 0.4367894334016352, "r2": 0.7702691020825775, "kendalltau": 0.0856187759666413, "pearsonr": 0.8806041511756978, "spearmanr": 0.13026129454593413}, "total_time": 5.5008, "epochs": 50}