{"arquitecture": "C", "trainable_params": 18817, "non_trainable_params": 0, "train_metrics": {"mse": 33011452.153143533, "mae": 3843.9741691436225, "r2_score": -2102747.6831200332, "kendalltau": 0.08174071601614141, "pearsonr": 0.003879789348040836, "spearmanr": 0.12849996297995647}, "test_metrics": {"mse": 23333879.04104876, "mae": 3440.3636811401266, "r2": -2117981.968096496, "kendalltau": 0.1266842462673258, "pearsonr": 0.008347710797030249, "spearmanr": 0.20924840349671853}, "total_time": 5.8208, "epochs": 50}