{"arquitecture": "B", "trainable_params": 112401, "non_trainable_params": 0, "train_metrics": {"mse": 15.696623723575982, "mae": 1.2524926563601797, "r2_score": 0.00016349747167831996, "kendalltau": -0.04932010765882856, "pearsonr": 0.023067984847316113, "spearmanr": -0.0603053551521511}, "test_metrics": {"mse": 11.042350803262377, "mae": 1.1451352202097616, "r2": -0.0022984557309682074, "kendalltau": -0.132933390237923, "pearsonr": 0.018445869094495346, "spearmanr": -0.1628320929145688}, "total_time": 4.3117, "epochs": 50}