{"arquitecture": "A", "trainable_params": 112401, "non_trainable_params": 0, "train_metrics": {"mse": 11.793361144423402, "mae": 0.9059144965404571, "r2_score": 0.2487917677491861, "kendalltau": 0.004322413022474758, "pearsonr": 0.7225088370883296, "spearmanr": 0.010486386679193327}, "test_metrics": {"mse": 8.532159118585577, "mae": 0.8610429405814127, "r2": 0.2255480684346065, "kendalltau": -0.04234226339072284, "pearsonr": 0.6480980908426127, "spearmanr": -0.04174035182385953}, "total_time": 5.8598, "epochs": 50}