{"arquitecture": "B", "trainable_params": 112401, "non_trainable_params": 0, "train_metrics": {"mse": 14.963142532817866, "mae": 1.0592691459112982, "r2_score": 0.046884453605474774, "kendalltau": 0.14636919349515348, "pearsonr": 0.30188799388751075, "spearmanr": 0.18801325859358575}, "test_metrics": {"mse": 10.515038801292143, "mae": 0.9855354005505419, "r2": 0.04556490368223054, "kendalltau": 0.15436169633181224, "pearsonr": 0.24838460004650623, "spearmanr": 0.1971418293185155}, "total_time": 4.4078, "epochs": 50}