{"arquitecture": "B", "trainable_params": 79633, "non_trainable_params": 0, "train_metrics": {"mse": 14.747810511379669, "mae": 1.5365772411816236, "r2_score": 0.06060057619263659, "kendalltau": -0.0018639120344173868, "pearsonr": 0.292181378103851, "spearmanr": -0.0003524766751431876}, "test_metrics": {"mse": 10.458045897959613, "mae": 1.445469390353726, "r2": 0.05073806834757899, "kendalltau": 0.0479952207071587, "pearsonr": 0.29678716134558486, "spearmanr": 0.07526307702688252}, "total_time": 4.1406, "epochs": 50}