{"arquitecture": "B", "trainable_params": 112401, "non_trainable_params": 0, "train_metrics": {"mse": 15.69666416919146, "mae": 1.1696698557190397, "r2_score": 0.00016092118499166919, "kendalltau": -0.008148391570411612, "pearsonr": 0.015126304832406857, "spearmanr": -0.010032061814451073}, "test_metrics": {"mse": 11.022533776020106, "mae": 1.061837820648397, "r2": -0.0004996923918938467, "kendalltau": 0.055198291718160056, "pearsonr": 0.01048153379495756, "spearmanr": 0.06742299649957441}, "total_time": 4.5342, "epochs": 50}