{"arquitecture": "D", "trainable_params": 18817, "non_trainable_params": 0, "train_metrics": {"mse": 4456883.53136373, "mae": 1432.9797926161368, "r2_score": -283891.5695518675, "kendalltau": -0.1273639580418706, "pearsonr": 0.03162161909605428, "spearmanr": -0.1891778709265235}, "test_metrics": {"mse": 3772657.6948610097, "mae": 1425.4360729492032, "r2": -342437.7658870229, "kendalltau": -0.11282560958423275, "pearsonr": 0.050734430140837415, "spearmanr": -0.16530125239204774}, "total_time": 5.4334, "epochs": 50}