{"arquitecture": "D", "trainable_params": 18817, "non_trainable_params": 0, "train_metrics": {"mse": 26990483516.40464, "mae": 118361.01977435047, "r2_score": -1719227720.5677824, "kendalltau": -0.0698293386533597, "pearsonr": -0.10644503049651782, "spearmanr": -0.1056169935226507}, "test_metrics": {"mse": 23822688442.80101, "mae": 113217.94960051024, "r2": -2162351500.3238873, "kendalltau": -0.08634667204287204, "pearsonr": -0.138721597018627, "spearmanr": -0.1309906923697696}, "total_time": 5.5293, "epochs": 50}