{"arquitecture": "B", "trainable_params": 79633, "non_trainable_params": 0, "train_metrics": {"mse": 14.335695444829692, "mae": 1.30712957118627, "r2_score": 0.08685129698679483, "kendalltau": 0.09641752649706065, "pearsonr": 0.29484336073170775, "spearmanr": 0.1446787371114386}, "test_metrics": {"mse": 9.979373379832778, "mae": 1.1789323306605903, "r2": 0.09418649108539268, "kendalltau": 0.12859815170744535, "pearsonr": 0.30952550219099945, "spearmanr": 0.18902392846917168}, "total_time": 4.1319, "epochs": 50}