{"arquitecture": "A", "trainable_params": 112401, "non_trainable_params": 0, "train_metrics": {"mse": 12.635406506083452, "mae": 0.8655084320895038, "r2_score": 0.1951555397170487, "kendalltau": 0.19154891432882934, "pearsonr": 0.6338592133150703, "spearmanr": 0.25262235422248125}, "test_metrics": {"mse": 8.521105348020246, "mae": 0.7854941628105981, "r2": 0.2265514034458762, "kendalltau": 0.2009521724299794, "pearsonr": 0.6332130904974195, "spearmanr": 0.27269467438717787}, "total_time": 5.8742, "epochs": 50}