{"arquitecture": "B", "trainable_params": 112401, "non_trainable_params": 0, "train_metrics": {"mse": 15.11418929602621, "mae": 1.070304637319346, "r2_score": 0.03726314458361035, "kendalltau": -0.057150038398283774, "pearsonr": 0.22706803263252023, "spearmanr": -0.08282170323275351}, "test_metrics": {"mse": 10.596239453110945, "mae": 1.0166503504898128, "r2": 0.038194436163820566, "kendalltau": -0.10992324424449551, "pearsonr": 0.2106640344207784, "spearmanr": -0.15328987063635116}, "total_time": 4.4859, "epochs": 50}