{"arquitecture": "A", "trainable_params": 79633, "non_trainable_params": 0, "train_metrics": {"mse": 12.808539521188278, "mae": 1.2510668365954056, "r2_score": 0.1841273905212064, "kendalltau": 0.08853908295740703, "pearsonr": 0.45549654372498893, "spearmanr": 0.13359392835510076}, "test_metrics": {"mse": 8.920412328443573, "mae": 1.256402223420818, "r2": 0.19030687753182418, "kendalltau": -0.04386168804136481, "pearsonr": 0.44396471819508443, "spearmanr": -0.06374617923565622}, "total_time": 7.0788, "epochs": 50}