{"arquitecture": "D", "trainable_params": 19329, "non_trainable_params": 0, "train_metrics": {"mse": 5.724907034796825, "mae": 0.606870917035417, "r2_score": 0.6353374376698752, "kendalltau": -0.09561880400691972, "pearsonr": 0.808032428611268, "spearmanr": -0.14730552600980162}, "test_metrics": {"mse": 2.7015368120542047, "mae": 0.48722504020414475, "r2": 0.7547853511389704, "kendalltau": -0.06942308827050724, "pearsonr": 0.8777024666297614, "spearmanr": -0.10702296646512723}, "total_time": 5.5479, "epochs": 50}