{"arquitecture": "B", "trainable_params": 79633, "non_trainable_params": 0, "train_metrics": {"mse": 13.99786058842748, "mae": 1.381194553817892, "r2_score": 0.10837055024824682, "kendalltau": 0.15282702801859765, "pearsonr": 0.33318104879931837, "spearmanr": 0.20793420830584639}, "test_metrics": {"mse": 9.849104986844608, "mae": 1.2493860720869912, "r2": 0.10601076758673533, "kendalltau": 0.21448441473863275, "pearsonr": 0.3353069913559648, "spearmanr": 0.2980354809581805}, "total_time": 4.458, "epochs": 50}