{"arquitecture": "D", "trainable_params": 19329, "non_trainable_params": 0, "train_metrics": {"mse": 5.376698037535363, "mae": 0.535493351590066, "r2_score": 0.6575174983059645, "kendalltau": -0.01389475502999862, "pearsonr": 0.8112248440855652, "spearmanr": -0.020372727668075605}, "test_metrics": {"mse": 2.737855842994919, "mae": 0.43203798492485235, "r2": 0.7514887244265888, "kendalltau": -0.023019713410797286, "pearsonr": 0.8676904174595167, "spearmanr": -0.03548675938609574}, "total_time": 5.7492, "epochs": 50}