{"arquitecture": "C", "trainable_params": 19329, "non_trainable_params": 0, "train_metrics": {"mse": 6.131318413715112, "mae": 0.5485150375872857, "r2_score": 0.6094500278140186, "kendalltau": 0.08522968289292635, "pearsonr": 0.8078541783737244, "spearmanr": 0.13271672794800465}, "test_metrics": {"mse": 2.9366015269866605, "mae": 0.45732742287113815, "r2": 0.7334488617472339, "kendalltau": 0.10593920809474956, "pearsonr": 0.8806053691118267, "spearmanr": 0.16395479076283975}, "total_time": 5.8526, "epochs": 50}