{"arquitecture": "D", "trainable_params": 19329, "non_trainable_params": 0, "train_metrics": {"mse": 6.277881018399091, "mae": 0.550981327901145, "r2_score": 0.6001143487119851, "kendalltau": -0.0583957497482269, "pearsonr": 0.8098558713126047, "spearmanr": -0.07373315687281776}, "test_metrics": {"mse": 3.225028727131326, "mae": 0.4803612541532407, "r2": 0.7072687355724346, "kendalltau": -0.09065339049390395, "pearsonr": 0.8754791659241944, "spearmanr": -0.11611195535188579}, "total_time": 5.5363, "epochs": 50}