{"arquitecture": "A", "trainable_params": 132881, "non_trainable_params": 0, "train_metrics": {"mse": 15.691199426929673, "mae": 1.225219070092531, "r2_score": 0.0005090118882197237, "kendalltau": -0.2378757796710885, "pearsonr": 0.03932936327927449, "spearmanr": -0.290858719822603}, "test_metrics": {"mse": 11.025699258823517, "mae": 1.1115389783197636, "r2": -0.0007870187576315413, "kendalltau": -0.31381732284772845, "pearsonr": 0.04643054684380179, "spearmanr": -0.38332914071307667}, "total_time": 6.4853, "epochs": 30}