{"arquitecture": "A", "trainable_params": 79633, "non_trainable_params": 0, "train_metrics": {"mse": 9.875421042989128, "mae": 1.1648330808978793, "r2_score": 0.3709598566864667, "kendalltau": 0.06768408640239597, "pearsonr": 0.6295177543502537, "spearmanr": 0.08161040850902092}, "test_metrics": {"mse": 6.8690373922043415, "mae": 1.1031456069636463, "r2": 0.3765072588953957, "kendalltau": 0.10508211542403668, "pearsonr": 0.626705967377463, "spearmanr": 0.13503935638777076}, "total_time": 5.6786, "epochs": 50}