{"arquitecture": "A", "trainable_params": 132881, "non_trainable_params": 0, "train_metrics": {"mse": 15.68649434632265, "mae": 1.1112324583155613, "r2_score": 0.0008087140038518514, "kendalltau": -0.22909743044667358, "pearsonr": 0.039995839287542446, "spearmanr": -0.2806231326658544}, "test_metrics": {"mse": 10.994825447110136, "mae": 0.9872667085235475, "r2": 0.002015353160647715, "kendalltau": -0.31729274028697724, "pearsonr": 0.046430542797588986, "spearmanr": -0.390398032995886}, "total_time": 6.3789, "epochs": 30}