{"arquitecture": "A", "trainable_params": 79633, "non_trainable_params": 0, "train_metrics": {"mse": 10.557230342429216, "mae": 1.25020080230448, "r2_score": 0.32753027352588127, "kendalltau": 0.07240121570936768, "pearsonr": 0.605578942747353, "spearmanr": 0.11146862869671316}, "test_metrics": {"mse": 7.338774939978258, "mae": 1.170973778979754, "r2": 0.333869850691198, "kendalltau": 0.0551606072368891, "pearsonr": 0.5927782680290418, "spearmanr": 0.08443433366731695}, "total_time": 5.9551, "epochs": 50}