{"arquitecture": "C", "trainable_params": 18817, "non_trainable_params": 0, "train_metrics": {"mse": 1072350578.1780537, "mae": 25580.372772894527, "r2_score": -68306105.48832624, "kendalltau": 0.010550235826456368, "pearsonr": 0.09295428005346895, "spearmanr": 0.014725625811675143}, "test_metrics": {"mse": 1264197672.3870206, "mae": 28144.548296674064, "r2": -114749421.23333816, "kendalltau": -0.022473791353624227, "pearsonr": 0.11221566106121571, "spearmanr": -0.039678612524132434}, "total_time": 6.0804, "epochs": 50}