{"arquitecture": "C", "trainable_params": 19329, "non_trainable_params": 0, "train_metrics": {"mse": 5.53535991654367, "mae": 0.4696562398600007, "r2_score": 0.6474111250510607, "kendalltau": -0.03051734881238801, "pearsonr": 0.8182860301899391, "spearmanr": -0.04228263560619363}, "test_metrics": {"mse": 2.646752152360133, "mae": 0.3784948702001583, "r2": 0.7597580766742695, "kendalltau": 0.01555877862943216, "pearsonr": 0.8834052701989941, "spearmanr": 0.022706045912286827}, "total_time": 5.8151, "epochs": 50}