{"arquitecture": "B", "trainable_params": 79633, "non_trainable_params": 0, "train_metrics": {"mse": 14.795889828999474, "mae": 1.366878416777027, "r2_score": 0.05753804136862006, "kendalltau": 0.05331762587531103, "pearsonr": 0.26376407223698545, "spearmanr": 0.08401327185771809}, "test_metrics": {"mse": 10.616034870176458, "mae": 1.2806760130451538, "r2": 0.03639763434971299, "kendalltau": 0.0146331948556483, "pearsonr": 0.21672169581861395, "spearmanr": 0.03701770601131763}, "total_time": 4.2169, "epochs": 50}