{"arquitecture": "B", "trainable_params": 79633, "non_trainable_params": 0, "train_metrics": {"mse": 14.5421408466303, "mae": 1.3903459223261299, "r2_score": 0.07370123031421827, "kendalltau": 0.0428394277056484, "pearsonr": 0.2934246452152358, "spearmanr": 0.06513501285311098}, "test_metrics": {"mse": 10.211200894608776, "mae": 1.319615214402201, "r2": 0.073143837741389, "kendalltau": -0.03058895004065785, "pearsonr": 0.29121894401198334, "spearmanr": -0.03904836251253032}, "total_time": 5.0122, "epochs": 50}