{"arquitecture": "A", "trainable_params": 79633, "non_trainable_params": 0, "train_metrics": {"mse": 11.74355687581481, "mae": 1.311987292063444, "r2_score": 0.2519641777281425, "kendalltau": 0.016073433883870374, "pearsonr": 0.520769801021336, "spearmanr": 0.02928798301170047}, "test_metrics": {"mse": 7.975483733416104, "mae": 1.2107628072898273, "r2": 0.2760767003210306, "kendalltau": -0.016595045552951763, "pearsonr": 0.5338840558908978, "spearmanr": -0.02699261111134189}, "total_time": 5.8303, "epochs": 50}