{"arquitecture": "C", "trainable_params": 19329, "non_trainable_params": 0, "train_metrics": {"mse": 5.430593595019588, "mae": 0.48810799131262667, "r2_score": 0.6540844832419731, "kendalltau": 0.026139473177186522, "pearsonr": 0.8106147637197028, "spearmanr": 0.04340052987630787}, "test_metrics": {"mse": 2.3985906132066845, "mae": 0.38661660593915287, "r2": 0.7822833461478527, "kendalltau": 0.02068469509044267, "pearsonr": 0.8855817904718059, "spearmanr": 0.03776984758115443}, "total_time": 5.9362, "epochs": 50}