{"arquitecture": "D", "trainable_params": 19329, "non_trainable_params": 0, "train_metrics": {"mse": 5.364377636349739, "mae": 0.4311333641915646, "r2_score": 0.658302277698534, "kendalltau": -0.015472568076187986, "pearsonr": 0.8181873140134307, "spearmanr": -0.03174984228520559}, "test_metrics": {"mse": 2.530653215117271, "mae": 0.3265399880404486, "r2": 0.7702962118579614, "kendalltau": -0.06478373711610784, "pearsonr": 0.8817798529034332, "spearmanr": -0.11195384813242783}, "total_time": 5.4729, "epochs": 50}