{"arquitecture": "A", "trainable_params": 112401, "non_trainable_params": 0, "train_metrics": {"mse": 15.62129090211789, "mae": 1.2131223841084833, "r2_score": 0.0049620137678368925, "kendalltau": -0.23737133089163046, "pearsonr": 0.07166496327055472, "spearmanr": -0.2911913817065625}, "test_metrics": {"mse": 10.982887163592524, "mae": 1.106403231242742, "r2": 0.003098974152859424, "kendalltau": -0.27276580991310734, "pearsonr": 0.06807620434264301, "spearmanr": -0.3365457624291867}, "total_time": 6.1333, "epochs": 50}