{"arquitecture": "B", "trainable_params": 112401, "non_trainable_params": 0, "train_metrics": {"mse": 10.536287638671574, "mae": 0.747985911035465, "r2_score": 0.32886427248306316, "kendalltau": -0.04190104794977917, "pearsonr": 0.7576149647619868, "spearmanr": -0.05261516496917248}, "test_metrics": {"mse": 6.730836925399159, "mae": 0.6781205708863118, "r2": 0.3890515184401304, "kendalltau": -0.025846547597854746, "pearsonr": 0.8057642721944621, "spearmanr": -0.03529745124948493}, "total_time": 4.2478, "epochs": 50}