{"arquitecture": "D", "trainable_params": 18817, "non_trainable_params": 0, "train_metrics": {"mse": 4837004755.872999, "mae": 49029.946539055556, "r2_score": -308105359.9357426, "kendalltau": 0.01179470808823953, "pearsonr": 0.06965386275482194, "spearmanr": 0.021412249951980992}, "test_metrics": {"mse": 6114321455.023185, "mae": 52486.355796550306, "r2": -554988249.3643956, "kendalltau": 0.050497790288507885, "pearsonr": 0.07062082865864525, "spearmanr": 0.08157931961651878}, "total_time": 5.8634, "epochs": 50}