{"arquitecture": "D", "trainable_params": 19329, "non_trainable_params": 0, "train_metrics": {"mse": 5.717841765643778, "mae": 0.47744998431896135, "r2_score": 0.6357874780176471, "kendalltau": -0.0005166782158296168, "pearsonr": 0.8162901691553577, "spearmanr": 0.008667105413421522}, "test_metrics": {"mse": 2.699056079278868, "mae": 0.39386755384347694, "r2": 0.755010523719891, "kendalltau": -0.03727434490364936, "pearsonr": 0.8868900253769662, "spearmanr": -0.04722527625680097}, "total_time": 5.5247, "epochs": 50}