{"arquitecture": "D", "trainable_params": 19329, "non_trainable_params": 0, "train_metrics": {"mse": 3.7493528104529736, "mae": 0.46108263591988485, "r2_score": 0.7611754051849055, "kendalltau": -0.04977333479158642, "pearsonr": 0.8751634702577116, "spearmanr": -0.06709159181057794}, "test_metrics": {"mse": 2.445011584227842, "mae": 0.4034669877686661, "r2": 0.7780697807217034, "kendalltau": 0.0215639212583358, "pearsonr": 0.888538178475447, "spearmanr": 0.03931968029362021}, "total_time": 5.544, "epochs": 50}