{"arquitecture": "D", "trainable_params": 18817, "non_trainable_params": 0, "train_metrics": {"mse": 24674664.373711474, "mae": 3547.57411083523, "r2_score": -1571714.7117945768, "kendalltau": 0.08136292979381439, "pearsonr": 0.04432769317704075, "spearmanr": 0.11515474595731137}, "test_metrics": {"mse": 28489736.906737868, "mae": 3539.5525612351053, "r2": -2585971.843515216, "kendalltau": 0.03982198117045697, "pearsonr": 0.040009126493285294, "spearmanr": 0.050906166472725806}, "total_time": 5.3977, "epochs": 50}