{"arquitecture": "C", "trainable_params": 18817, "non_trainable_params": 0, "train_metrics": {"mse": 3638770.003911137, "mae": 1213.5296924618622, "r2_score": -231779.74076853995, "kendalltau": 0.029395101504887125, "pearsonr": 0.023402026103450102, "spearmanr": 0.04482112872214772}, "test_metrics": {"mse": 3022527.1714249323, "mae": 1156.0571939106246, "r2": -274349.4866218402, "kendalltau": -0.05911122719057169, "pearsonr": 0.014313843429097682, "spearmanr": -0.08757457130318556}, "total_time": 5.7599, "epochs": 50}