{"arquitecture": "A", "trainable_params": 79633, "non_trainable_params": 0, "train_metrics": {"mse": 12.214132447083728, "mae": 1.249140501127046, "r2_score": 0.22198966590710023, "kendalltau": 0.14522547980501233, "pearsonr": 0.49397453802671204, "spearmanr": 0.21041014851157044}, "test_metrics": {"mse": 8.247342523222464, "mae": 1.2173794130190558, "r2": 0.2514004651556616, "kendalltau": 0.1705585117683178, "pearsonr": 0.5137915029546354, "spearmanr": 0.23029202687479425}, "total_time": 6.2122, "epochs": 50}