{"arquitecture": "C", "trainable_params": 19329, "non_trainable_params": 0, "train_metrics": {"mse": 5.469743617994433, "mae": 0.5607099900451212, "r2_score": 0.6515907226260338, "kendalltau": -0.0016611482422909183, "pearsonr": 0.8123751510111918, "spearmanr": -0.004414386712142394}, "test_metrics": {"mse": 2.8679427729569693, "mae": 0.4851905317634347, "r2": 0.7396809190656846, "kendalltau": 0.014648908534143728, "pearsonr": 0.8707973057166317, "spearmanr": 0.009896673779371784}, "total_time": 5.8514, "epochs": 50}