{"arquitecture": "A", "trainable_params": 132881, "non_trainable_params": 0, "train_metrics": {"mse": 15.675523953078033, "mae": 1.2150504775082394, "r2_score": 0.0015075011956851014, "kendalltau": -0.2378757796710885, "pearsonr": 0.03932936327927469, "spearmanr": -0.290858719822603}, "test_metrics": {"mse": 11.005180677401263, "mae": 1.0881921553232914, "r2": 0.0010754236551958618, "kendalltau": -0.31729274028697724, "pearsonr": 0.046430542952778875, "spearmanr": -0.390398032995886}, "total_time": 6.3681, "epochs": 30}