{"arquitecture": "A", "trainable_params": 132881, "non_trainable_params": 0, "train_metrics": {"mse": 15.699617647636497, "mae": 1.2231375773780213, "r2_score": -2.7208161215597215e-05, "kendalltau": -0.018469039007856167, "pearsonr": 0.006711906593390214, "spearmanr": -0.02263777814076674}, "test_metrics": {"mse": 11.037842826572133, "mae": 1.115339922622197, "r2": -0.0018892731071225022, "kendalltau": 0.057305335703892124, "pearsonr": -0.011157632476441626, "spearmanr": 0.0704340019807861}, "total_time": 6.4474, "epochs": 30}