{"arquitecture": "A", "trainable_params": 112401, "non_trainable_params": 0, "train_metrics": {"mse": 9.804705856095653, "mae": 0.6124467016497168, "r2_score": 0.3754642409658079, "kendalltau": 0.2245998836230668, "pearsonr": 0.8108863826532776, "spearmanr": 0.2754664226798287}, "test_metrics": {"mse": 6.001415280846218, "mae": 0.5439569874127748, "r2": 0.45526008226298587, "kendalltau": 0.22037381698553382, "pearsonr": 0.8854762686669714, "spearmanr": 0.2694242914494273}, "total_time": 5.8332, "epochs": 50}