{"arquitecture": "D", "trainable_params": 18817, "non_trainable_params": 0, "train_metrics": {"mse": 128030670.02545483, "mae": 6766.100338062526, "r2_score": -8155239.234391336, "kendalltau": 0.07205161054940108, "pearsonr": 0.07717159004284786, "spearmanr": 0.10391382639238218}, "test_metrics": {"mse": 114967130.10585716, "mae": 6783.905586349196, "r2": -10435401.66180257, "kendalltau": 0.0067633677083106655, "pearsonr": 0.08014698113157391, "spearmanr": -0.0005368256144759353}, "total_time": 5.6466, "epochs": 50}