{"arquitecture": "D", "trainable_params": 18817, "non_trainable_params": 0, "train_metrics": {"mse": 1067844298.8901576, "mae": 20439.85824623193, "r2_score": -68019066.53001454, "kendalltau": -0.041306478867668826, "pearsonr": 0.06418385168635986, "spearmanr": -0.057985531752040693}, "test_metrics": {"mse": 2161472987.4342875, "mae": 23295.873230734112, "r2": -196193823.66725567, "kendalltau": -0.007673237803599096, "pearsonr": 0.03818029787862477, "spearmanr": -0.009263736808137463}, "total_time": 5.3633, "epochs": 50}