{"arquitecture": "C", "trainable_params": 18817, "non_trainable_params": 0, "train_metrics": {"mse": 146721200.6733562, "mae": 8129.364405166614, "r2_score": -9345780.278280154, "kendalltau": 0.057040004908628636, "pearsonr": 0.1255901831933063, "spearmanr": 0.07359368728539235}, "test_metrics": {"mse": 127441915.13244475, "mae": 7924.023827822822, "r2": -11567720.131890522, "kendalltau": 0.004397705460560747, "pearsonr": 0.1484258725775523, "spearmanr": -0.0022748684405103276}, "total_time": 5.7613, "epochs": 50}