{"arquitecture": "C", "trainable_params": 18817, "non_trainable_params": 0, "train_metrics": {"mse": 1627259.0322838004, "mae": 840.5157257387862, "r2_score": -103651.41648129393, "kendalltau": -0.10709683834997337, "pearsonr": -0.11000872568474072, "spearmanr": -0.16364348557215191}, "test_metrics": {"mse": 1876650.3643489103, "mae": 818.401651470144, "r2": -170339.88081843546, "kendalltau": -0.07021164235309055, "pearsonr": -0.13085519562175676, "spearmanr": -0.11017891392522988}, "total_time": 5.8569, "epochs": 50}