{"arquitecture": "A", "trainable_params": 112401, "non_trainable_params": 0, "train_metrics": {"mse": 14.706875663150665, "mae": 1.1544481936217623, "r2_score": 0.06320802580763518, "kendalltau": -0.12438871658068443, "pearsonr": 0.2611338304562268, "spearmanr": -0.15409911887934002}, "test_metrics": {"mse": 10.392848151080567, "mae": 1.1230735604932371, "r2": 0.05665597497618369, "kendalltau": -0.13662077891276864, "pearsonr": 0.23993586922516458, "spearmanr": -0.1761165096265012}, "total_time": 5.9467, "epochs": 50}