{"arquitecture": "B", "trainable_params": 112401, "non_trainable_params": 0, "train_metrics": {"mse": 15.024886291747944, "mae": 1.11206862454774, "r2_score": 0.04295152732344398, "kendalltau": 0.1471555652124612, "pearsonr": 0.4214957538238745, "spearmanr": 0.19969367578140657}, "test_metrics": {"mse": 10.43049781253093, "mae": 0.9904608701284584, "r2": 0.053238568827545185, "kendalltau": 0.11216169111528786, "pearsonr": 0.4776847729776335, "spearmanr": 0.1548124210638786}, "total_time": 4.6446, "epochs": 50}