{"arquitecture": "A", "trainable_params": 132881, "non_trainable_params": 0, "train_metrics": {"mse": 15.696042574904904, "mae": 1.193663223533282, "r2_score": 0.00020051521925068538, "kendalltau": 0.07475015155873128, "pearsonr": 0.0208535855715994, "spearmanr": 0.09168072386423838}, "test_metrics": {"mse": 11.025981369458473, "mae": 1.0840355601828269, "r2": -0.0008126255381804004, "kendalltau": 0.0703865283393271, "pearsonr": 0.018062100667010514, "spearmanr": 0.08632262855338667}, "total_time": 6.4076, "epochs": 30}