{"arquitecture": "B", "trainable_params": 112401, "non_trainable_params": 0, "train_metrics": {"mse": 14.555309275579011, "mae": 1.0779360890337482, "r2_score": 0.07286243362929179, "kendalltau": -0.1002943137776201, "pearsonr": 0.31668697779790084, "spearmanr": -0.11682719645331738}, "test_metrics": {"mse": 10.133959827697602, "mae": 1.0034269650290406, "r2": 0.08015489937703346, "kendalltau": -0.10249446095696188, "pearsonr": 0.30322906924018006, "spearmanr": -0.12293941655254197}, "total_time": 4.4567, "epochs": 50}