{"arquitecture": "B", "trainable_params": 79633, "non_trainable_params": 0, "train_metrics": {"mse": 15.291461455886243, "mae": 1.2955081177867072, "r2_score": 0.02597134200036544, "kendalltau": 0.01584049215219549, "pearsonr": 0.17369116540794982, "spearmanr": 0.027988263504831797}, "test_metrics": {"mse": 10.817202783152148, "mae": 1.2074387331969803, "r2": 0.018137909395259832, "kendalltau": 0.03620200725008523, "pearsonr": 0.15769915591886974, "spearmanr": 0.05896127083040926}, "total_time": 4.0934, "epochs": 50}