{"arquitecture": "D", "trainable_params": 18817, "non_trainable_params": 0, "train_metrics": {"mse": 37356144.23715598, "mae": 4256.604707911909, "r2_score": -2379493.932144078, "kendalltau": -0.06877375950274006, "pearsonr": -0.06436845812353613, "spearmanr": -0.1003608438136705}, "test_metrics": {"mse": 28461983.16808192, "mae": 3850.5588262024526, "r2": -2583452.676184705, "kendalltau": -0.007127315746426038, "pearsonr": -0.050794207382699845, "spearmanr": -0.010046956991757627}, "total_time": 5.3633, "epochs": 50}