{"arquitecture": "A", "trainable_params": 112401, "non_trainable_params": 0, "train_metrics": {"mse": 10.365174370479224, "mae": 0.912361541558739, "r2_score": 0.3397637687453494, "kendalltau": 0.07321367506461768, "pearsonr": 0.7896554336104503, "spearmanr": 0.09417465917532224}, "test_metrics": {"mse": 7.188859545522364, "mae": 0.8638077972522747, "r2": 0.34747745753421266, "kendalltau": 0.023506119334250127, "pearsonr": 0.7823215843025567, "spearmanr": 0.03184440515327411}, "total_time": 5.9412, "epochs": 50}