{"arquitecture": "C", "trainable_params": 19329, "non_trainable_params": 0, "train_metrics": {"mse": 4.963694449246953, "mae": 0.4841520943715927, "r2_score": 0.6838248157595714, "kendalltau": 0.059462440258326754, "pearsonr": 0.8272475562037369, "spearmanr": 0.0803231983372446}, "test_metrics": {"mse": 2.5632551493175915, "mae": 0.39149142232581213, "r2": 0.7673369807227606, "kendalltau": 0.07112151244837897, "pearsonr": 0.8768300327575396, "spearmanr": 0.09678588373490937}, "total_time": 6.0385, "epochs": 50}