{"arquitecture": "C", "trainable_params": 19329, "non_trainable_params": 0, "train_metrics": {"mse": 7.283480260762681, "mae": 0.5050490383535227, "r2_score": 0.536060138893615, "kendalltau": -0.017317053749902316, "pearsonr": 0.8116785829151474, "spearmanr": -0.02363835546688637}, "test_metrics": {"mse": 4.043313140945589, "mae": 0.44343110783712086, "r2": 0.6329942247434139, "kendalltau": 0.024232873537848528, "pearsonr": 0.8780484799925488, "spearmanr": 0.0342505925902615}, "total_time": 5.6736, "epochs": 50}