{"arquitecture": "C", "trainable_params": 18817, "non_trainable_params": 0, "train_metrics": {"mse": 44119127.70317711, "mae": 4846.120944363905, "r2_score": -2810279.421711955, "kendalltau": -0.04073979953417828, "pearsonr": 0.06108691068747858, "spearmanr": -0.07038205987037384}, "test_metrics": {"mse": 36117041.43559772, "mae": 4572.385436245166, "r2": -3278291.412678644, "kendalltau": -0.06411648888738387, "pearsonr": 0.0621743143494592, "spearmanr": -0.10039392161667393}, "total_time": 6.0909, "epochs": 50}