{"arquitecture": "A", "trainable_params": 79633, "non_trainable_params": 0, "train_metrics": {"mse": 11.992127360613015, "mae": 1.3217675908706266, "r2_score": 0.236130846399755, "kendalltau": 0.19895530648506168, "pearsonr": 0.5018920403336774, "spearmanr": 0.28464200156302555}, "test_metrics": {"mse": 8.105388736849603, "mae": 1.2079544882033948, "r2": 0.2642854081720206, "kendalltau": 0.23317717611358524, "pearsonr": 0.5240579900673437, "spearmanr": 0.3375432854652627}, "total_time": 5.7746, "epochs": 50}