{"arquitecture": "B", "trainable_params": 112401, "non_trainable_params": 0, "train_metrics": {"mse": 5.360625407743785, "mae": 0.4571545289815014, "r2_score": 0.658541285474482, "kendalltau": 0.06104633901562463, "pearsonr": 0.8118334655180719, "spearmanr": 0.11824268658155662}, "test_metrics": {"mse": 2.4794918307275484, "mae": 0.34213667279169446, "r2": 0.7749400578542077, "kendalltau": 0.012540112811315311, "pearsonr": 0.8816664994774076, "spearmanr": 0.03887270366351161}, "total_time": 4.3788, "epochs": 50}