{"arquitecture": "A", "trainable_params": 112401, "non_trainable_params": 0, "train_metrics": {"mse": 5.169477210458114, "mae": 0.4481016275009619, "r2_score": 0.6707169576702579, "kendalltau": 0.20205451646782077, "pearsonr": 0.8202643395349538, "spearmanr": 0.2969847686534966}, "test_metrics": {"mse": 2.5560892862689957, "mae": 0.3693403888606413, "r2": 0.7679874159059523, "kendalltau": 0.27335530562782073, "pearsonr": 0.876560234758945, "spearmanr": 0.3935854423133487}, "total_time": 5.8761, "epochs": 50}