{"arquitecture": "A", "trainable_params": 132881, "non_trainable_params": 0, "train_metrics": {"mse": 6.69078078002182, "mae": 1.2653397635399148, "r2_score": 0.5738136447627924, "kendalltau": 0.020528236639682083, "pearsonr": 0.7905477658564691, "spearmanr": 0.04435678364415351}, "test_metrics": {"mse": 4.032452333823955, "mae": 1.2538607257387244, "r2": 0.6339800447377207, "kendalltau": 0.06153754744467418, "pearsonr": 0.8466461933745696, "spearmanr": 0.10950194047780809}, "total_time": 6.4212, "epochs": 30}