{"arquitecture": "B", "trainable_params": 132881, "non_trainable_params": 0, "train_metrics": {"mse": 9.971271697623601, "mae": 1.0978651825185717, "r2_score": 0.3648544046489792, "kendalltau": 0.12261940754382226, "pearsonr": 0.665965213894208, "spearmanr": 0.17820936897459055}, "test_metrics": {"mse": 6.263321037639385, "mae": 1.0384056778713413, "r2": 0.4314872697289659, "kendalltau": 0.17396981090730082, "pearsonr": 0.7155747097959847, "spearmanr": 0.2563449353450616}, "total_time": 4.8648, "epochs": 30}