{"arquitecture": "D", "trainable_params": 19649, "non_trainable_params": 0, "train_metrics": {"mse": 15.671195422533883, "mae": 1.1117118007845104, "r2_score": 0.001783217994186681, "kendalltau": -0.09829664164164957, "pearsonr": 0.3100271620372657, "spearmanr": -0.14588583494758584}, "test_metrics": {"mse": 10.988217831546562, "mae": 1.0021295130197434, "r2": 0.0026151170146884173, "kendalltau": -0.10111843611662151, "pearsonr": 0.29456063917788494, "spearmanr": -0.1662910247917519}, "total_time": 6.1192, "epochs": 30}