{"arquitecture": "B", "trainable_params": 83729, "non_trainable_params": 0, "train_metrics": {"mse": 15.70043770697225, "mae": 1.2382463420199241, "r2_score": -7.944393322389942e-05, "kendalltau": -0.10164784979229832, "pearsonr": 0.2676486527464405, "spearmanr": -0.1270394286455973}, "test_metrics": {"mse": 11.040137010670714, "mae": 1.128725142020592, "r2": -0.002097512930339329, "kendalltau": -0.06724144755776554, "pearsonr": 0.26937064506856917, "spearmanr": -0.07592782363587205}, "total_time": 4.2743, "epochs": 50}