{"arquitecture": "D", "trainable_params": 19329, "non_trainable_params": 0, "train_metrics": {"mse": 4.759426721730342, "mae": 0.4552463469128477, "r2_score": 0.6968361699116661, "kendalltau": 0.14151983001965407, "pearsonr": 0.8350014036911019, "spearmanr": 0.20872096688800984}, "test_metrics": {"mse": 2.6723733924500905, "mae": 0.3427499424999822, "r2": 0.7574324732014575, "kendalltau": 0.13086964870565257, "pearsonr": 0.8779660753386328, "spearmanr": 0.18786519934926985}, "total_time": 5.5223, "epochs": 50}