{"arquitecture": "A", "trainable_params": 83729, "non_trainable_params": 0, "train_metrics": {"mse": 6.203179952673345, "mae": 0.5031664417645588, "r2_score": 0.6048726237146653, "kendalltau": 0.02648556876635722, "pearsonr": 0.78092079827008, "spearmanr": 0.031900246063868515}, "test_metrics": {"mse": 2.57477382224917, "mae": 0.3398425629875036, "r2": 0.7662914471858275, "kendalltau": 0.04021687051308942, "pearsonr": 0.8812963359973539, "spearmanr": 0.046685837584280486}, "total_time": 5.8115, "epochs": 50}