{"arquitecture": "C", "trainable_params": 19329, "non_trainable_params": 0, "train_metrics": {"mse": 4.936719090836757, "mae": 0.43639645112854203, "r2_score": 0.6855430800489032, "kendalltau": 0.25423346058687196, "pearsonr": 0.83102761360555, "spearmanr": 0.35271096450827316}, "test_metrics": {"mse": 2.832052218531394, "mae": 0.34424071972703796, "r2": 0.7429386535750298, "kendalltau": 0.19601634752830416, "pearsonr": 0.8769442647050188, "spearmanr": 0.2743545860606925}, "total_time": 5.8123, "epochs": 50}