{"arquitecture": "C", "trainable_params": 19649, "non_trainable_params": 0, "train_metrics": {"mse": 15.691373090549742, "mae": 1.183699772857891, "r2_score": 0.0004979499407866683, "kendalltau": -0.12079714458906836, "pearsonr": 0.21534268589312489, "spearmanr": -0.1989207549516227}, "test_metrics": {"mse": 11.019632388085787, "mae": 1.074089570141582, "r2": -0.00023633754129570583, "kendalltau": -0.08907628232873734, "pearsonr": 0.20324675793816832, "spearmanr": -0.1741363036540591}, "total_time": 6.4377, "epochs": 30}