{"arquitecture": "C", "trainable_params": 18817, "non_trainable_params": 0, "train_metrics": {"mse": 15.707447928671556, "mae": 1.1114205274955617, "r2_score": -0.0005259778929604941, "kendalltau": -0.026713137072471745, "pearsonr": 0.2019141867184076, "spearmanr": -0.027620087210484635}, "test_metrics": {"mse": 11.017223056248913, "mae": 1.0010439795985746, "r2": -1.764592186903613e-05, "kendalltau": -0.009943048762182062, "pearsonr": 0.20401292666184237, "spearmanr": -0.004195047105139532}, "total_time": 5.9031, "epochs": 50}