{"arquitecture": "D", "trainable_params": 18817, "non_trainable_params": 0, "train_metrics": {"mse": 15.701850257175595, "mae": 1.1462733228469453, "r2_score": -0.0001694199229544946, "kendalltau": -0.0625905738346683, "pearsonr": 0.19486746796491874, "spearmanr": -0.07301861912106204}, "test_metrics": {"mse": 11.01984926520755, "mae": 1.0361878040631654, "r2": -0.00025602316875872333, "kendalltau": -0.03631930289153743, "pearsonr": 0.19197011554471213, "spearmanr": -0.035303808700213546}, "total_time": 5.4603, "epochs": 50}