{"arquitecture": "C", "trainable_params": 18561, "non_trainable_params": 0, "train_metrics": {"mse": 15.707114820754452, "mae": 1.1131504735963924, "r2_score": -0.0005047597341596433, "kendalltau": -0.014917299782899811, "pearsonr": -0.0048381125657993955, "spearmanr": -0.010185400651074279}, "test_metrics": {"mse": 11.017298188987779, "mae": 1.0027910021331001, "r2": -2.446561357083432e-05, "kendalltau": 0.027383596440015093, "pearsonr": -0.01800470875817512, "spearmanr": 0.05427360391023022}, "total_time": 5.7402, "epochs": 50}