{"arquitecture": "D", "trainable_params": 18561, "non_trainable_params": 0, "train_metrics": {"mse": 15.712599837150941, "mae": 1.08905619079978, "r2_score": -0.0008541418501328835, "kendalltau": -0.08011279663668894, "pearsonr": 0.29337244309563, "spearmanr": -0.11906394247744576}, "test_metrics": {"mse": 11.017077276314126, "mae": 0.9784141712817153, "r2": -4.413684810522511e-06, "kendalltau": -0.06877323769080015, "pearsonr": 0.2913395733282515, "spearmanr": -0.10003587205874183}, "total_time": 5.3747, "epochs": 50}