{"arquitecture": "B", "trainable_params": 63249, "non_trainable_params": 0, "train_metrics": {"mse": 15.697962969084717, "mae": 1.1931891441790212, "r2_score": 7.819081152882212e-05, "kendalltau": -0.1158296467012233, "pearsonr": 0.3769137846357889, "spearmanr": -0.15287124243438457}, "test_metrics": {"mse": 11.02713680032913, "mae": 1.0835256907311561, "r2": -0.0009175023527279169, "kendalltau": -0.12309808134936742, "pearsonr": 0.33041019869000826, "spearmanr": -0.15691061988422864}, "total_time": 4.1392, "epochs": 50}