{"arquitecture": "A", "trainable_params": 63249, "non_trainable_params": 0, "train_metrics": {"mse": 5.903585058485185, "mae": 0.6848965881709063, "r2_score": 0.6239560850026187, "kendalltau": 0.048054917886921185, "pearsonr": 0.7952967264934371, "spearmanr": 0.08126837830252617}, "test_metrics": {"mse": 2.8436476829835406, "mae": 0.5932376704062094, "r2": 0.7418861497811422, "kendalltau": -0.04379998090471811, "pearsonr": 0.864113501524627, "spearmanr": -0.040389167038797136}, "total_time": 5.7733, "epochs": 50}