{"arquitecture": "A", "trainable_params": 79633, "non_trainable_params": 0, "train_metrics": {"mse": 8.88161344844016, "mae": 0.9309562711200791, "r2_score": 0.4342629674074998, "kendalltau": 0.026136452720605146, "pearsonr": 0.73557557647184, "spearmanr": 0.04080982214478384}, "test_metrics": {"mse": 5.823135001374452, "mae": 0.8802534244602397, "r2": 0.4714423293211978, "kendalltau": 0.03936897364494716, "pearsonr": 0.7579369243431884, "spearmanr": 0.057215010720515096}, "total_time": 5.7385, "epochs": 50}