{"arquitecture": "A", "trainable_params": 112401, "non_trainable_params": 0, "train_metrics": {"mse": 4.253934717157398, "mae": 0.3746665301948618, "r2_score": 0.7290347730513418, "kendalltau": 0.09478723774086023, "pearsonr": 0.8609551863848176, "spearmanr": 0.1321464436562099}, "test_metrics": {"mse": 2.4086628265455423, "mae": 0.3702516424324188, "r2": 0.7813691056880814, "kendalltau": 0.08329510106832332, "pearsonr": 0.8847243573846474, "spearmanr": 0.12987814180835633}, "total_time": 6.0723, "epochs": 50}