{"arquitecture": "B", "trainable_params": 263953, "non_trainable_params": 0, "train_metrics": {"mse": 5.817984442475171, "mae": 0.4698993291258111, "r2_score": 0.6294086346739963, "kendalltau": 0.2081923186907508, "pearsonr": 0.8111666983365301, "spearmanr": 0.28979060225979303}, "test_metrics": {"mse": 2.741558647213675, "mae": 0.39684321651239585, "r2": 0.7511526261612415, "kendalltau": 0.20407778571131835, "pearsonr": 0.8827395004509917, "spearmanr": 0.294122491718616}, "total_time": 4.987, "epochs": 30}