{"arquitecture": "A", "trainable_params": 79633, "non_trainable_params": 0, "train_metrics": {"mse": 5.699233750442221, "mae": 0.5500724143220971, "r2_score": 0.6369727630296191, "kendalltau": 0.29825586978354973, "pearsonr": 0.809275991402609, "spearmanr": 0.39107358449419305}, "test_metrics": {"mse": 2.9228484336886464, "mae": 0.4581574914562499, "r2": 0.7346972104385334, "kendalltau": 0.31695450991088225, "pearsonr": 0.8680413394801845, "spearmanr": 0.4242036900309708}, "total_time": 5.6873, "epochs": 50}