{"arquitecture": "D", "trainable_params": 21697, "non_trainable_params": 0, "train_metrics": {"mse": 5.370214445863522, "mae": 0.6510417797573887, "r2_score": 0.6579304872222536, "kendalltau": 0.09609659246456861, "pearsonr": 0.8167733420121273, "spearmanr": 0.1465576223379707}, "test_metrics": {"mse": 2.6079533451489674, "mae": 0.5998164429371838, "r2": 0.7632797891469856, "kendalltau": 0.18570448644836865, "pearsonr": 0.8774358841704657, "spearmanr": 0.26743631585330246}, "total_time": 6.452, "epochs": 30}