{"arquitecture": "A", "trainable_params": 112401, "non_trainable_params": 0, "train_metrics": {"mse": 5.398345635406647, "mae": 0.4152829912086709, "r2_score": 0.6561385993194738, "kendalltau": 0.2707185391655706, "pearsonr": 0.8143208736471338, "spearmanr": 0.39718807827915165}, "test_metrics": {"mse": 2.52406206064012, "mae": 0.32695847019287844, "r2": 0.7708944815626316, "kendalltau": 0.20451736129926168, "pearsonr": 0.8807763444190553, "spearmanr": 0.31746380267535096}, "total_time": 5.828, "epochs": 50}