{"arquitecture": "C", "trainable_params": 19329, "non_trainable_params": 0, "train_metrics": {"mse": 4.808506685295983, "mae": 0.4693475594448679, "r2_score": 0.6937098963906932, "kendalltau": 0.05689571621839898, "pearsonr": 0.8343224366992343, "spearmanr": 0.0878562894440765}, "test_metrics": {"mse": 2.430542280645906, "mae": 0.3640476230918925, "r2": 0.7793831388004371, "kendalltau": 0.1376633454171395, "pearsonr": 0.8831743171004813, "spearmanr": 0.20080248696063424}, "total_time": 5.839, "epochs": 50}