{"arquitecture": "A", "trainable_params": 79633, "non_trainable_params": 0, "train_metrics": {"mse": 6.103562231113174, "mae": 0.5689297229004372, "r2_score": 0.6112180286927411, "kendalltau": 0.03849767222103793, "pearsonr": 0.809996865508401, "spearmanr": 0.0552135504166356}, "test_metrics": {"mse": 3.0663908677739773, "mae": 0.525453669832319, "r2": 0.7216680681318893, "kendalltau": 0.04883307904940026, "pearsonr": 0.8747928941068764, "spearmanr": 0.07214504005808453}, "total_time": 6.3949, "epochs": 50}