{"arquitecture": "A", "trainable_params": 263953, "non_trainable_params": 0, "train_metrics": {"mse": 6.048054543078133, "mae": 0.44569417563572294, "r2_score": 0.6147537325259821, "kendalltau": 0.16079101910344848, "pearsonr": 0.8145740631881011, "spearmanr": 0.21658354939536759}, "test_metrics": {"mse": 2.999807979410913, "mae": 0.3893962939413246, "r2": 0.7277117020802593, "kendalltau": 0.19930193548252867, "pearsonr": 0.8803466598859924, "spearmanr": 0.25996553692113905}, "total_time": 6.7797, "epochs": 30}