{"arquitecture": "D", "trainable_params": 19329, "non_trainable_params": 0, "train_metrics": {"mse": 5.163533559849518, "mae": 0.45329868897215836, "r2_score": 0.6710955536627083, "kendalltau": 0.05604014153842306, "pearsonr": 0.8202624618370078, "spearmanr": 0.08442566509444765}, "test_metrics": {"mse": 2.3812936166601575, "mae": 0.32987804886570865, "r2": 0.7838533698897397, "kendalltau": 0.038366189017995475, "pearsonr": 0.8855672287128903, "spearmanr": 0.0652760375435543}, "total_time": 5.4817, "epochs": 50}