{"arquitecture": "D", "trainable_params": 19329, "non_trainable_params": 0, "train_metrics": {"mse": 5.360132857265014, "mae": 0.4438514884211039, "r2_score": 0.6585726597341117, "kendalltau": 0.0709404746013804, "pearsonr": 0.8197765742307822, "spearmanr": 0.10491563439299785}, "test_metrics": {"mse": 2.4166402425479445, "mae": 0.3556470203092819, "r2": 0.7806450069990986, "kendalltau": 0.14755060045260712, "pearsonr": 0.8893212550000257, "spearmanr": 0.2114376454557532}, "total_time": 5.6967, "epochs": 50}