{"arquitecture": "B", "trainable_params": 263953, "non_trainable_params": 0, "train_metrics": {"mse": 8.88956873722994, "mae": 0.6564166305232526, "r2_score": 0.4337562349878248, "kendalltau": 0.30837451945323235, "pearsonr": 0.788386309121102, "spearmanr": 0.3982916936150844}, "test_metrics": {"mse": 5.313819071926929, "mae": 0.6373270703009436, "r2": 0.5176722108617857, "kendalltau": 0.3497727404647766, "pearsonr": 0.8477198942326987, "spearmanr": 0.44555211749083407}, "total_time": 5.0723, "epochs": 30}