{"arquitecture": "C", "trainable_params": 21697, "non_trainable_params": 0, "train_metrics": {"mse": 5.480099964371564, "mae": 0.7039225482424302, "r2_score": 0.6509310487163427, "kendalltau": 0.25920023827452443, "pearsonr": 0.8141465292716656, "spearmanr": 0.38881814068027987}, "test_metrics": {"mse": 2.6224925358189544, "mae": 0.6225800108334982, "r2": 0.7619600875168037, "kendalltau": 0.30956813542030026, "pearsonr": 0.8801939445844065, "spearmanr": 0.47342462212877645}, "total_time": 7.2503, "epochs": 30}