{"arquitecture": "B", "trainable_params": 79633, "non_trainable_params": 0, "train_metrics": {"mse": 15.652987389285997, "mae": 1.1633387752707063, "r2_score": 0.0029430251349505943, "kendalltau": -0.13666806331351294, "pearsonr": 0.055379692997758724, "spearmanr": -0.180304870363883}, "test_metrics": {"mse": 10.979493723829457, "mae": 1.0507668343846415, "r2": 0.0034069918471654193, "kendalltau": -0.21047601851569347, "pearsonr": 0.061109110411206397, "spearmanr": -0.28173918213307664}, "total_time": 4.1233, "epochs": 50}