{"arquitecture": "C", "trainable_params": 18753, "non_trainable_params": 0, "train_metrics": {"mse": 8.32062827475184, "mae": 0.8414724407516105, "r2_score": 0.4699963495607793, "kendalltau": 0.08258517933663713, "pearsonr": 0.7507988354736687, "spearmanr": 0.1262067364940614}, "test_metrics": {"mse": 4.852784548310705, "mae": 0.7426067059471142, "r2": 0.5595196579581667, "kendalltau": 0.11928396949231322, "pearsonr": 0.8190246507490708, "spearmanr": 0.16278852313555708}, "total_time": 5.6932, "epochs": 50}