{"arquitecture": "A", "trainable_params": 263953, "non_trainable_params": 0, "train_metrics": {"mse": 6.133403141128002, "mae": 0.47838745655401715, "r2_score": 0.6093172357816723, "kendalltau": 0.24743343823089375, "pearsonr": 0.8116748777577447, "spearmanr": 0.34483185589299015}, "test_metrics": {"mse": 3.0804265066403866, "mae": 0.42761584650359796, "r2": 0.7203940731817522, "kendalltau": 0.2763869040796649, "pearsonr": 0.876406550780872, "spearmanr": 0.39359345239288696}, "total_time": 6.6434, "epochs": 30}