{"arquitecture": "D", "trainable_params": 21697, "non_trainable_params": 0, "train_metrics": {"mse": 5.436548168037081, "mae": 0.621726162500261, "r2_score": 0.6537051915188162, "kendalltau": 0.12287496881186703, "pearsonr": 0.8114125361069392, "spearmanr": 0.17479310411137833}, "test_metrics": {"mse": 2.542142051330987, "mae": 0.517312097862829, "r2": 0.7692533865574147, "kendalltau": 0.1426373019380496, "pearsonr": 0.8822670237813753, "spearmanr": 0.19616083267296827}, "total_time": 6.0418, "epochs": 30}