{"arquitecture": "C", "trainable_params": 18753, "non_trainable_params": 0, "train_metrics": {"mse": 59.51439469130853, "mae": 4.860854008858481, "r2_score": -2.790921237977652, "kendalltau": -0.16799819966098692, "pearsonr": 0.07817405988058095, "spearmanr": -0.2455004531137001}, "test_metrics": {"mse": 49.90688862578783, "mae": 4.334022134972669, "r2": -3.5299772024255986, "kendalltau": -0.16938748273952944, "pearsonr": 0.053515439046993823, "spearmanr": -0.26028318443957915}, "total_time": 5.7473, "epochs": 50}