{"arquitecture": "A", "trainable_params": 112401, "non_trainable_params": 0, "train_metrics": {"mse": 5.696481409998549, "mae": 0.48203505149903686, "r2_score": 0.637148080377568, "kendalltau": 0.2580529833525259, "pearsonr": 0.8107336254901759, "spearmanr": 0.3311287415179532}, "test_metrics": {"mse": 2.7133133367831537, "mae": 0.37757655404982127, "r2": 0.7537164127616263, "kendalltau": 0.3111421649142075, "pearsonr": 0.8804973246635327, "spearmanr": 0.4039531027523016}, "total_time": 5.7625, "epochs": 50}