{"arquitecture": "C", "trainable_params": 18753, "non_trainable_params": 0, "train_metrics": {"mse": 113.43657153629324, "mae": 6.967856587875588, "r2_score": -6.225631890079638, "kendalltau": 0.014283652611805857, "pearsonr": -0.09518089060514918, "spearmanr": 0.02394975275852703}, "test_metrics": {"mse": 192.28715189203908, "mae": 7.478217208117959, "r2": -16.453630919002915, "kendalltau": 0.1471259944081392, "pearsonr": -0.06295969296094676, "spearmanr": 0.2298627167901001}, "total_time": 5.9086, "epochs": 50}