{"arquitecture": "B", "trainable_params": 112401, "non_trainable_params": 0, "train_metrics": {"mse": 5.439587422704575, "mae": 0.5055551952363859, "r2_score": 0.6535115984372368, "kendalltau": 0.157405427352147, "pearsonr": 0.8145422745308664, "spearmanr": 0.22251560013506216}, "test_metrics": {"mse": 2.4377340600952024, "mae": 0.3669636651083825, "r2": 0.7787303512224644, "kendalltau": 0.2644826359841304, "pearsonr": 0.8867910663061478, "spearmanr": 0.35819553086564054}, "total_time": 4.5183, "epochs": 50}