{"arquitecture": "C", "trainable_params": 18753, "non_trainable_params": 0, "train_metrics": {"mse": 5.6988179077826855, "mae": 0.555538118282046, "r2_score": 0.6369992511889605, "kendalltau": 0.14458656523619112, "pearsonr": 0.8217029735855265, "spearmanr": 0.20266742554539108}, "test_metrics": {"mse": 2.7115366614155585, "mae": 0.48197493433085115, "r2": 0.7538776790543753, "kendalltau": 0.14178808984911373, "pearsonr": 0.8850156925265268, "spearmanr": 0.19694265487321744}, "total_time": 6.3357, "epochs": 50}