{"arquitecture": "D", "trainable_params": 18753, "non_trainable_params": 0, "train_metrics": {"mse": 7.471270622130684, "mae": 0.9033337080027973, "r2_score": 0.5240983526251003, "kendalltau": 0.12583059043360204, "pearsonr": 0.7523681359883836, "spearmanr": 0.1916925966166845}, "test_metrics": {"mse": 4.443756921121116, "mae": 0.9148590748939646, "r2": 0.5966465131349019, "kendalltau": 0.12789740639437702, "pearsonr": 0.7927922719247095, "spearmanr": 0.18813990308167747}, "total_time": 5.4515, "epochs": 50}