{"arquitecture": "A", "trainable_params": 263953, "non_trainable_params": 0, "train_metrics": {"mse": 14.630391821248551, "mae": 1.1917538204952416, "r2_score": 0.06807985928813587, "kendalltau": 0.2729020440431007, "pearsonr": 0.310960881084139, "spearmanr": 0.3545724281365624}, "test_metrics": {"mse": 10.191355678608899, "mae": 1.0956612312817189, "r2": 0.07494515973384441, "kendalltau": 0.2765191186215325, "pearsonr": 0.30427003207415754, "spearmanr": 0.36029192966619294}, "total_time": 6.6591, "epochs": 30}