{"arquitecture": "C", "trainable_params": 19329, "non_trainable_params": 0, "train_metrics": {"mse": 5.364436544557061, "mae": 0.4539937483902331, "r2_score": 0.6582985253899474, "kendalltau": 0.09993001148523997, "pearsonr": 0.8156634982761594, "spearmanr": 0.13329017211245175}, "test_metrics": {"mse": 2.48648518828572, "mae": 0.3446226882783155, "r2": 0.774305280748697, "kendalltau": 0.11986204545077629, "pearsonr": 0.8829744806335689, "spearmanr": 0.16799621530663772}, "total_time": 5.8275, "epochs": 50}