{"arquitecture": "A", "trainable_params": 112401, "non_trainable_params": 0, "train_metrics": {"mse": 5.410963097350578, "mae": 0.49384604645702435, "r2_score": 0.655334897883868, "kendalltau": 0.14359269830745808, "pearsonr": 0.8117728107695565, "spearmanr": 0.2015801623938249}, "test_metrics": {"mse": 2.4389967868243976, "mae": 0.39265546300469373, "r2": 0.7786157353156495, "kendalltau": 0.1263344207567403, "pearsonr": 0.8836663076560225, "spearmanr": 0.17259109838083592}, "total_time": 5.855, "epochs": 50}