{"arquitecture": "C", "trainable_params": 19329, "non_trainable_params": 0, "train_metrics": {"mse": 4.9416571599388535, "mae": 0.5207164587336416, "r2_score": 0.68522853713654, "kendalltau": 0.09983000924991811, "pearsonr": 0.8287376126280181, "spearmanr": 0.14176196650373118}, "test_metrics": {"mse": 2.3662694998301395, "mae": 0.3992304050126303, "r2": 0.7852170875768286, "kendalltau": 0.11901282043240034, "pearsonr": 0.8862685933213916, "spearmanr": 0.1768908860596289}, "total_time": 6.4816, "epochs": 50}