{"arquitecture": "A", "trainable_params": 79633, "non_trainable_params": 0, "train_metrics": {"mse": 7.5159984680268455, "mae": 0.7054520421259178, "r2_score": 0.5212492983447665, "kendalltau": 0.06019043064718094, "pearsonr": 0.8014268850472465, "spearmanr": 0.07749837575478309}, "test_metrics": {"mse": 4.155130579579595, "mae": 0.6554231613235256, "r2": 0.6228447150906736, "kendalltau": 0.0350897550228667, "pearsonr": 0.8673128975916106, "spearmanr": 0.048273115954720495}, "total_time": 5.8918, "epochs": 50}