{"arquitecture": "B", "trainable_params": 263953, "non_trainable_params": 0, "train_metrics": {"mse": 6.407731021274183, "mae": 0.5514266287875499, "r2_score": 0.5918432214291846, "kendalltau": 0.06764489902554144, "pearsonr": 0.8050576342161498, "spearmanr": 0.08313147047002022}, "test_metrics": {"mse": 3.220379300051916, "mae": 0.4787513073322587, "r2": 0.7076907574466491, "kendalltau": 0.12502615561810382, "pearsonr": 0.8757668789157333, "spearmanr": 0.15977494006320064}, "total_time": 5.029, "epochs": 30}