{"arquitecture": "A", "trainable_params": 263953, "non_trainable_params": 0, "train_metrics": {"mse": 7.158228464491248, "mae": 0.6235877083546468, "r2_score": 0.5440383716731474, "kendalltau": -0.059779817920553716, "pearsonr": 0.8062330760702416, "spearmanr": -0.0658641613971816}, "test_metrics": {"mse": 3.9817952402595376, "mae": 0.6086863838675312, "r2": 0.6385781169739726, "kendalltau": -0.1264020269597181, "pearsonr": 0.8610531096312976, "spearmanr": -0.15500695325093905}, "total_time": 6.7845, "epochs": 30}