{"arquitecture": "A", "trainable_params": 263953, "non_trainable_params": 0, "train_metrics": {"mse": 5.975332065653778, "mae": 0.49292558197515507, "r2_score": 0.6193859762978673, "kendalltau": 0.05439756181744401, "pearsonr": 0.8144079942695169, "spearmanr": 0.09767588817580469}, "test_metrics": {"mse": 2.9660706174485343, "mae": 0.4402360316120007, "r2": 0.730773994376329, "kendalltau": 0.12897777425049808, "pearsonr": 0.8792029883920571, "spearmanr": 0.1953600258520595}, "total_time": 7.6484, "epochs": 30}