{"arquitecture": "C", "trainable_params": 19329, "non_trainable_params": 0, "train_metrics": {"mse": 5.22882489007737, "mae": 0.45767230817728477, "r2_score": 0.666936655774216, "kendalltau": 0.138453094803117, "pearsonr": 0.8259180565799414, "spearmanr": 0.19513317907758312}, "test_metrics": {"mse": 2.4081745242139583, "mae": 0.34827368728717245, "r2": 0.7814134281952718, "kendalltau": 0.17930779673709246, "pearsonr": 0.8888711082748457, "spearmanr": 0.2597595103256794}, "total_time": 5.8843, "epochs": 50}