{"arquitecture": "A", "trainable_params": 112401, "non_trainable_params": 0, "train_metrics": {"mse": 7.966804769645682, "mae": 0.6491608375934957, "r2_score": 0.49253404060107, "kendalltau": 0.06503207902947447, "pearsonr": 0.7888433169617401, "spearmanr": 0.08216191176371436}, "test_metrics": {"mse": 5.17425835910554, "mae": 0.6607856994495053, "r2": 0.5303399380001287, "kendalltau": -0.037659766918935855, "pearsonr": 0.8127639660223811, "spearmanr": -0.06400083089058275}, "total_time": 5.8895, "epochs": 50}