{"arquitecture": "B", "trainable_params": 79633, "non_trainable_params": 0, "train_metrics": {"mse": 12.654034167031194, "mae": 1.2034421651235272, "r2_score": 0.1939690033191417, "kendalltau": -0.061772818804512415, "pearsonr": 0.4759479818503052, "spearmanr": -0.09237827281582595}, "test_metrics": {"mse": 9.074197191869986, "mae": 1.199038217623289, "r2": 0.17634804450131092, "kendalltau": -0.08156916915118073, "pearsonr": 0.4239452006383593, "spearmanr": -0.11706972144906026}, "total_time": 4.03, "epochs": 50}