{"arquitecture": "A", "trainable_params": 263953, "non_trainable_params": 0, "train_metrics": {"mse": 5.760077730992051, "mae": 0.48087742385834237, "r2_score": 0.6330971504275618, "kendalltau": 0.3645793067444393, "pearsonr": 0.8148500952914508, "spearmanr": 0.49596774229825663}, "test_metrics": {"mse": 2.8888475102949123, "mae": 0.44828573048217984, "r2": 0.737783425830359, "kendalltau": 0.35593887538649693, "pearsonr": 0.8736922578510034, "spearmanr": 0.48100612670706844}, "total_time": 6.7395, "epochs": 30}