{"arquitecture": "D", "trainable_params": 21697, "non_trainable_params": 0, "train_metrics": {"mse": 5.354990318617196, "mae": 0.5766146053589396, "r2_score": 0.6589002268559526, "kendalltau": 0.07987400762346666, "pearsonr": 0.8162920478439466, "spearmanr": 0.1265913066475187}, "test_metrics": {"mse": 2.490955831366776, "mae": 0.48858188771143907, "r2": 0.7738994868433863, "kendalltau": 0.08331377172524393, "pearsonr": 0.8825801948697134, "spearmanr": 0.12981848331316004}, "total_time": 6.0139, "epochs": 30}