{"arquitecture": "D", "trainable_params": 21697, "non_trainable_params": 0, "train_metrics": {"mse": 5.881455571896577, "mae": 0.5749244802081555, "r2_score": 0.6253656791206371, "kendalltau": 0.08381854023894009, "pearsonr": 0.8152344576655025, "spearmanr": 0.12105261616270444}, "test_metrics": {"mse": 2.918782704425654, "mae": 0.5182806326965729, "r2": 0.7350662508932628, "kendalltau": 0.17657814489231266, "pearsonr": 0.8771340569953445, "spearmanr": 0.23028512277036473}, "total_time": 6.11, "epochs": 30}