{"arquitecture": "D", "trainable_params": 19329, "non_trainable_params": 0, "train_metrics": {"mse": 5.074207467150212, "mae": 0.48570681370858476, "r2_score": 0.6767854070784368, "kendalltau": 0.05968466744793089, "pearsonr": 0.8263440870365253, "spearmanr": 0.08591443023787455}, "test_metrics": {"mse": 2.3982788502079178, "mae": 0.3719873958481175, "r2": 0.7823116444312332, "kendalltau": 0.04549419741299708, "pearsonr": 0.8853934226131494, "spearmanr": 0.06611466437522479}, "total_time": 5.4678, "epochs": 50}