{"arquitecture": "D", "trainable_params": 19329, "non_trainable_params": 0, "train_metrics": {"mse": 5.350171345089629, "mae": 0.4631462226089345, "r2_score": 0.6592071836717894, "kendalltau": -0.02612836181770632, "pearsonr": 0.8228414127070779, "spearmanr": -0.028413407363719643}, "test_metrics": {"mse": 2.5015943894570465, "mae": 0.36007434985611136, "r2": 0.772933840077126, "kendalltau": -0.03342307036608185, "pearsonr": 0.8853249807131395, "spearmanr": -0.03716801563472414}, "total_time": 5.6406, "epochs": 50}