{"arquitecture": "A", "trainable_params": 79633, "non_trainable_params": 0, "train_metrics": {"mse": 14.123536500901485, "mae": 1.173676094937586, "r2_score": 0.10036530230493701, "kendalltau": 0.11841367991501361, "pearsonr": 0.3698088718078937, "spearmanr": 0.16855644601999056}, "test_metrics": {"mse": 9.817506870237288, "mae": 1.0744055521451452, "r2": 0.10887888362867149, "kendalltau": 0.061483568330294246, "pearsonr": 0.3671370216866684, "spearmanr": 0.09670605993088423}, "total_time": 5.6649, "epochs": 50}