{"arquitecture": "A", "trainable_params": 79633, "non_trainable_params": 0, "train_metrics": {"mse": 15.498423134808688, "mae": 1.2092273255473331, "r2_score": 0.012788389739083583, "kendalltau": -0.19517170532077743, "pearsonr": 0.11487893421722822, "spearmanr": -0.267990219036575}, "test_metrics": {"mse": 10.877724315967892, "mae": 1.0947710756184559, "r2": 0.012644456057246845, "kendalltau": -0.2421881477416093, "pearsonr": 0.11751532924549514, "spearmanr": -0.34162772761169535}, "total_time": 5.7231, "epochs": 50}