{"arquitecture": "B", "trainable_params": 79633, "non_trainable_params": 0, "train_metrics": {"mse": 14.328339938310027, "mae": 1.3618816034698236, "r2_score": 0.08731982474425781, "kendalltau": 0.056209855777104044, "pearsonr": 0.3748403352852023, "spearmanr": 0.08835395640433863}, "test_metrics": {"mse": 10.063490206398251, "mae": 1.265189509352342, "r2": 0.08655132653848707, "kendalltau": 0.06151931975379963, "pearsonr": 0.36106018607230944, "spearmanr": 0.0944411960612543}, "total_time": 4.3222, "epochs": 50}