{"arquitecture": "C", "trainable_params": 18753, "non_trainable_params": 0, "train_metrics": {"mse": 5.398584700814295, "mae": 0.5495298941772467, "r2_score": 0.6561233714382895, "kendalltau": 0.10679683164400777, "pearsonr": 0.8176137231616282, "spearmanr": 0.15774627557303086}, "test_metrics": {"mse": 2.8377594015220504, "mae": 0.4833776686362431, "r2": 0.7424206207032231, "kendalltau": 0.10320959780888428, "pearsonr": 0.8680332335968054, "spearmanr": 0.1579944886604487}, "total_time": 5.7062, "epochs": 50}