{"arquitecture": "D", "trainable_params": 18753, "non_trainable_params": 0, "train_metrics": {"mse": 46.02117244723036, "mae": 4.000056381462973, "r2_score": -1.9314360152992704, "kendalltau": -0.10398565769551545, "pearsonr": -0.1095939323601478, "spearmanr": -0.15769332152829516}, "test_metrics": {"mse": 40.67201708298244, "mae": 3.7582948865137475, "r2": -2.691741064927317, "kendalltau": -0.1618052319454592, "pearsonr": -0.12551894841373012, "spearmanr": -0.2413426067371646}, "total_time": 5.4607, "epochs": 50}