{"arquitecture": "C", "trainable_params": 21697, "non_trainable_params": 0, "train_metrics": {"mse": 5.54017459243873, "mae": 0.714012552032438, "r2_score": 0.6471044419838929, "kendalltau": 0.036850823716105895, "pearsonr": 0.8096773311512617, "spearmanr": 0.05317614912906188}, "test_metrics": {"mse": 2.8408560438610952, "mae": 0.656233770044781, "r2": 0.7421395428883925, "kendalltau": 0.13608623725197289, "pearsonr": 0.8641583347978153, "spearmanr": 0.18930127776716152}, "total_time": 7.2256, "epochs": 30}