{"arquitecture": "D", "trainable_params": 18753, "non_trainable_params": 0, "train_metrics": {"mse": 4.94902844428713, "mae": 0.6357793945910228, "r2_score": 0.684759004370022, "kendalltau": 0.22114383205481608, "pearsonr": 0.8278010729918885, "spearmanr": 0.3220936510655451}, "test_metrics": {"mse": 2.6770390909303243, "mae": 0.5617599048053525, "r2": 0.7570089743953642, "kendalltau": 0.17020895725449306, "pearsonr": 0.8762736834935497, "spearmanr": 0.2424398913144719}, "total_time": 5.5339, "epochs": 50}