{"arquitecture": "B", "trainable_params": 263953, "non_trainable_params": 0, "train_metrics": {"mse": 6.308655675000405, "mae": 0.619050822352145, "r2_score": 0.5981540784293669, "kendalltau": 0.2778924652835057, "pearsonr": 0.8091022031012485, "spearmanr": 0.380779761251221}, "test_metrics": {"mse": 3.1617228604801757, "mae": 0.5429019886065236, "r2": 0.7130149189271975, "kendalltau": 0.38205406679401893, "pearsonr": 0.8798061725024899, "spearmanr": 0.5079677424279297}, "total_time": 4.8547, "epochs": 30}