{"arquitecture": "B", "trainable_params": 112401, "non_trainable_params": 0, "train_metrics": {"mse": 5.4665801337531885, "mae": 0.5331234699876556, "r2_score": 0.6517922288273208, "kendalltau": 0.26796387228951285, "pearsonr": 0.8097296596592415, "spearmanr": 0.36242238731128706}, "test_metrics": {"mse": 2.4569561676135634, "mae": 0.40405159371169774, "r2": 0.7769855878994357, "kendalltau": 0.27340236591356337, "pearsonr": 0.8830816536999326, "spearmanr": 0.3723101605383434}, "total_time": 4.3269, "epochs": 50}