{"arquitecture": "C", "trainable_params": 21697, "non_trainable_params": 0, "train_metrics": {"mse": 5.3415546852362485, "mae": 0.56176725694608, "r2_score": 0.6597560438090393, "kendalltau": -0.07955177819854066, "pearsonr": 0.8125506258921299, "spearmanr": -0.10569253212360877}, "test_metrics": {"mse": 2.498574823826506, "mae": 0.47779995008289766, "r2": 0.7732079217488995, "kendalltau": -0.0036698093843300027, "pearsonr": 0.8793587429819906, "spearmanr": -0.005891101925524978}, "total_time": 7.2602, "epochs": 30}