{"arquitecture": "A", "trainable_params": 79633, "non_trainable_params": 0, "train_metrics": {"mse": 14.815766107635575, "mae": 1.2409979022078956, "r2_score": 0.05627197108084547, "kendalltau": -0.08860554913627368, "pearsonr": 0.2631586922319474, "spearmanr": -0.10967142793840991}, "test_metrics": {"mse": 10.276595258206282, "mae": 1.1087047450612095, "r2": 0.06720808449327409, "kendalltau": -0.17296247519523703, "pearsonr": 0.28872972374381844, "spearmanr": -0.2219925594147775}, "total_time": 5.6673, "epochs": 50}