{"arquitecture": "D", "trainable_params": 18753, "non_trainable_params": 0, "train_metrics": {"mse": 5.450363548267167, "mae": 0.5622318752772869, "r2_score": 0.6528251856211402, "kendalltau": 0.19707662742068813, "pearsonr": 0.8108286793814027, "spearmanr": 0.28368279514166944}, "test_metrics": {"mse": 2.737943076777686, "mae": 0.4646161896009983, "r2": 0.7514808063403666, "kendalltau": 0.1527065309925749, "pearsonr": 0.8689802868014771, "spearmanr": 0.21699358086807344}, "total_time": 5.2356, "epochs": 50}