{"arquitecture": "C", "trainable_params": 18753, "non_trainable_params": 0, "train_metrics": {"mse": 34.308517456387825, "mae": 3.46666653324115, "r2_score": -1.1853685674457797, "kendalltau": -0.05337341526317342, "pearsonr": 0.04130353666809791, "spearmanr": -0.07786621318729152}, "test_metrics": {"mse": 33.39937307124039, "mae": 3.454200083376081, "r2": -2.031613525789858, "kendalltau": -0.14500296418579953, "pearsonr": -0.0038502695647195406, "spearmanr": -0.20949899201597583}, "total_time": 5.7837, "epochs": 50}