{"arquitecture": "B", "trainable_params": 79633, "non_trainable_params": 0, "train_metrics": {"mse": 15.7326462367225, "mae": 1.0371831882504372, "r2_score": -0.0021310484250038897, "kendalltau": 0.02444288327450968, "pearsonr": 0.004687594382003534, "spearmanr": 0.03145326563281515}, "test_metrics": {"mse": 11.026337018552994, "mae": 0.9242867606499441, "r2": -0.000844907299969222, "kendalltau": -0.025269347140383487, "pearsonr": 0.0034571554831419934, "spearmanr": -0.03638244288581922}, "total_time": 4.1719, "epochs": 50}