{"arquitecture": "B", "trainable_params": 112401, "non_trainable_params": 0, "train_metrics": {"mse": 5.471250295931486, "mae": 0.4658019728210536, "r2_score": 0.6514947509301106, "kendalltau": 0.08580210200937002, "pearsonr": 0.813191887045766, "spearmanr": 0.12316662993888795}, "test_metrics": {"mse": 2.518699487146152, "mae": 0.3609778013690208, "r2": 0.7713812347212218, "kendalltau": 0.0859220659984041, "pearsonr": 0.8828143247210956, "spearmanr": 0.12465852669068432}, "total_time": 4.4886, "epochs": 50}