{"arquitecture": "B", "trainable_params": 263953, "non_trainable_params": 0, "train_metrics": {"mse": 6.10453853438831, "mae": 0.5749792010736936, "r2_score": 0.6111558405643124, "kendalltau": 0.14882092504209396, "pearsonr": 0.8020334452036859, "spearmanr": 0.2115458551724752}, "test_metrics": {"mse": 3.0083050304176724, "mae": 0.49088364742764784, "r2": 0.7269404368620029, "kendalltau": 0.18556309022505613, "pearsonr": 0.8708600393070886, "spearmanr": 0.25356923266998815}, "total_time": 4.8418, "epochs": 30}