{"arquitecture": "B", "trainable_params": 112401, "non_trainable_params": 0, "train_metrics": {"mse": 5.974187267938394, "mae": 0.6023401316466648, "r2_score": 0.6194588971096298, "kendalltau": 0.040169198947972884, "pearsonr": 0.8048294036456156, "spearmanr": 0.06236044090082929}, "test_metrics": {"mse": 2.9054561985599596, "mae": 0.49530756586349134, "r2": 0.736275878850883, "kendalltau": 0.02261025892747058, "pearsonr": 0.8756929799031005, "spearmanr": 0.028094714425460646}, "total_time": 4.4089, "epochs": 50}