{"arquitecture": "D", "trainable_params": 19329, "non_trainable_params": 0, "train_metrics": {"mse": 5.4238399797342085, "mae": 0.45099918528204835, "r2_score": 0.6545146720013695, "kendalltau": 0.14935333845319987, "pearsonr": 0.8134754025058472, "spearmanr": 0.20816515573274486}, "test_metrics": {"mse": 2.4639472491070946, "mae": 0.3306070087885199, "r2": 0.7763510173890708, "kendalltau": 0.21300058930702154, "pearsonr": 0.884247281821334, "spearmanr": 0.2985536782132405}, "total_time": 5.5168, "epochs": 50}