{"arquitecture": "D", "trainable_params": 21697, "non_trainable_params": 0, "train_metrics": {"mse": 5.346309620908361, "mae": 0.5026387612743348, "r2_score": 0.6594531660478166, "kendalltau": 0.1673759635300953, "pearsonr": 0.8157603534474795, "spearmanr": 0.23809332386185256}, "test_metrics": {"mse": 2.48041187718834, "mae": 0.4059704443458421, "r2": 0.7748565465473056, "kendalltau": 0.12814003841978727, "pearsonr": 0.8824422862944166, "spearmanr": 0.18273320239421476}, "total_time": 6.3259, "epochs": 30}