{"arquitecture": "D", "trainable_params": 21697, "non_trainable_params": 0, "train_metrics": {"mse": 5.3394628387660985, "mae": 0.596115392609333, "r2_score": 0.659889289307904, "kendalltau": 0.1264639379239738, "pearsonr": 0.8123724130880625, "spearmanr": 0.18102294803722369}, "test_metrics": {"mse": 2.702098118324663, "mae": 0.5430702962080758, "r2": 0.7547344021682216, "kendalltau": 0.13887650554419073, "pearsonr": 0.8707206783532704, "spearmanr": 0.20116526364541681}, "total_time": 6.3259, "epochs": 30}