{"arquitecture": "D", "trainable_params": 18753, "non_trainable_params": 0, "train_metrics": {"mse": 41.39431964724836, "mae": 3.9763083658385177, "r2_score": -1.6367168194572317, "kendalltau": 0.014272541252325651, "pearsonr": 0.040396591706759404, "spearmanr": 0.02138014742200355}, "test_metrics": {"mse": 43.56647195497466, "mae": 4.002301997809262, "r2": -2.954466611332134, "kendalltau": 0.0780971831789236, "pearsonr": 0.04205034759190615, "spearmanr": 0.1184084925346471}, "total_time": 5.4084, "epochs": 50}