{"arquitecture": "C", "trainable_params": 18753, "non_trainable_params": 0, "train_metrics": {"mse": 5.048066869564259, "mae": 0.6631494792584994, "r2_score": 0.6784504991469358, "kendalltau": 0.22791064997826205, "pearsonr": 0.8397823194812359, "spearmanr": 0.32640350511794947}, "test_metrics": {"mse": 2.8464970628884907, "mae": 0.6294357835155489, "r2": 0.7416275156252994, "kendalltau": 0.20111162006191938, "pearsonr": 0.8615735152764915, "spearmanr": 0.2807468650247322}, "total_time": 5.9577, "epochs": 50}