{"arquitecture": "A", "trainable_params": 112401, "non_trainable_params": 0, "train_metrics": {"mse": 5.238720598993133, "mae": 0.39514212888263556, "r2_score": 0.6663063233430758, "kendalltau": 0.450418134408301, "pearsonr": 0.8170824698679117, "spearmanr": 0.6058529092617407}, "test_metrics": {"mse": 2.48627076983942, "mae": 0.3333798599868841, "r2": 0.7743247432056897, "kendalltau": 0.37228851398884943, "pearsonr": 0.8800447103412675, "spearmanr": 0.5040988237600977}, "total_time": 5.8737, "epochs": 50}