{"arquitecture": "C", "trainable_params": 21697, "non_trainable_params": 0, "train_metrics": {"mse": 5.573754230418758, "mae": 0.7424272295912068, "r2_score": 0.6449655012546398, "kendalltau": -0.026539482118473973, "pearsonr": 0.8117876786350996, "spearmanr": -0.028556864684912753}, "test_metrics": {"mse": 2.8762976189493945, "mae": 0.6862695269554162, "r2": 0.7389225615940488, "kendalltau": -0.03824487300529036, "pearsonr": 0.8736138307442038, "spearmanr": -0.03926760541304929}, "total_time": 7.2124, "epochs": 30}