{"arquitecture": "C", "trainable_params": 18753, "non_trainable_params": 0, "train_metrics": {"mse": 13.888109568359694, "mae": 1.0467409669158674, "r2_score": 0.11536142153279405, "kendalltau": 0.03911754105006808, "pearsonr": 0.4420778415412685, "spearmanr": 0.0766242826638197}, "test_metrics": {"mse": 9.497127304437129, "mae": 0.9525919634186789, "r2": 0.13795928052698303, "kendalltau": -0.04115645731021333, "pearsonr": 0.4554485324744153, "spearmanr": -0.04487456721841221}, "total_time": 5.6621, "epochs": 50}