{"arquitecture": "D", "trainable_params": 19329, "non_trainable_params": 0, "train_metrics": {"mse": 5.522522460277904, "mae": 0.4622603211040547, "r2_score": 0.6482288395863747, "kendalltau": 0.0011389143467211982, "pearsonr": 0.8163704723740228, "spearmanr": 0.0022709995414033983}, "test_metrics": {"mse": 2.5519203808508104, "mae": 0.3563796046412937, "r2": 0.7683658215133435, "kendalltau": 0.07594498021476312, "pearsonr": 0.8871990553026783, "spearmanr": 0.11392919898098994}, "total_time": 5.5583, "epochs": 50}