{"arquitecture": "D", "trainable_params": 18753, "non_trainable_params": 0, "train_metrics": {"mse": 5.111106405408131, "mae": 0.5839237129702468, "r2_score": 0.674435035047833, "kendalltau": 0.08287407468312251, "pearsonr": 0.8234602013727046, "spearmanr": 0.12559981436990345}, "test_metrics": {"mse": 2.5161769897688364, "mae": 0.5110626131906991, "r2": 0.7716101982155822, "kendalltau": 0.08671062008098741, "pearsonr": 0.8795061351509095, "spearmanr": 0.127893809707093}, "total_time": 5.8414, "epochs": 50}