{"arquitecture": "B", "trainable_params": 112401, "non_trainable_params": 0, "train_metrics": {"mse": 8.051362201540034, "mae": 0.6944990975081488, "r2_score": 0.4871479392039241, "kendalltau": -0.05992095093141197, "pearsonr": 0.7941835612412617, "spearmanr": -0.0710038835520101}, "test_metrics": {"mse": 4.795154007764363, "mae": 0.6512737711577901, "r2": 0.5647507000452805, "kendalltau": -0.04009715434150873, "pearsonr": 0.8517806934302098, "spearmanr": -0.04477024161248107}, "total_time": 4.2921, "epochs": 50}