{"arquitecture": "D", "trainable_params": 18753, "non_trainable_params": 0, "train_metrics": {"mse": 12.876909529489174, "mae": 1.1259816185314862, "r2_score": 0.17977238837671816, "kendalltau": -0.04702882899997533, "pearsonr": 0.4967561540975309, "spearmanr": -0.07267674431178629}, "test_metrics": {"mse": 8.979077434739281, "mae": 1.0407129632771728, "r2": 0.1849819293850844, "kendalltau": -0.08831940191109833, "pearsonr": 0.48322903224977937, "spearmanr": -0.13343211890355053}, "total_time": 5.2589, "epochs": 50}