{"arquitecture": "B", "trainable_params": 112401, "non_trainable_params": 0, "train_metrics": {"mse": 5.367831571082404, "mae": 0.4136176587953705, "r2_score": 0.658082270512028, "kendalltau": 0.01779650842256512, "pearsonr": 0.8116136170803117, "spearmanr": 0.03201308459753733}, "test_metrics": {"mse": 2.3906942557168325, "mae": 0.2927727140666056, "r2": 0.783000087271096, "kendalltau": 0.02994176979271224, "pearsonr": 0.8849588487871297, "spearmanr": 0.050704967138897696}, "total_time": 4.2982, "epochs": 50}