{"arquitecture": "B", "trainable_params": 79633, "non_trainable_params": 0, "train_metrics": {"mse": 13.987696904509955, "mae": 1.182186737822632, "r2_score": 0.10901795203093967, "kendalltau": 0.06688857557238241, "pearsonr": 0.38049471837273025, "spearmanr": 0.09409440452956973}, "test_metrics": {"mse": 9.754287860161712, "mae": 1.1151776049111253, "r2": 0.11461718313577196, "kendalltau": 0.07856738164951131, "pearsonr": 0.3714186227729281, "spearmanr": 0.11117487335318207}, "total_time": 4.0278, "epochs": 50}