{"arquitecture": "C", "trainable_params": 19329, "non_trainable_params": 0, "train_metrics": {"mse": 6.610480791970855, "mae": 0.43563802103475335, "r2_score": 0.5789285574102399, "kendalltau": 0.015928133814876465, "pearsonr": 0.812685208411223, "spearmanr": 0.0267732349152406}, "test_metrics": {"mse": 3.400650949646702, "mae": 0.3690772701509406, "r2": 0.6913277565585098, "kendalltau": 0.021381947239278113, "pearsonr": 0.8840338653562596, "spearmanr": 0.04128209945070508}, "total_time": 5.6798, "epochs": 50}