{"arquitecture": "B", "trainable_params": 79633, "non_trainable_params": 0, "train_metrics": {"mse": 16.135067752689093, "mae": 1.2872503256787335, "r2_score": -0.02776431377886812, "kendalltau": -0.2555617984632843, "pearsonr": -0.18851474324798348, "spearmanr": -0.3445679411489236}, "test_metrics": {"mse": 11.410744263966548, "mae": 1.1691132444411327, "r2": -0.03573700548760961, "kendalltau": -0.2617901428938786, "pearsonr": -0.1800653508971335, "spearmanr": -0.3529418668008052}, "total_time": 4.1069, "epochs": 50}