{"arquitecture": "B", "trainable_params": 112401, "non_trainable_params": 0, "train_metrics": {"mse": 6.951828369370823, "mae": 0.5507428093939368, "r2_score": 0.5571855524211169, "kendalltau": 0.15739447501073242, "pearsonr": 0.7747588093415023, "spearmanr": 0.20984777182093584}, "test_metrics": {"mse": 3.9685213108866924, "mae": 0.5121463653227197, "r2": 0.6397829726382172, "kendalltau": 0.18406814905604704, "pearsonr": 0.8214843747132111, "spearmanr": 0.2437322432452189}, "total_time": 4.4221, "epochs": 50}