{"arquitecture": "A", "trainable_params": 263953, "non_trainable_params": 0, "train_metrics": {"mse": 5.499126060835671, "mae": 0.4259152622261046, "r2_score": 0.6497191329514977, "kendalltau": 0.28066738479028397, "pearsonr": 0.8259257049084332, "spearmanr": 0.4002186651114722}, "test_metrics": {"mse": 2.7435668760792455, "mae": 0.4049493031327367, "r2": 0.7509703420872632, "kendalltau": 0.24496735865482175, "pearsonr": 0.8779036694523425, "spearmanr": 0.36066328342140946}, "total_time": 6.8482, "epochs": 30}