{"arquitecture": "D", "trainable_params": 21697, "non_trainable_params": 0, "train_metrics": {"mse": 5.506014895117298, "mae": 0.5736325681259575, "r2_score": 0.6492803310730852, "kendalltau": 0.06564035612932174, "pearsonr": 0.8058770067707891, "spearmanr": 0.09958053501732075}, "test_metrics": {"mse": 2.8580581629875823, "mae": 0.5154107988596571, "r2": 0.7405781310347965, "kendalltau": 0.13802729345525488, "pearsonr": 0.8620593520496308, "spearmanr": 0.2030574341381074}, "total_time": 6.1399, "epochs": 30}