{"arquitecture": "A", "trainable_params": 263953, "non_trainable_params": 0, "train_metrics": {"mse": 6.677700470084637, "mae": 0.5488118417930364, "r2_score": 0.5746468284824185, "kendalltau": 0.13497578343875652, "pearsonr": 0.8130955041303951, "spearmanr": 0.17811791947113395}, "test_metrics": {"mse": 3.469685078524467, "mae": 0.4748127251822195, "r2": 0.6850616269997138, "kendalltau": 0.1423888852075596, "pearsonr": 0.8811797013192634, "spearmanr": 0.18330039923680677}, "total_time": 6.68, "epochs": 30}