{"arquitecture": "B", "trainable_params": 263953, "non_trainable_params": 0, "train_metrics": {"mse": 8.466128401761281, "mae": 0.7291675867036255, "r2_score": 0.46072834768544324, "kendalltau": 0.13576155371099302, "pearsonr": 0.8035759979437948, "spearmanr": 0.17154748983242962}, "test_metrics": {"mse": 4.899794608862615, "mae": 0.659053160442497, "r2": 0.5552526217143011, "kendalltau": 0.11060181323306234, "pearsonr": 0.877434128942693, "spearmanr": 0.13456667879528914}, "total_time": 5.334, "epochs": 30}