{"arquitecture": "C", "trainable_params": 19329, "non_trainable_params": 0, "train_metrics": {"mse": 5.831694071060427, "mae": 0.48319993757795204, "r2_score": 0.6285353648971935, "kendalltau": 0.14769774589064905, "pearsonr": 0.8208479086089914, "spearmanr": 0.21126735497063356}, "test_metrics": {"mse": 2.847283977324917, "mae": 0.3966553337036621, "r2": 0.7415560885226403, "kendalltau": 0.17927473777499708, "pearsonr": 0.8857245804005615, "spearmanr": 0.26105487126038834}, "total_time": 5.8481, "epochs": 50}