{"arquitecture": "B", "trainable_params": 263953, "non_trainable_params": 0, "train_metrics": {"mse": 10.8615913323665, "mae": 0.9639605039435639, "r2_score": 0.30814322360712176, "kendalltau": 0.0377892485928075, "pearsonr": 0.73675997123447, "spearmanr": 0.05415517117277024}, "test_metrics": {"mse": 7.061419026457513, "mae": 0.9343482849920299, "r2": 0.35904505194703595, "kendalltau": 0.08148327888048397, "pearsonr": 0.7473330304634699, "spearmanr": 0.10872499842538552}, "total_time": 4.8765, "epochs": 30}