{"arquitecture": "C", "trainable_params": 19329, "non_trainable_params": 0, "train_metrics": {"mse": 5.253889699219206, "mae": 0.4552080960847691, "r2_score": 0.665340088795849, "kendalltau": 0.06008467638921834, "pearsonr": 0.82391912511973, "spearmanr": 0.08942934092156586}, "test_metrics": {"mse": 2.4197189054796837, "mae": 0.3800399893061309, "r2": 0.7803655611494624, "kendalltau": 0.11054921657754428, "pearsonr": 0.8883864961950404, "spearmanr": 0.1648606839872679}, "total_time": 6.3954, "epochs": 50}