{"arquitecture": "D", "trainable_params": 19329, "non_trainable_params": 0, "train_metrics": {"mse": 5.324043426153555, "mae": 0.5532312092254303, "r2_score": 0.6608714681413312, "kendalltau": 0.1282195327218465, "pearsonr": 0.8269949515318689, "spearmanr": 0.18221580322780792}, "test_metrics": {"mse": 2.70800082952466, "mae": 0.46480660986641836, "r2": 0.7541986214793275, "kendalltau": 0.23022746311114914, "pearsonr": 0.8785235995866616, "spearmanr": 0.32045448570381346}, "total_time": 5.3715, "epochs": 50}