{"arquitecture": "A", "trainable_params": 79633, "non_trainable_params": 0, "train_metrics": {"mse": 13.781972139491506, "mae": 1.1292918359741624, "r2_score": 0.12212211590476452, "kendalltau": -0.026024007541150904, "pearsonr": 0.4349859743895372, "spearmanr": -0.02497683417586344}, "test_metrics": {"mse": 9.546793290859288, "mae": 1.0577017367708892, "r2": 0.13345116967448423, "kendalltau": -0.0232279953870067, "pearsonr": 0.42745784516203594, "spearmanr": -0.025248462138305887}, "total_time": 5.6986, "epochs": 50}