{"arquitecture": "A", "trainable_params": 112401, "non_trainable_params": 0, "train_metrics": {"mse": 5.258607825970097, "mae": 0.40935764353076953, "r2_score": 0.6650395556727922, "kendalltau": 0.3914031933700251, "pearsonr": 0.8167003796627981, "spearmanr": 0.5444441913192821}, "test_metrics": {"mse": 2.5403626271802895, "mae": 0.3548801717363487, "r2": 0.7694149023532911, "kendalltau": 0.35378782205131803, "pearsonr": 0.8773151900557016, "spearmanr": 0.49141492063473274}, "total_time": 5.8462, "epochs": 50}