{"arquitecture": "C", "trainable_params": 19329, "non_trainable_params": 0, "train_metrics": {"mse": 5.062183061557358, "mae": 0.5729461044395321, "r2_score": 0.6775513322764068, "kendalltau": 0.16192028602531378, "pearsonr": 0.8278743982163241, "spearmanr": 0.22223307855450508}, "test_metrics": {"mse": 2.4821079461369884, "mae": 0.44766743269846904, "r2": 0.7747025967844036, "kendalltau": 0.2453313066929371, "pearsonr": 0.8826276942218506, "spearmanr": 0.3371558435416791}, "total_time": 5.739, "epochs": 50}