{"arquitecture": "B", "trainable_params": 79633, "non_trainable_params": 0, "train_metrics": {"mse": 7.596578377829246, "mae": 0.9131983541762031, "r2_score": 0.5161165553670604, "kendalltau": 0.0954285799644767, "pearsonr": 0.7304092919990306, "spearmanr": 0.1365968185273931}, "test_metrics": {"mse": 4.465460990095805, "mae": 0.8785671976511154, "r2": 0.594676465705329, "kendalltau": 0.17464249148448047, "pearsonr": 0.7794058170048029, "spearmanr": 0.2392279752932847}, "total_time": 4.0987, "epochs": 50}