{"arquitecture": "A", "trainable_params": 112401, "non_trainable_params": 0, "train_metrics": {"mse": 5.2632403408924455, "mae": 0.41318429641567755, "r2_score": 0.6647444758136174, "kendalltau": 0.3557017968167231, "pearsonr": 0.816950580583172, "spearmanr": 0.5008553239295477}, "test_metrics": {"mse": 2.555464817537024, "mae": 0.37019964298030766, "r2": 0.7680440980433757, "kendalltau": 0.2957987679782687, "pearsonr": 0.8769829580158953, "spearmanr": 0.4161583303095448}, "total_time": 6.6604, "epochs": 50}