{"arquitecture": "C", "trainable_params": 21697, "non_trainable_params": 0, "train_metrics": {"mse": 5.481716734086148, "mae": 0.5552928515725314, "r2_score": 0.6508280644437188, "kendalltau": 0.25896689972544007, "pearsonr": 0.8106114234053936, "spearmanr": 0.36687827588256855}, "test_metrics": {"mse": 2.5188083569714306, "mae": 0.4663427911386895, "r2": 0.7713713527622352, "kendalltau": 0.25758422397615466, "pearsonr": 0.8807214696729022, "spearmanr": 0.36668055334617}, "total_time": 7.0038, "epochs": 30}