{"arquitecture": "C", "trainable_params": 21697, "non_trainable_params": 0, "train_metrics": {"mse": 5.495959814260908, "mae": 0.6758407368676658, "r2_score": 0.6499208151066671, "kendalltau": 0.06880709358118069, "pearsonr": 0.8108481303314716, "spearmanr": 0.10088276438030462}, "test_metrics": {"mse": 2.729423046622316, "mae": 0.6176224053431019, "r2": 0.7522541573432152, "kendalltau": 0.06378189367971897, "pearsonr": 0.8752573059715301, "spearmanr": 0.08742498708248524}, "total_time": 6.9703, "epochs": 30}