{"arquitecture": "B", "trainable_params": 112401, "non_trainable_params": 0, "train_metrics": {"mse": 5.179306037193033, "mae": 0.45167141255118703, "r2_score": 0.6700908854702956, "kendalltau": 0.0009480942558586207, "pearsonr": 0.8308888120794397, "spearmanr": 0.012970832350743765}, "test_metrics": {"mse": 2.4150175234188316, "mae": 0.33418594113086775, "r2": 0.7807922989033473, "kendalltau": 0.011026837930833337, "pearsonr": 0.8881602924606529, "spearmanr": 0.029162083601418917}, "total_time": 4.8956, "epochs": 50}