{"arquitecture": "D", "trainable_params": 18753, "non_trainable_params": 0, "train_metrics": {"mse": 71.269249745501, "mae": 5.18437624319756, "r2_score": -3.5396767265518294, "kendalltau": 0.10149671317194912, "pearsonr": -0.09404506239437475, "spearmanr": 0.1451276430613491}, "test_metrics": {"mse": 68.23063540660776, "mae": 4.8089866900911815, "r2": -5.193197600766418, "kendalltau": 0.1307199939000116, "pearsonr": -0.07778408566945505, "spearmanr": 0.19505279019911573}, "total_time": 5.2104, "epochs": 50}