{"arquitecture": "B", "trainable_params": 263953, "non_trainable_params": 0, "train_metrics": {"mse": 6.057476424672104, "mae": 0.5113369987626277, "r2_score": 0.6141535817352102, "kendalltau": 0.2556630582179457, "pearsonr": 0.8120886473736061, "spearmanr": 0.37713308323995526}, "test_metrics": {"mse": 2.945899411896779, "mae": 0.44693534985073236, "r2": 0.7326049059761292, "kendalltau": 0.2614330714234821, "pearsonr": 0.8834023415762302, "spearmanr": 0.3844793680742602}, "total_time": 4.7932, "epochs": 30}