{"arquitecture": "B", "trainable_params": 79633, "non_trainable_params": 0, "train_metrics": {"mse": 12.456206979798248, "mae": 0.9071056368486662, "r2_score": 0.20657011082297516, "kendalltau": 0.020324859743361807, "pearsonr": 0.5513618724554585, "spearmanr": 0.036539566264544694}, "test_metrics": {"mse": 8.364687825292616, "mae": 0.8403732718348597, "r2": 0.24074919921168803, "kendalltau": 0.05887989655898275, "pearsonr": 0.5733017819205922, "spearmanr": 0.0930941927631769}, "total_time": 4.2107, "epochs": 50}