{"arquitecture": "D", "trainable_params": 19329, "non_trainable_params": 0, "train_metrics": {"mse": 5.380790273392646, "mae": 0.5098547436175931, "r2_score": 0.6572568329005168, "kendalltau": 0.14056425310435627, "pearsonr": 0.821897119208217, "spearmanr": 0.20504474580518592}, "test_metrics": {"mse": 2.5803865806053414, "mae": 0.39859658269300985, "r2": 0.7657819851036122, "kendalltau": 0.15719522346266446, "pearsonr": 0.8843842998390217, "spearmanr": 0.2220361068873826}, "total_time": 5.5106, "epochs": 50}