{"arquitecture": "D", "trainable_params": 21697, "non_trainable_params": 0, "train_metrics": {"mse": 5.605880357336034, "mae": 0.6640790065655324, "r2_score": 0.6429191456215806, "kendalltau": 0.1696426808640575, "pearsonr": 0.8116300359284134, "spearmanr": 0.24513026995525414}, "test_metrics": {"mse": 2.661665738115643, "mae": 0.5825991948290754, "r2": 0.7584043917353938, "kendalltau": 0.16138062590099125, "pearsonr": 0.8787333937271088, "spearmanr": 0.21918212383542263}, "total_time": 6.4038, "epochs": 30}