{"arquitecture": "C", "trainable_params": 21697, "non_trainable_params": 0, "train_metrics": {"mse": 5.326917789103307, "mae": 0.7026733326901924, "r2_score": 0.660688378258482, "kendalltau": 0.12277496657654517, "pearsonr": 0.8181701764520374, "spearmanr": 0.18065287491315635}, "test_metrics": {"mse": 2.5464524256220784, "mae": 0.597924044464405, "r2": 0.768862140021912, "kendalltau": 0.13220412484540892, "pearsonr": 0.8802108679976097, "spearmanr": 0.19902285412931164}, "total_time": 7.0571, "epochs": 30}