{"arquitecture": "C", "trainable_params": 21697, "non_trainable_params": 0, "train_metrics": {"mse": 5.346279777082348, "mae": 0.5261847592991094, "r2_score": 0.6594550670264696, "kendalltau": 0.07522945936074023, "pearsonr": 0.8130256234105051, "spearmanr": 0.10411070540442036}, "test_metrics": {"mse": 2.5457921850267584, "mae": 0.4381331143169462, "r2": 0.7689220691204246, "kendalltau": 0.06614755592746888, "pearsonr": 0.8797811974851466, "spearmanr": 0.08580122939703264}, "total_time": 7.0547, "epochs": 30}