{"arquitecture": "B", "trainable_params": 34577, "non_trainable_params": 0, "train_metrics": {"mse": 1.9335298878396344e-07, "mae": 0.000374580497205456, "r2_score": -18.636504316443535, "kendalltau": -0.028600514028557532, "pearsonr": -0.023883205112169716, "spearmanr": -0.03591938199397853}, "test_metrics": {"mse": 2.3997696869821404e-07, "mae": 0.00038867898384633567, "r2": -4.018760850550914, "kendalltau": -1.795725616381875e-05, "pearsonr": -0.013522406532165942, "spearmanr": 0.0009896342001778947}, "total_time": 8.5699, "epochs": 30}