{"arquitecture": "A", "trainable_params": 34577, "non_trainable_params": 0, "train_metrics": {"mse": 3.695631254739896e-06, "mae": 0.0013880006280636839, "r2_score": -374.3201827501435, "kendalltau": 0.07606918442777766, "pearsonr": 0.06968501025645757, "spearmanr": 0.10873101885631205}, "test_metrics": {"mse": 9.319333554634297e-06, "mae": 0.001780082785508256, "r2": -193.89997998950545, "kendalltau": 0.08215444694947077, "pearsonr": 0.03883541112346867, "spearmanr": 0.11975234523515962}, "total_time": 10.2162, "epochs": 30}