{"arquitecture": "A", "trainable_params": 268049, "non_trainable_params": 0, "train_metrics": {"mse": 7.301562119227282e-09, "mae": 5.139166542678587e-05, "r2_score": 0.2584694088634706, "kendalltau": 0.06939617109467258, "pearsonr": 0.6522611044392043, "spearmanr": 0.10581448528830859}, "test_metrics": {"mse": 3.4859642474258824e-08, "mae": 6.489567986205654e-05, "r2": 0.27096250168062896, "kendalltau": 0.058307210763919474, "pearsonr": 0.5397688614727709, "spearmanr": 0.0875925264404213}, "total_time": 12.3158, "epochs": 50}