{"arquitecture": "A", "trainable_params": 34577, "non_trainable_params": 0, "train_metrics": {"mse": 8.495401531925269e-07, "mae": 0.0007547099078278713, "r2_score": -85.27742963826765, "kendalltau": -0.03022917274158199, "pearsonr": 0.06240414305319168, "spearmanr": -0.04483954747150239}, "test_metrics": {"mse": 3.432275969791236e-06, "mae": 0.0009026785549049449, "r2": -70.78093947481021, "kendalltau": 0.0331598692321077, "pearsonr": 0.05789651044301286, "spearmanr": 0.050555392907571405}, "total_time": 9.5072, "epochs": 50}