{"arquitecture": "D", "trainable_params": 18049, "non_trainable_params": 0, "train_metrics": {"mse": 1.0101144735709417e-08, "mae": 1.5887087389334368e-05, "r2_score": -0.025850044787256943, "kendalltau": 0.0019196594693780596, "pearsonr": 0.008133567550411603, "spearmanr": 0.002317797265819076}, "test_metrics": {"mse": 4.852883263826379e-08, "mae": 2.6760610810330837e-05, "r2": -0.01490825010853758, "kendalltau": -0.0030072301402176912, "pearsonr": 0.002244592308496356, "spearmanr": -0.004004330273889785}, "total_time": 11.0293, "epochs": 50}