{"arquitecture": "B", "trainable_params": 34577, "non_trainable_params": 0, "train_metrics": {"mse": 6.686178901606848e-08, "mae": 0.00019367080554389958, "r2_score": -5.790336249139269, "kendalltau": -0.22185466963688968, "pearsonr": 0.03427716742256071, "spearmanr": -0.3268690357123954}, "test_metrics": {"mse": 9.614882696475762e-08, "mae": 0.00019090655675676853, "r2": -1.0108095006565136, "kendalltau": -0.1678608391681449, "pearsonr": 0.049875879556197114, "spearmanr": -0.247445248478593}, "total_time": 8.1018, "epochs": 50}