{"arquitecture": "C", "trainable_params": 18049, "non_trainable_params": 0, "train_metrics": {"mse": 1.0259324929181826e-08, "mae": 2.0372448281604956e-05, "r2_score": -0.04191447736433673, "kendalltau": 0.06993427052893739, "pearsonr": 0.03022046006552615, "spearmanr": 0.09001546968020263}, "test_metrics": {"mse": 4.877942792672153e-08, "mae": 3.1191760847278945e-05, "r2": -0.020149077300691376, "kendalltau": 0.05501746485987195, "pearsonr": 0.05323294413819911, "spearmanr": 0.07081727885576741}, "total_time": 11.8784, "epochs": 50}