{"arquitecture": "D", "trainable_params": 21697, "non_trainable_params": 0, "train_metrics": {"mse": 1.5032295277488526e-08, "mae": 7.22579439290324e-05, "r2_score": -0.5266468491587102, "kendalltau": 0.2810122660405565, "pearsonr": 0.12687329750659893, "spearmanr": 0.361657574549801}, "test_metrics": {"mse": 5.461504891851918e-08, "mae": 8.308679787502863e-05, "r2": -0.14219239808752104, "kendalltau": 0.2639153425395945, "pearsonr": 0.14165506624733237, "spearmanr": 0.33694997127773113}, "total_time": 14.5555, "epochs": 50}