{"arquitecture": "B", "trainable_params": 268049, "non_trainable_params": 0, "train_metrics": {"mse": 1.1998914419772523e-07, "mae": 0.0003290935444538438, "r2_score": -11.185833603004623, "kendalltau": 0.0825270669908479, "pearsonr": 0.05123679313767341, "spearmanr": 0.11169068707317348}, "test_metrics": {"mse": 1.4575923869695074e-07, "mae": 0.00033205866607255436, "r2": -2.048337366484146, "kendalltau": 0.052007805301651854, "pearsonr": 0.08721021259140319, "spearmanr": 0.06557723729252374}, "total_time": 10.7872, "epochs": 50}