{"arquitecture": "C", "trainable_params": 21697, "non_trainable_params": 0, "train_metrics": {"mse": 1.0323969393485523e-08, "mae": 2.185235836261683e-05, "r2_score": -0.04847962699205732, "kendalltau": 0.021423533455913503, "pearsonr": 0.004627074547237519, "spearmanr": 0.026216811580335963}, "test_metrics": {"mse": 4.888455215540585e-08, "mae": 3.270275145164051e-05, "r2": -0.022347593959299195, "kendalltau": 0.01969565238993486, "pearsonr": 0.005850987967581557, "spearmanr": 0.02395188968460156}, "total_time": 15.0968, "epochs": 50}