{"arquitecture": "D", "trainable_params": 19649, "non_trainable_params": 0, "train_metrics": {"mse": 9.849783962571787e-09, "mae": 1.1939343928651279e-05, "r2_score": -0.00032239746334328245, "kendalltau": 0.1935847155229061, "pearsonr": 0.025991540822150466, "spearmanr": 0.23844903300725542}, "test_metrics": {"mse": 4.8015073486050326e-08, "mae": 2.303066138604803e-05, "r2": -0.004163742692979255, "kendalltau": 0.09788686665638041, "pearsonr": -0.0032751651279552267, "spearmanr": 0.11998538835029168}, "total_time": 13.5653, "epochs": 50}