{"arquitecture": "A", "trainable_params": 132881, "non_trainable_params": 0, "train_metrics": {"mse": 1.7237368269817486e-07, "mae": 0.0004095094384402127, "r2_score": -16.505892128338868, "kendalltau": 0.07255908633592899, "pearsonr": 0.1777818248078004, "spearmanr": 0.09528520503331377}, "test_metrics": {"mse": 2.0112916999548283e-07, "mae": 0.00041678652006266556, "r2": -3.206317005139506, "kendalltau": 0.09473407745737272, "pearsonr": 0.22456368815848135, "spearmanr": 0.1325048354690982}, "total_time": 10.4958, "epochs": 50}