{"arquitecture": "B", "trainable_params": 132881, "non_trainable_params": 0, "train_metrics": {"mse": 1.952421911957978e-07, "mae": 0.0004368129603132721, "r2_score": -18.82836755863045, "kendalltau": 0.02021699698675536, "pearsonr": 0.00476000384677661, "spearmanr": 0.025438504359920566}, "test_metrics": {"mse": 2.238165014746967e-07, "mae": 0.00044292315336811065, "r2": -3.680788749861555, "kendalltau": -0.03149551528710353, "pearsonr": 0.005573475559590956, "spearmanr": -0.03972379024149453}, "total_time": 9.0958, "epochs": 50}