{"arquitecture": "B", "trainable_params": 132881, "non_trainable_params": 0, "train_metrics": {"mse": 1.048188362537224e-08, "mae": 2.5204646102972706e-05, "r2_score": -0.06451704909540057, "kendalltau": -0.0074388028431019, "pearsonr": 0.007282189531006188, "spearmanr": -0.009103066918844807}, "test_metrics": {"mse": 4.9114181972867064e-08, "mae": 3.603056931791516e-05, "r2": -0.027149959553985692, "kendalltau": 0.03366421851462728, "pearsonr": 0.005331306662840819, "spearmanr": 0.04117976750778255}, "total_time": 10.4965, "epochs": 30}