{"arquitecture": "A", "trainable_params": 263953, "non_trainable_params": 0, "train_metrics": {"mse": 1.1443644955351235e-08, "mae": 5.137036301550991e-05, "r2_score": -0.16219141464980225, "kendalltau": 0.0074388028431019, "pearsonr": -0.007282189531006188, "spearmanr": 0.009103066918844807}, "test_metrics": {"mse": 4.8664945029319984e-08, "mae": 6.214660165827455e-05, "r2": -0.017754838025758835, "kendalltau": -0.03366421851462728, "pearsonr": -0.005331306662840819, "spearmanr": -0.04117976750778255}, "total_time": 12.8929, "epochs": 50}