{"arquitecture": "C", "trainable_params": 19649, "non_trainable_params": 0, "train_metrics": {"mse": 8.322154296987536e-08, "mae": 0.00027830843324219825, "r2_score": -7.451796882100156, "kendalltau": -0.002492525040807785, "pearsonr": 0.0019647117036147013, "spearmanr": -0.0030501712065685448}, "test_metrics": {"mse": 1.154292962629551e-07, "mae": 0.00028650328094026776, "r2": -1.4140317974417074, "kendalltau": 0.007314328452894865, "pearsonr": 0.004453249388672897, "spearmanr": 0.00900951347285814}, "total_time": 14.8366, "epochs": 50}