{"arquitecture": "A", "trainable_params": 132881, "non_trainable_params": 0, "train_metrics": {"mse": 1.3331432848157831e-08, "mae": 5.7865776793935533e-05, "r2_score": -0.35391100139508413, "kendalltau": 0.037113357382696714, "pearsonr": 0.08072528183878162, "spearmanr": 0.052150994739012205}, "test_metrics": {"mse": 4.9665033528748296e-08, "mae": 7.311464789296857e-05, "r2": -0.03867019934248983, "kendalltau": 0.07250062603580182, "pearsonr": 0.10530180216458311, "spearmanr": 0.10390283924462734}, "total_time": 11.005, "epochs": 30}