{"arquitecture": "A", "trainable_params": 132881, "non_trainable_params": 0, "train_metrics": {"mse": 9.907581032334008e-09, "mae": 2.1467988468661292e-05, "r2_score": -0.006192140760312492, "kendalltau": -0.0074388028431019, "pearsonr": 0.007282189531006189, "spearmanr": -0.009103066918844807}, "test_metrics": {"mse": 4.7825025505266467e-08, "mae": 3.2475520727130506e-05, "r2": -0.0001891722545812602, "kendalltau": 0.03366421851462728, "pearsonr": 0.005331306662840817, "spearmanr": 0.04117976750778255}, "total_time": 12.2471, "epochs": 30}