{"arquitecture": "D", "trainable_params": 19649, "non_trainable_params": 0, "train_metrics": {"mse": 2.617878758009679e-07, "mae": 0.0002670500521587815, "r2_score": -25.58660093897989, "kendalltau": 0.07099008313514692, "pearsonr": -0.0018743406640643998, "spearmanr": 0.08704546463784542}, "test_metrics": {"mse": 3.127688457679458e-07, "mae": 0.0002795135162512298, "r2": -5.54109453472668, "kendalltau": 0.07846555914050361, "pearsonr": -0.0026676264468153466, "spearmanr": 0.09618163536660562}, "total_time": 12.2966, "epochs": 30}