{"arquitecture": "D", "trainable_params": 19649, "non_trainable_params": 0, "train_metrics": {"mse": 4.1572513713301255e-05, "mae": 0.0049561670213114995, "r2_score": -4221.013065899681, "kendalltau": -0.11279315955518202, "pearsonr": 0.008409832776061997, "spearmanr": -0.146436471993196}, "test_metrics": {"mse": 3.4262871594008994e-05, "mae": 0.004805651267433237, "r2": -715.5569242593116, "kendalltau": -0.08167148414374195, "pearsonr": 0.008074051812072821, "spearmanr": -0.10635047526984798}, "total_time": 12.6362, "epochs": 50}