{"arquitecture": "B", "trainable_params": 132881, "non_trainable_params": 0, "train_metrics": {"mse": 1.0293899798654303e-08, "mae": 3.3581809557390114e-05, "r2_score": -0.04542582507045001, "kendalltau": -0.0074388028431019, "pearsonr": 0.007282189531006188, "spearmanr": -0.009103066918844807}, "test_metrics": {"mse": 4.792254032213398e-08, "mae": 4.463274187141569e-05, "r2": -0.0022285493993889904, "kendalltau": 0.03366421851462728, "pearsonr": 0.005331306662840822, "spearmanr": 0.04117976750778255}, "total_time": 9.4825, "epochs": 30}