{"arquitecture": "C", "trainable_params": 19649, "non_trainable_params": 0, "train_metrics": {"mse": 1.5983460624578683e-06, "mae": 0.0002339656337485797, "r2_score": -161.32451099937478, "kendalltau": 0.0356419887927067, "pearsonr": 0.001598092851249423, "spearmanr": 0.05420135140242515}, "test_metrics": {"mse": 8.342474817167355e-07, "mae": 0.000184118500585342, "r2": -16.447043454307128, "kendalltau": 0.047969867801331646, "pearsonr": 0.004515849666772182, "spearmanr": 0.07181106904506514}, "total_time": 13.3125, "epochs": 50}