{"arquitecture": "B", "trainable_params": 132881, "non_trainable_params": 0, "train_metrics": {"mse": 4.94609491015732e-07, "mae": 0.0006641696570117719, "r2_score": -49.23145215580914, "kendalltau": 0.1261969435540948, "pearsonr": 0.08337163647789268, "spearmanr": 0.1588908240472759}, "test_metrics": {"mse": 5.394991567855631e-07, "mae": 0.0006742665582778758, "r2": -10.282821271009597, "kendalltau": 0.18042509694602082, "pearsonr": 0.11605464983455503, "spearmanr": 0.22665922385951334}, "total_time": 9.5745, "epochs": 50}