{"arquitecture": "A", "trainable_params": 132881, "non_trainable_params": 0, "train_metrics": {"mse": 1.634678527374056e-06, "mae": 0.0004714902821148912, "r2_score": -165.01435623342437, "kendalltau": -0.1188846011864317, "pearsonr": -0.038776490371347706, "spearmanr": -0.14608933363589496}, "test_metrics": {"mse": 1.3123564971522785e-06, "mae": 0.00042578871136777856, "r2": -26.44598136063965, "kendalltau": -0.09787238300695365, "pearsonr": 0.003051535097881318, "spearmanr": -0.12030891852743768}, "total_time": 11.2877, "epochs": 30}