{"arquitecture": "A", "trainable_params": 227089, "non_trainable_params": 0, "train_metrics": {"mse": 0.0007028178802636872, "mae": 0.012873771456517505, "r2_score": -71375.63827318209, "kendalltau": -0.036968969969032255, "pearsonr": -0.01936165137452438, "spearmanr": -0.05598334151473941}, "test_metrics": {"mse": 0.0008915933938885183, "mae": 0.01477874134847321, "r2": -18645.347789669442, "kendalltau": -0.005385676293733814, "pearsonr": 0.04458728272309854, "spearmanr": -0.009314005280506675}, "total_time": 11.9559, "epochs": 50}