{"arquitecture": "C", "trainable_params": 19649, "non_trainable_params": 0, "train_metrics": {"mse": 8.962176783976787e-06, "mae": 0.0012232512969147548, "r2_score": -909.1789644427072, "kendalltau": -0.09657115256454538, "pearsonr": 0.0058929316801786995, "spearmanr": -0.13615738939730912}, "test_metrics": {"mse": 6.257753169462179e-06, "mae": 0.001149487971197139, "r2": -129.87158650963246, "kendalltau": -0.06660415684457711, "pearsonr": 0.0015493236105266462, "spearmanr": -0.10038228808999967}, "total_time": 13.2309, "epochs": 30}