{"arquitecture": "D", "trainable_params": 21057, "non_trainable_params": 0, "train_metrics": {"mse": 51644.74108026536, "mae": 156.52826618904825, "r2_score": -5244926326311.625, "kendalltau": 0.03662238409157427, "pearsonr": -0.07895698909363039, "spearmanr": 0.05556087595850003}, "test_metrics": {"mse": 55412.934920268584, "mae": 165.87187855634346, "r2": -1158878995348.3538, "kendalltau": 0.05016898227047682, "pearsonr": -0.07811779556636866, "spearmanr": 0.07628146304207523}, "total_time": 13.5549, "epochs": 50}