{"arquitecture": "A", "trainable_params": 132881, "non_trainable_params": 0, "train_metrics": {"mse": 8.402353365664362e-05, "mae": 0.0013071242483848726, "r2_score": -8532.245292499792, "kendalltau": -0.051258992152123296, "pearsonr": -0.0010982391833680538, "spearmanr": -0.0705367775620246}, "test_metrics": {"mse": 0.00014221577850144954, "mae": 0.0017686029652151769, "r2": -2973.2311745394054, "kendalltau": -0.11478493329638427, "pearsonr": -0.0010329634109864283, "spearmanr": -0.15683369997615068}, "total_time": 10.469, "epochs": 50}