{"arquitecture": "D", "trainable_params": 19649, "non_trainable_params": 0, "train_metrics": {"mse": 0.0002618156170524392, "mae": 0.013959203606423155, "r2_score": -26588.418279470385, "kendalltau": 0.06920350010107812, "pearsonr": -0.008105320763890988, "spearmanr": 0.10321557933819041}, "test_metrics": {"mse": 0.00028053873329712684, "mae": 0.014023239305166777, "r2": -5866.049739699635, "kendalltau": 0.04362215817608981, "pearsonr": -0.016407508799013742, "spearmanr": 0.06510526028285045}, "total_time": 11.9913, "epochs": 50}