{"arquitecture": "A", "trainable_params": 132881, "non_trainable_params": 0, "train_metrics": {"mse": 7.567334983596977e-06, "mae": 0.0005446557706201895, "r2_score": -767.5218987507095, "kendalltau": 0.08344809418100535, "pearsonr": -0.04408087310309018, "spearmanr": 0.10687223775486318}, "test_metrics": {"mse": 1.2592440332494744e-05, "mae": 0.0007396531276934611, "r2": -262.352132900299, "kendalltau": 0.02692761823635023, "pearsonr": -0.049654024836669634, "spearmanr": 0.03588542287489805}, "total_time": 10.3972, "epochs": 50}