{"arquitecture": "A", "trainable_params": 227089, "non_trainable_params": 0, "train_metrics": {"mse": 0.00145810326866955, "mae": 0.017911606337900062, "r2_score": -148080.76128604414, "kendalltau": -0.06436394013695435, "pearsonr": -0.06671187264083626, "spearmanr": -0.09872052697546167}, "test_metrics": {"mse": 0.0012019324485665317, "mae": 0.019470340796289464, "r2": -25135.6268629653, "kendalltau": -0.04118842304072366, "pearsonr": -0.10949750526385847, "spearmanr": -0.06451216860851457}, "total_time": 11.8809, "epochs": 50}