{"arquitecture": "C", "trainable_params": 19649, "non_trainable_params": 0, "train_metrics": {"mse": 3.0216069781849883e-07, "mae": 0.00034092874263945254, "r2_score": -29.686775954635017, "kendalltau": 0.13197376435777258, "pearsonr": -0.006108184906910854, "spearmanr": 0.17389521089198628}, "test_metrics": {"mse": 2.5942152264919135e-07, "mae": 0.00034675420209286974, "r2": -4.425414733442119, "kendalltau": 0.12006735071652726, "pearsonr": 0.09102601071120657, "spearmanr": 0.15511861674506527}, "total_time": 12.6168, "epochs": 50}