{"arquitecture": "C", "trainable_params": 21057, "non_trainable_params": 0, "train_metrics": {"mse": 2285.8692451722745, "mae": 31.07765502320028, "r2_score": -232147853424.75345, "kendalltau": 0.03810586253034209, "pearsonr": -0.006766466880977787, "spearmanr": 0.05495562088998273}, "test_metrics": {"mse": 2413.307264135384, "mae": 32.77966267784521, "r2": -50470726766.21804, "kendalltau": 0.04811467216533596, "pearsonr": 0.0023809765794920706, "spearmanr": 0.07057298886763615}, "total_time": 14.5932, "epochs": 50}