{"arquitecture": "B", "trainable_params": 132881, "non_trainable_params": 0, "train_metrics": {"mse": 1.0346407447397727e-08, "mae": 3.4694369307594946e-05, "r2_score": -0.05075838640131525, "kendalltau": 0.0074388028431019, "pearsonr": -0.0072821895310061875, "spearmanr": 0.009103066918844807}, "test_metrics": {"mse": 4.794900936442836e-08, "mae": 4.5745581391721404e-05, "r2": -0.002782109992887749, "kendalltau": -0.03366421851462728, "pearsonr": -0.005331306662840819, "spearmanr": -0.04117976750778255}, "total_time": 10.1829, "epochs": 30}