{"arquitecture": "A", "trainable_params": 132881, "non_trainable_params": 0, "train_metrics": {"mse": 0.0002730673082886854, "mae": 0.002637104455472273, "r2_score": -27731.11529655505, "kendalltau": 0.01925311433988403, "pearsonr": -0.002012515761510276, "spearmanr": 0.023659471532685442}, "test_metrics": {"mse": 0.0003178137899720789, "mae": 0.0027644046236198583, "r2": -6645.602028226015, "kendalltau": 0.05520103404583331, "pearsonr": -0.0024556284108556057, "spearmanr": 0.06743684653249717}, "total_time": 11.0875, "epochs": 30}