{"arquitecture": "A", "trainable_params": 132881, "non_trainable_params": 0, "train_metrics": {"mse": 5.864830082365041e-05, "mae": 0.0016065656397404758, "r2_score": -5955.192451529392, "kendalltau": 0.1581898348476429, "pearsonr": 0.012277069954300118, "spearmanr": 0.20777907753702518}, "test_metrics": {"mse": 0.00021717623158772146, "mae": 0.002116274647743133, "r2": -4540.917395970287, "kendalltau": 0.13713988750160844, "pearsonr": 0.009217795959583854, "spearmanr": 0.1830299501571147}, "total_time": 10.3964, "epochs": 50}