{"arquitecture": "B", "trainable_params": 132881, "non_trainable_params": 0, "train_metrics": {"mse": 1.7485022404127852e-05, "mae": 0.004146913531590563, "r2_score": -1774.7404220701928, "kendalltau": 0.14587173443836016, "pearsonr": 0.06888990932086536, "spearmanr": 0.19951390166284586}, "test_metrics": {"mse": 1.7710281779288875e-05, "mae": 0.004171248532816014, "r2": -369.384163648208, "kendalltau": 0.1463934741043708, "pearsonr": 0.0699114136013871, "spearmanr": 0.20164599725177038}, "total_time": 8.97, "epochs": 50}