{"arquitecture": "B", "trainable_params": 132881, "non_trainable_params": 0, "train_metrics": {"mse": 5.04630835815484e-06, "mae": 0.002166747184839714, "r2_score": -511.49197894597637, "kendalltau": 0.06556640432388747, "pearsonr": 0.05331246284011266, "spearmanr": 0.09908200136769302}, "test_metrics": {"mse": 4.8937742078129295e-06, "mae": 0.0021325675577000035, "r2": -101.34599819657664, "kendalltau": 0.004830614492684847, "pearsonr": 0.06736448846590513, "spearmanr": 0.010199591514751196}, "total_time": 8.9228, "epochs": 50}