{"arquitecture": "B", "trainable_params": 132881, "non_trainable_params": 0, "train_metrics": {"mse": 4.6473447915015774e-08, "mae": 0.00019136979614641048, "r2_score": -3.719741165226351, "kendalltau": 0.020876052095808142, "pearsonr": 0.008219380872422766, "spearmanr": 0.0254952916986906}, "test_metrics": {"mse": 8.872664680553542e-08, "mae": 0.00020227064854000848, "r2": -0.8555856580898362, "kendalltau": 0.02081125098672407, "pearsonr": 0.009693116904769603, "spearmanr": 0.025538018140550147}, "total_time": 8.9757, "epochs": 50}