{"arquitecture": "C", "trainable_params": 19649, "non_trainable_params": 0, "train_metrics": {"mse": 0.0006252090480748356, "mae": 0.01975170246369259, "r2_score": -63493.855954454746, "kendalltau": 0.027184666701228908, "pearsonr": 0.014909723246643757, "spearmanr": 0.03833136701280256}, "test_metrics": {"mse": 0.0004894131701374513, "mae": 0.01928564704393307, "r2": -10234.347464192442, "kendalltau": 0.003600520163937718, "pearsonr": 0.0006336033931418488, "spearmanr": 0.002079024226733474}, "total_time": 13.6953, "epochs": 30}