{"arquitecture": "A", "trainable_params": 222993, "non_trainable_params": 0, "train_metrics": {"mse": 0.0006142483024451514, "mae": 0.011344534302294281, "r2_score": -62380.70673332109, "kendalltau": -0.001625800420236551, "pearsonr": 0.0049781320564567, "spearmanr": -0.005658580813392934}, "test_metrics": {"mse": 0.0008712706713901537, "mae": 0.01336008837147659, "r2": -18220.328319656604, "kendalltau": 0.049300459696195405, "pearsonr": -0.05532305352187679, "spearmanr": 0.07172954597955693}, "total_time": 11.8221, "epochs": 50}