{"arquitecture": "D", "trainable_params": 20993, "non_trainable_params": 0, "train_metrics": {"mse": 96445257.0133647, "mae": 6622.534271641381, "r2_score": -9794768198589732.0, "kendalltau": 0.017799101623863722, "pearsonr": 0.018933238027168474, "spearmanr": 0.024712921222400003}, "test_metrics": {"mse": 89186661.23140605, "mae": 6742.375750544389, "r2": -1865206174607616.0, "kendalltau": 0.006374825938155655, "pearsonr": 0.017900457982023266, "spearmanr": 0.009796970501507274}, "total_time": 13.6011, "epochs": 50}