{"arquitecture": "D", "trainable_params": 21057, "non_trainable_params": 0, "train_metrics": {"mse": 33306372.151249576, "mae": 3471.514340975882, "r2_score": -3382521907865801.0, "kendalltau": 0.10300755418794552, "pearsonr": -0.0023209944088087484, "spearmanr": 0.15331166780211647}, "test_metrics": {"mse": 25246880.732166458, "mae": 3509.659904472975, "r2": -528000904855449.9, "kendalltau": 0.06717809530884594, "pearsonr": -0.02485561704989514, "spearmanr": 0.0984377449972678}, "total_time": 13.4555, "epochs": 50}