{"arquitecture": "C", "trainable_params": 19649, "non_trainable_params": 0, "train_metrics": {"mse": 3.927535079332385e-08, "mae": 0.0001495680076374148, "r2_score": -2.9887182516979185, "kendalltau": -0.007588714442681884, "pearsonr": -0.004592292390919611, "spearmanr": -0.009328938606177407}, "test_metrics": {"mse": 6.45853739242915e-08, "mae": 0.000155086335940055, "r2": -0.35070689461475113, "kendalltau": 0.01503555681026513, "pearsonr": -0.0036053560013841594, "spearmanr": 0.018379924431738207}, "total_time": 13.7476, "epochs": 50}