{"arquitecture": "D", "trainable_params": 21057, "non_trainable_params": 0, "train_metrics": {"mse": 4692.533861308758, "mae": 27.092966109508698, "r2_score": -476563419070.851, "kendalltau": 0.048131959663829785, "pearsonr": 0.010012374045096011, "spearmanr": 0.07055405055173959}, "test_metrics": {"mse": 5876.8673067120935, "mae": 29.447645287897203, "r2": -122905926025.17848, "kendalltau": 0.037821572932235044, "pearsonr": 0.01101939308255802, "spearmanr": 0.05501180201238912}, "total_time": 13.5498, "epochs": 50}