{"arquitecture": "C", "trainable_params": 19649, "non_trainable_params": 0, "train_metrics": {"mse": 1.2459685139470913e-05, "mae": 0.002932824546746339, "r2_score": -1264.3782212599565, "kendalltau": -0.03455687613278651, "pearsonr": -0.03697598526672394, "spearmanr": -0.05385499670725152}, "test_metrics": {"mse": 1.3230111498997928e-05, "mae": 0.0029609219751935735, "r2": -275.68807552567614, "kendalltau": -0.07386244895846064, "pearsonr": -0.07362523511227226, "spearmanr": -0.1109710963065648}, "total_time": 13.3453, "epochs": 50}