{"arquitecture": "C", "trainable_params": 21121, "non_trainable_params": 0, "train_metrics": {"mse": 1411.524789863016, "mae": 15.375167840498671, "r2_score": -143351353413.46054, "kendalltau": 0.008751023634077577, "pearsonr": 0.04758966499177443, "spearmanr": 0.013444422336195958}, "test_metrics": {"mse": 1391.5295897411127, "mae": 16.307295073294785, "r2": -29101768661.468506, "kendalltau": -0.0004659459516563645, "pearsonr": 0.02324281582853931, "spearmanr": 0.0034249112404691772}, "total_time": 14.2545, "epochs": 50}