{"arquitecture": "D", "trainable_params": 19649, "non_trainable_params": 0, "train_metrics": {"mse": 1.3012469538129594e-05, "mae": 0.002327145230517063, "r2_score": -1320.5177890969555, "kendalltau": 0.023638882264572128, "pearsonr": -4.286937790431422e-05, "spearmanr": 0.02885246296478751}, "test_metrics": {"mse": 1.5039884651436253e-05, "mae": 0.0023566269387094124, "r2": -313.536785321064, "kendalltau": 0.0031326250142432576, "pearsonr": -0.002653122936453539, "spearmanr": 0.004371852805663714}, "total_time": 11.7991, "epochs": 30}