{"arquitecture": "B", "trainable_params": 132881, "non_trainable_params": 0, "train_metrics": {"mse": 3.2705418930120747e-07, "mae": 0.0004194379748647035, "r2_score": -32.21490420352248, "kendalltau": 0.15609253849791105, "pearsonr": 0.08442288327275889, "spearmanr": 0.21824214105840478}, "test_metrics": {"mse": 3.1127968896892983e-07, "mae": 0.0003974143196953559, "r2": -5.509951038399614, "kendalltau": 0.1067856284819328, "pearsonr": 0.12020890936242135, "spearmanr": 0.1500140179334291}, "total_time": 8.9677, "epochs": 50}