{"arquitecture": "A", "trainable_params": 132881, "non_trainable_params": 0, "train_metrics": {"mse": 2.2883591383556855e-05, "mae": 0.0010631514200508416, "r2_score": -2323.007215016546, "kendalltau": 0.039264807532520374, "pearsonr": 0.015576623463048974, "spearmanr": 0.0481553111756159}, "test_metrics": {"mse": 2.1064852966326685e-06, "mae": 0.0009607630449078302, "r2": -43.05400233343244, "kendalltau": 0.045854507333684784, "pearsonr": 0.16629054121546877, "spearmanr": 0.0597811657204552}, "total_time": 10.356, "epochs": 50}