{"arquitecture": "B", "trainable_params": 227089, "non_trainable_params": 0, "train_metrics": {"mse": 4.737520329867389e-06, "mae": 0.0018254666640048912, "r2_score": -480.13214588382766, "kendalltau": -0.057808362775839305, "pearsonr": -0.12846025064153796, "spearmanr": -0.08036622746933318}, "test_metrics": {"mse": 5.120589819544686e-06, "mae": 0.0018596885371228542, "r2": -106.08950887023892, "kendalltau": -0.07839907077467793, "pearsonr": -0.16831212652897354, "spearmanr": -0.10677209403307886}, "total_time": 10.4034, "epochs": 50}