{"arquitecture": "C", "trainable_params": 21057, "non_trainable_params": 0, "train_metrics": {"mse": 443185255.93039507, "mae": 13445.137371016577, "r2_score": -4.500891993340174e+16, "kendalltau": 0.08563920414264017, "pearsonr": 0.050042926359835635, "spearmanr": 0.13120474069774488}, "test_metrics": {"mse": 360243253.77159613, "mae": 12667.49136666865, "r2": -7533951064185684.0, "kendalltau": 0.09667827573476738, "pearsonr": 0.07728275453442565, "spearmanr": 0.148169283608859}, "total_time": 14.3166, "epochs": 50}