{"arquitecture": "B", "trainable_params": 227089, "non_trainable_params": 0, "train_metrics": {"mse": 2.6152384233466572e-06, "mae": 0.0009529240396655497, "r2_score": -264.5978628080814, "kendalltau": 0.1016328385579196, "pearsonr": 0.15186747103478743, "spearmanr": 0.14972095834078458}, "test_metrics": {"mse": 3.6218232401741028e-06, "mae": 0.001011127304422807, "r2": -74.74503830098811, "kendalltau": 0.11526365875178744, "pearsonr": 0.21267566970823057, "spearmanr": 0.1681249874653829}, "total_time": 10.3014, "epochs": 50}