{"arquitecture": "C", "trainable_params": 20993, "non_trainable_params": 0, "train_metrics": {"mse": 11683.406057725471, "mae": 33.69722116959106, "r2_score": -1186541024920.1355, "kendalltau": -0.003923481606166634, "pearsonr": -0.02412029405375644, "spearmanr": -0.005374135869873061}, "test_metrics": {"mse": 1208169.2528210804, "mae": 103.41475722816996, "r2": -25267060334122.277, "kendalltau": 0.011971829088016153, "pearsonr": -0.007512260264537768, "spearmanr": 0.01845648934617314}, "total_time": 14.9578, "epochs": 50}