{"arquitecture": "B", "trainable_params": 132881, "non_trainable_params": 0, "train_metrics": {"mse": 1.1596606606722747e-06, "mae": 0.0009726682484596436, "r2_score": -116.7725863567802, "kendalltau": -0.14178467657689947, "pearsonr": -0.05846355226133929, "spearmanr": -0.20445524420930317}, "test_metrics": {"mse": 1.2634659627781984e-06, "mae": 0.001004507988171815, "r2": -25.423508657487396, "kendalltau": -0.1286111831487017, "pearsonr": -0.0684747822519871, "spearmanr": -0.18281210129353712}, "total_time": 8.9565, "epochs": 50}