{"arquitecture": "A", "trainable_params": 227089, "non_trainable_params": 0, "train_metrics": {"mse": 0.0008198667734998894, "mae": 0.012965376564189108, "r2_score": -83262.8664547733, "kendalltau": 0.09217095012768232, "pearsonr": 0.047786752786101366, "spearmanr": 0.13356860668391843}, "test_metrics": {"mse": 0.0009362523979674412, "mae": 0.013962931502575765, "r2": -19579.324339634753, "kendalltau": 0.08355051414500916, "pearsonr": -0.07849799176277218, "spearmanr": 0.12197850955094942}, "total_time": 11.9249, "epochs": 50}