{"arquitecture": "A", "trainable_params": 132881, "non_trainable_params": 0, "train_metrics": {"mse": 2.5663118134843438e-05, "mae": 0.00013419627617686867, "r2_score": -2605.2898391051376, "kendalltau": -0.0006106680458624034, "pearsonr": -0.0020921351589892447, "spearmanr": -0.0007616268504669248}, "test_metrics": {"mse": 4.7982058066284726e-08, "mae": 2.377619094512006e-05, "r2": -0.0034732743656105125, "kendalltau": -0.03366421851462728, "pearsonr": -0.00533130666284082, "spearmanr": -0.04117976750778255}, "total_time": 10.8479, "epochs": 30}