{"arquitecture": "A", "trainable_params": 227089, "non_trainable_params": 0, "train_metrics": {"mse": 0.0007772691147810099, "mae": 0.014814553758783931, "r2_score": -78936.74191661958, "kendalltau": -0.02562996824093851, "pearsonr": 0.04257877172843109, "spearmanr": -0.033121315623355053}, "test_metrics": {"mse": 0.0009100524962131475, "mae": 0.0160698865853708, "r2": -19031.392419642514, "kendalltau": -0.04531027112665889, "pearsonr": 0.015616272120694573, "spearmanr": -0.06214187644658525}, "total_time": 12.2449, "epochs": 50}