{"arquitecture": "C", "trainable_params": 20993, "non_trainable_params": 0, "train_metrics": {"mse": 192394.54472756325, "mae": 252.98411364107218, "r2_score": -19539166845897.406, "kendalltau": 0.013800044978430898, "pearsonr": -0.005171752320539882, "spearmanr": 0.020159141531733607}, "test_metrics": {"mse": 218605.1625035449, "mae": 265.8788201008052, "r2": -4571801357656.856, "kendalltau": -0.03122048556641528, "pearsonr": -0.04284220822945467, "spearmanr": -0.0470019279384156}, "total_time": 14.0706, "epochs": 50}