{"arquitecture": "A", "trainable_params": 222993, "non_trainable_params": 0, "train_metrics": {"mse": 0.000683719505392996, "mae": 0.012430129598804332, "r2_score": -69436.04932271384, "kendalltau": 0.08878292175312276, "pearsonr": 0.07755762314853068, "spearmanr": 0.13195599786168355}, "test_metrics": {"mse": 0.0012772124010130101, "mae": 0.01588231091672367, "r2": -26709.994937615174, "kendalltau": 0.037245273982538345, "pearsonr": 0.038591391660954544, "spearmanr": 0.05856094365794732}, "total_time": 11.8525, "epochs": 50}