{"arquitecture": "B", "trainable_params": 132881, "non_trainable_params": 0, "train_metrics": {"mse": 9.984861680913193e-09, "mae": 2.50141966780372e-05, "r2_score": -0.014040593473387819, "kendalltau": -0.0074388028431019, "pearsonr": 0.007282189531006186, "spearmanr": -0.009103066918844807}, "test_metrics": {"mse": 4.781682374982809e-08, "mae": 3.604848004303001e-05, "r2": -1.7644756241885773e-05, "kendalltau": 0.03366421851462728, "pearsonr": 0.005331306662840821, "spearmanr": 0.04117976750778255}, "total_time": 9.8415, "epochs": 30}