{"arquitecture": "B", "trainable_params": 222993, "non_trainable_params": 0, "train_metrics": {"mse": 1.546284416947892e-06, "mae": 0.0010835589459050811, "r2_score": -156.03724477604246, "kendalltau": -0.038003555212392494, "pearsonr": 0.10045456660739341, "spearmanr": -0.06233590445270214}, "test_metrics": {"mse": 1.6207096966115102e-06, "mae": 0.0010924818599592403, "r2": -32.894729229999776, "kendalltau": 0.00020357479787120252, "pearsonr": 0.15578335948924457, "spearmanr": -0.0005806710588008798}, "total_time": 10.2049, "epochs": 50}