{"arquitecture": "C", "trainable_params": 19649, "non_trainable_params": 0, "train_metrics": {"mse": 4.183172569556847e-06, "mae": 0.0011171038549807142, "r2_score": -423.83380647563126, "kendalltau": -0.11668669745816886, "pearsonr": -0.015335770153584583, "spearmanr": -0.15017399547725482}, "test_metrics": {"mse": 3.8117017747632006e-06, "mae": 0.0010965277135185326, "r2": -78.71606502461567, "kendalltau": -0.16110513351121689, "pearsonr": -0.0127698001800249, "spearmanr": -0.20495629123953094}, "total_time": 11.904, "epochs": 30}