{"arquitecture": "B", "trainable_params": 132881, "non_trainable_params": 0, "train_metrics": {"mse": 1.848427396993132e-06, "mae": 0.0012984600925325907, "r2_score": -186.72222135259045, "kendalltau": -0.12727045496788297, "pearsonr": 0.003234116260019353, "spearmanr": -0.16865716963565344}, "test_metrics": {"mse": 1.8284516309205076e-06, "mae": 0.001289412547520544, "r2": -37.239342350931636, "kendalltau": -0.07446816649269919, "pearsonr": 0.023660716830587958, "spearmanr": -0.10117577090153192}, "total_time": 9.0626, "epochs": 50}