{"arquitecture": "D", "trainable_params": 21057, "non_trainable_params": 0, "train_metrics": {"mse": 1533.9921960374847, "mae": 22.052152296394514, "r2_score": -155788873852.59665, "kendalltau": 0.011069336001731057, "pearsonr": -3.385886374019553e-05, "spearmanr": 0.01753626590183587}, "test_metrics": {"mse": 1407.1048473610645, "mae": 21.82479972689232, "r2": -29427501974.97894, "kendalltau": 0.01408926318613219, "pearsonr": 0.0434835041257538, "spearmanr": 0.02148732542330646}, "total_time": 13.6708, "epochs": 50}