{"arquitecture": "D", "trainable_params": 20993, "non_trainable_params": 0, "train_metrics": {"mse": 468.20814228808155, "mae": 2.7790182015769282, "r2_score": -47550189240.22503, "kendalltau": -0.005513321630429352, "pearsonr": 0.005350398644065615, "spearmanr": -0.006869740370193681}, "test_metrics": {"mse": 373.94093587305036, "mae": 2.359748280558209, "r2": -7820417681.407378, "kendalltau": -0.03106024305499089, "pearsonr": 0.0038782595498677666, "spearmanr": -0.04245542173757021}, "total_time": 13.3879, "epochs": 50}