{"arquitecture": "C", "trainable_params": 19649, "non_trainable_params": 0, "train_metrics": {"mse": 5.5395554588246265e-05, "mae": 0.007295070023554466, "r2_score": -5624.850697344383, "kendalltau": -0.0038976040924776265, "pearsonr": 0.00028607477602862156, "spearmanr": -0.004631223769589491}, "test_metrics": {"mse": 5.2678596148180706e-05, "mae": 0.007237193701704745, "r2": -1100.694372775195, "kendalltau": 0.01257520618514807, "pearsonr": 0.00814421378502627, "spearmanr": 0.015669817907913733}, "total_time": 13.0409, "epochs": 30}