{"arquitecture": "A", "trainable_params": 132881, "non_trainable_params": 0, "train_metrics": {"mse": 1.6299605062620489e-06, "mae": 0.00020530775402685233, "r2_score": -164.5352043852235, "kendalltau": -0.03643470264498263, "pearsonr": -2.129043115585277e-05, "spearmanr": -0.0463039347115011}, "test_metrics": {"mse": 2.168845374611297e-06, "mae": 0.0002136569489577034, "r2": -44.35817047795977, "kendalltau": -0.024477730837671487, "pearsonr": 0.0011604645240261171, "spearmanr": -0.030441135910769364}, "total_time": 10.3445, "epochs": 50}