{"arquitecture": "C", "trainable_params": 19649, "non_trainable_params": 0, "train_metrics": {"mse": 1.9212893454676876e-05, "mae": 0.0037510871227887104, "r2_score": -1950.2192060070347, "kendalltau": -0.08547960282873758, "pearsonr": -0.00891347914082759, "spearmanr": -0.11221463341514211}, "test_metrics": {"mse": 1.8527099926928874e-05, "mae": 0.0037174663211282408, "r2": -386.4666985415894, "kendalltau": -0.02353299715363998, "pearsonr": -0.011924313762271899, "spearmanr": -0.03015669589216816}, "total_time": 12.5474, "epochs": 50}