{"arquitecture": "B", "trainable_params": 227089, "non_trainable_params": 0, "train_metrics": {"mse": 6.835823377292238e-07, "mae": 0.000454222353220532, "r2_score": -68.42311887644208, "kendalltau": 0.010280415989969743, "pearsonr": -0.12382457947922533, "spearmanr": 0.01369353652589818}, "test_metrics": {"mse": 7.137496636913138e-07, "mae": 0.0004624423595937095, "r2": -13.927011073852713, "kendalltau": -0.014063000646015691, "pearsonr": -0.16718658779937476, "spearmanr": -0.023870599045752297}, "total_time": 10.2574, "epochs": 50}