{"arquitecture": "D", "trainable_params": 21121, "non_trainable_params": 0, "train_metrics": {"mse": 115187.3808031334, "mae": 223.1991626445393, "r2_score": -11698177072750.578, "kendalltau": 0.09752158184515126, "pearsonr": 0.1044041953433941, "spearmanr": 0.14568941102952274}, "test_metrics": {"mse": 150890.1855632208, "mae": 222.49456360510783, "r2": -3155643477558.6494, "kendalltau": 0.05098783315154695, "pearsonr": 0.14615008984182742, "spearmanr": 0.07800580723444792}, "total_time": 13.5904, "epochs": 50}