{"arquitecture": "C", "trainable_params": 21057, "non_trainable_params": 0, "train_metrics": {"mse": 130.81377389172349, "mae": 2.213259722063202, "r2_score": -13285159188.057983, "kendalltau": 0.04477881986958418, "pearsonr": -0.0035440678941494027, "spearmanr": 0.06497917499300852}, "test_metrics": {"mse": 43.275049019310686, "mae": 2.0678407938570684, "r2": -905033190.3180989, "kendalltau": -0.037318124754329586, "pearsonr": -0.005001927904686547, "spearmanr": -0.054906504544580986}, "total_time": 14.582, "epochs": 50}