{"arquitecture": "C", "trainable_params": 19649, "non_trainable_params": 0, "train_metrics": {"mse": 1.3646626378881175e-05, "mae": 0.0033699948288178566, "r2_score": -1384.9213631975563, "kendalltau": -0.038036505335073266, "pearsonr": 0.001797134981491008, "spearmanr": -0.04656920014804809}, "test_metrics": {"mse": 1.4251220752552475e-05, "mae": 0.0033744739341533643, "r2": -297.04305460418703, "kendalltau": -0.04136222168487356, "pearsonr": 0.0028068082140942983, "spearmanr": -0.05059635267779551}, "total_time": 11.9065, "epochs": 30}