{"arquitecture": "D", "trainable_params": 19649, "non_trainable_params": 0, "train_metrics": {"mse": 9.034610660602272e-06, "mae": 0.001252840070808479, "r2_score": -916.53518965525, "kendalltau": -0.0022080329005465683, "pearsonr": -1.777382262241622e-05, "spearmanr": -0.0026605652926207724}, "test_metrics": {"mse": 8.888593967152196e-06, "mae": 0.001217368500416471, "r2": -184.89170311125142, "kendalltau": 0.02722390418937848, "pearsonr": 0.0007818975292255458, "spearmanr": 0.033722145106370664}, "total_time": 11.4081, "epochs": 30}