{"arquitecture": "B", "trainable_params": 222993, "non_trainable_params": 0, "train_metrics": {"mse": 1.0751651493284167e-06, "mae": 0.0008330500755317309, "r2_score": -108.19140804834649, "kendalltau": -0.03701269498685677, "pearsonr": 0.040896990345098985, "spearmanr": -0.04978569090863866}, "test_metrics": {"mse": 1.361228404208719e-06, "mae": 0.0008989912130657531, "r2": -27.46806450118918, "kendalltau": -0.07650993424030743, "pearsonr": 0.04771229427969286, "spearmanr": -0.1103386850273586}, "total_time": 10.1826, "epochs": 50}