{"arquitecture": "A", "trainable_params": 132881, "non_trainable_params": 0, "train_metrics": {"mse": 1.127113561475324e-08, "mae": 3.77429718845311e-05, "r2_score": -0.14467174540349825, "kendalltau": -0.0074388028431019, "pearsonr": 0.007282189531006186, "spearmanr": -0.009103066918844807}, "test_metrics": {"mse": 5.017493413728062e-08, "mae": 4.8569194089122245e-05, "r2": -0.049334011064323446, "kendalltau": 0.03366421851462728, "pearsonr": 0.005331306662840821, "spearmanr": 0.04117976750778255}, "total_time": 11.1021, "epochs": 30}