{"arquitecture": "A", "trainable_params": 132881, "non_trainable_params": 0, "train_metrics": {"mse": 0.00014839688915605626, "mae": 0.002677270633835709, "r2_score": -15069.861706283467, "kendalltau": -0.1286438426522103, "pearsonr": -0.0003796905164589724, "spearmanr": -0.16958078902933366}, "test_metrics": {"mse": 0.0001435440725759317, "mae": 0.0025423436868785647, "r2": -3001.0104665906074, "kendalltau": -0.09507918140187284, "pearsonr": -0.21326604235094054, "spearmanr": -0.12739078981892113}, "total_time": 10.6385, "epochs": 50}