{"arquitecture": "D", "trainable_params": 21121, "non_trainable_params": 0, "train_metrics": {"mse": 103738.01742944504, "mae": 68.68173538242516, "r2_score": -10535404908110.48, "kendalltau": -0.047488853200256885, "pearsonr": 0.01992645977622554, "spearmanr": -0.07035026440901192}, "test_metrics": {"mse": 88196.81045577468, "mae": 55.209463452881714, "r2": -1844504920033.8354, "kendalltau": -0.03327953643111446, "pearsonr": 0.012572721354482872, "spearmanr": -0.050473901908382274}, "total_time": 13.5733, "epochs": 50}