{"arquitecture": "D", "trainable_params": 19649, "non_trainable_params": 0, "train_metrics": {"mse": 2.3411216256876378e-06, "mae": 0.0011522908127146038, "r2_score": -236.75916367912617, "kendalltau": -0.08919411678123533, "pearsonr": -0.007299891355089345, "spearmanr": -0.12035802245521174}, "test_metrics": {"mse": 5.691372527761551e-06, "mae": 0.0012179369069214843, "r2": -118.0265790220528, "kendalltau": -0.02114196172992754, "pearsonr": -0.002286739999012081, "spearmanr": -0.02752258725341165}, "total_time": 13.4939, "epochs": 50}