{"arquitecture": "B", "trainable_params": 132881, "non_trainable_params": 0, "train_metrics": {"mse": 1.5116021668198215e-07, "mae": 0.00037591704205947697, "r2_score": -14.351499172669978, "kendalltau": -0.0074388028431019, "pearsonr": 0.007282189531006188, "spearmanr": -0.009103066918844807}, "test_metrics": {"mse": 1.9738668470152808e-07, "mae": 0.00038674376262070573, "r2": -3.128048499711875, "kendalltau": 0.03366421851462728, "pearsonr": 0.005331306662840819, "spearmanr": 0.04117976750778255}, "total_time": 10.4014, "epochs": 30}