{"arquitecture": "D", "trainable_params": 19649, "non_trainable_params": 0, "train_metrics": {"mse": 1.8546800171497175e-05, "mae": 0.004006588478409983, "r2_score": -1882.5722370484816, "kendalltau": 0.023912161564938327, "pearsonr": -0.03558047804698759, "spearmanr": 0.027760570516654183}, "test_metrics": {"mse": 1.7074806392051423e-05, "mae": 0.003932980324690244, "r2": -356.0941424755231, "kendalltau": 0.06283181010846912, "pearsonr": -0.004469461082223295, "spearmanr": 0.07812528934006871}, "total_time": 12.8938, "epochs": 30}