{"arquitecture": "B", "trainable_params": 132881, "non_trainable_params": 0, "train_metrics": {"mse": 1.0063044146231295e-08, "mae": 1.47114576396221e-05, "r2_score": -0.021980632711180004, "kendalltau": 0.0074388028431019, "pearsonr": -0.007282189531006185, "spearmanr": 0.009103066918844807}, "test_metrics": {"mse": 4.846813429672588e-08, "mae": 2.5536982144920704e-05, "r2": -0.013638834706483305, "kendalltau": -0.03366421851462728, "pearsonr": -0.005331306662840818, "spearmanr": -0.04117976750778255}, "total_time": 9.9797, "epochs": 30}