{"arquitecture": "C", "trainable_params": 19649, "non_trainable_params": 0, "train_metrics": {"mse": 1.142955704207236e-07, "mae": 0.00032318568372289495, "r2_score": -10.607606771595254, "kendalltau": 0.03183811282594319, "pearsonr": 0.0019654435069472107, "spearmanr": 0.0389611712714029}, "test_metrics": {"mse": 1.596338824707102e-07, "mae": 0.00033434738458620926, "r2": -2.3385048744946855, "kendalltau": 0.024299279088476226, "pearsonr": 0.004490707697536361, "spearmanr": 0.02968861454997523}, "total_time": 12.5752, "epochs": 50}