{"arquitecture": "B", "trainable_params": 227089, "non_trainable_params": 0, "train_metrics": {"mse": 3.858222046636003e-06, "mae": 0.0013889949535852543, "r2_score": -390.83254600328746, "kendalltau": -0.10437386364623828, "pearsonr": -0.08928845711284825, "spearmanr": -0.14966828399129417}, "test_metrics": {"mse": 5.4171223316878526e-06, "mae": 0.0014960498516491138, "r2": -112.29104467149814, "kendalltau": -0.13360830132938684, "pearsonr": -0.14614635710482518, "spearmanr": -0.19378756798869456}, "total_time": 10.2649, "epochs": 50}