{"arquitecture": "A", "trainable_params": 132881, "non_trainable_params": 0, "train_metrics": {"mse": 3.475550757621046e-05, "mae": 0.0018654200215652893, "r2_score": -3528.6929146669954, "kendalltau": -0.08259900892294848, "pearsonr": 0.03732345618412765, "spearmanr": -0.11990313329935455}, "test_metrics": {"mse": 0.00013388068259727413, "mae": 0.0028189295649019845, "r2": -2798.9150589705446, "kendalltau": -0.03833100700173708, "pearsonr": 0.05849476483953326, "spearmanr": -0.06100766421200605}, "total_time": 10.346, "epochs": 50}