{"arquitecture": "D", "trainable_params": 19649, "non_trainable_params": 0, "train_metrics": {"mse": 1.0796324518956853e-06, "mae": 0.0010024240672009555, "r2_score": -108.64509747252727, "kendalltau": -0.038036505335073266, "pearsonr": 0.0018011020519776023, "spearmanr": -0.04656920014804809}, "test_metrics": {"mse": 1.1615717325100085e-06, "mae": 0.0010151950248661018, "r2": -23.29254260461543, "kendalltau": -0.04136222168487356, "pearsonr": 0.0028068082140943074, "spearmanr": -0.05059635267779551}, "total_time": 11.7248, "epochs": 30}