{"arquitecture": "A", "trainable_params": 222993, "non_trainable_params": 0, "train_metrics": {"mse": 0.0008078924714120068, "mae": 0.017088944289217072, "r2_score": -82046.78266877182, "kendalltau": 0.06334048262263622, "pearsonr": -0.023409644469756002, "spearmanr": 0.08921243035413835}, "test_metrics": {"mse": 0.0023563145862827563, "mae": 0.02192359834230713, "r2": -49277.80980149234, "kendalltau": 0.015454889587248376, "pearsonr": -0.0022623249809388983, "spearmanr": 0.023373716441092908}, "total_time": 11.8855, "epochs": 50}