{"arquitecture": "A", "trainable_params": 132881, "non_trainable_params": 0, "train_metrics": {"mse": 1.010623857250899e-08, "mae": 1.6112439452299034e-05, "r2_score": -0.02636736365018799, "kendalltau": 0.0074388028431019, "pearsonr": -0.00728218953100619, "spearmanr": 0.009103066918844807}, "test_metrics": {"mse": 4.85416444639139e-08, "mae": 2.6937415765296346e-05, "r2": -0.015176190358577646, "kendalltau": -0.03366421851462728, "pearsonr": -0.00533130666284082, "spearmanr": -0.04117976750778255}, "total_time": 11.0609, "epochs": 30}