{"arquitecture": "C", "trainable_params": 21057, "non_trainable_params": 0, "train_metrics": {"mse": 4516.122504038816, "mae": 27.915791559779926, "r2_score": -458647469592.71094, "kendalltau": 0.038534160356381734, "pearsonr": 0.018826450053848857, "spearmanr": 0.05801843634100023}, "test_metrics": {"mse": 5392.529099219525, "mae": 27.398315002045464, "r2": -112776713845.46068, "kendalltau": -0.03127846828049304, "pearsonr": -0.026514416897513115, "spearmanr": -0.04940104535851429}, "total_time": 14.2034, "epochs": 50}