{"arquitecture": "C", "trainable_params": 19649, "non_trainable_params": 0, "train_metrics": {"mse": 1.3150217336832504e-05, "mae": 0.0025883646531751365, "r2_score": -1334.5071525964383, "kendalltau": -0.06584111244427235, "pearsonr": -0.024750757297731105, "spearmanr": -0.08145084699710793}, "test_metrics": {"mse": 1.1301531075684684e-05, "mae": 0.002508546367918635, "r2": -235.35468862538795, "kendalltau": 0.005812587107387279, "pearsonr": -0.0047615106435562465, "spearmanr": 0.006881238117410223}, "total_time": 11.8339, "epochs": 30}