{"arquitecture": "B", "trainable_params": 132881, "non_trainable_params": 0, "train_metrics": {"mse": 1.1746048976317899e-08, "mae": 5.484972722141927e-05, "r2_score": -0.19290290196824533, "kendalltau": -0.0074388028431019, "pearsonr": 0.007282189531006185, "spearmanr": -0.009103066918844807}, "test_metrics": {"mse": 4.888893100318282e-08, "mae": 6.554771416509582e-05, "r2": -0.02243917103818638, "kendalltau": 0.03366421851462728, "pearsonr": 0.005331306662840816, "spearmanr": 0.04117976750778255}, "total_time": 9.2286, "epochs": 30}