{"arquitecture": "A", "trainable_params": 132881, "non_trainable_params": 0, "train_metrics": {"mse": 1.094616855177593e-08, "mae": 3.315930797968627e-05, "r2_score": -0.11166880515939503, "kendalltau": 0.0074388028431019, "pearsonr": -0.007282189531006188, "spearmanr": 0.009103066918844807}, "test_metrics": {"mse": 4.9750635100431366e-08, "mae": 4.398423445701982e-05, "r2": -0.04046042870924582, "kendalltau": -0.03366421851462728, "pearsonr": -0.005331306662840821, "spearmanr": -0.04117976750778255}, "total_time": 11.3187, "epochs": 30}