{"arquitecture": "A", "trainable_params": 227089, "non_trainable_params": 0, "train_metrics": {"mse": 0.0028800816672590367, "mae": 0.025130656373141103, "r2_score": -292493.7602130502, "kendalltau": -0.0790395797453036, "pearsonr": -0.0009304043850728761, "spearmanr": -0.1141851308216329}, "test_metrics": {"mse": 0.00474216966322411, "mae": 0.03103138904637607, "r2": -99174.4149640465, "kendalltau": -0.07669652786134758, "pearsonr": 0.037265121444069745, "spearmanr": -0.11443358639715881}, "total_time": 12.0803, "epochs": 50}