{"arquitecture": "A", "trainable_params": 132881, "non_trainable_params": 0, "train_metrics": {"mse": 9.919059963215738e-09, "mae": 1.0257364988869339e-05, "r2_score": -0.007357915736044163, "kendalltau": 0.11704791883834258, "pearsonr": 0.03880170754150417, "spearmanr": 0.1438672199666203}, "test_metrics": {"mse": 4.8249931518976696e-08, "mae": 2.1274385544686996e-05, "r2": -0.009075448626604032, "kendalltau": 0.09787238300695365, "pearsonr": -0.003044313933936806, "spearmanr": 0.12030891852743768}, "total_time": 10.6942, "epochs": 30}