{"arquitecture": "A", "trainable_params": 132881, "non_trainable_params": 0, "train_metrics": {"mse": 6.018808528284947e-05, "mae": 0.002940632826932575, "r2_score": -6111.569574891257, "kendalltau": 0.1320084242534053, "pearsonr": 0.005408752095578681, "spearmanr": 0.1964975131752976}, "test_metrics": {"mse": 6.920198194166438e-05, "mae": 0.0029960323209794757, "r2": -1446.2563747820238, "kendalltau": 0.09783068527179077, "pearsonr": 0.007020159649958307, "spearmanr": 0.14397988901198588}, "total_time": 10.4908, "epochs": 50}