{"arquitecture": "C", "trainable_params": 21121, "non_trainable_params": 0, "train_metrics": {"mse": 15899.281663807385, "mae": 25.05304807182371, "r2_score": -1614696079864.301, "kendalltau": 0.061688393506306866, "pearsonr": 0.0047948297383361045, "spearmanr": 0.08724376207417069}, "test_metrics": {"mse": 14837.5924638688, "mae": 23.70106854450824, "r2": -310306145534.74115, "kendalltau": 0.04384601551944281, "pearsonr": 0.0065504021294408715, "spearmanr": 0.06757533368923897}, "total_time": 15.3149, "epochs": 50}