{"arquitecture": "B", "trainable_params": 227089, "non_trainable_params": 0, "train_metrics": {"mse": 1.742853758078728e-05, "mae": 0.002140387401272359, "r2_score": -1769.0039476338966, "kendalltau": 0.06567523804451171, "pearsonr": 0.17266112728356198, "spearmanr": 0.09967152416882188}, "test_metrics": {"mse": 1.929006192445909e-05, "mae": 0.0023707177294799856, "r2": -402.42291227507536, "kendalltau": 0.06879019996993065, "pearsonr": 0.20242167644691797, "spearmanr": 0.0972057830174606}, "total_time": 10.7855, "epochs": 50}