{"arquitecture": "B", "trainable_params": 222993, "non_trainable_params": 0, "train_metrics": {"mse": 0.00013696343093669492, "mae": 0.008109275834336353, "r2_score": -13908.704834137998, "kendalltau": -0.13697468888173536, "pearsonr": -0.125731753122777, "spearmanr": -0.20573072259389322}, "test_metrics": {"mse": 0.00012057163627448985, "mae": 0.008016623581913126, "r2": -2520.576179180138, "kendalltau": -0.1019759187850648, "pearsonr": -0.1869682507271192, "spearmanr": -0.1509133129567144}, "total_time": 10.1702, "epochs": 50}