{"arquitecture": "B", "trainable_params": 132881, "non_trainable_params": 0, "train_metrics": {"mse": 8.173649324365087e-07, "mae": 0.0007720880196171045, "r2_score": -82.0097849784584, "kendalltau": 0.17045246489060129, "pearsonr": 0.057823069405133966, "spearmanr": 0.24226399073702487}, "test_metrics": {"mse": 7.910450742554386e-07, "mae": 0.0007528542342347389, "r2": -15.543529452974052, "kendalltau": 0.12424622968626903, "pearsonr": 0.095342347031215, "spearmanr": 0.17647334748822455}, "total_time": 9.1981, "epochs": 50}