{"arquitecture": "B", "trainable_params": 132881, "non_trainable_params": 0, "train_metrics": {"mse": 9.846407206599669e-09, "mae": 1.5025629981506222e-05, "r2_score": 2.053844697857965e-05, "kendalltau": 0.16925509689532434, "pearsonr": 0.009501491372509725, "spearmanr": 0.20799290342884502}, "test_metrics": {"mse": 4.7921403052445735e-08, "mae": 2.5973641113501592e-05, "r2": -0.002204765097841843, "kendalltau": 0.19489123507754094, "pearsonr": 0.009078414479431049, "spearmanr": 0.23914612544319483}, "total_time": 10.5185, "epochs": 30}