{"arquitecture": "A", "trainable_params": 263953, "non_trainable_params": 0, "train_metrics": {"mse": 1.5241388677558326e-08, "mae": 7.344866089375771e-05, "r2_score": -0.5478819150288221, "kendalltau": 0.09530334862804549, "pearsonr": 0.005549927887372816, "spearmanr": 0.12130657250925182}, "test_metrics": {"mse": 5.4932481190399735e-08, "mae": 8.43686852287086e-05, "r2": -0.14883102123314051, "kendalltau": 0.06506226838736291, "pearsonr": 0.006976291845366469, "spearmanr": 0.08350563033598933}, "total_time": 12.3837, "epochs": 50}