{"arquitecture": "B", "trainable_params": 132881, "non_trainable_params": 0, "train_metrics": {"mse": 1.481088666934618e-08, "mae": 8.077557619026968e-05, "r2_score": -0.5041610778405194, "kendalltau": 0.06379756238043555, "pearsonr": 0.01271688113046555, "spearmanr": 0.08798937064958905}, "test_metrics": {"mse": 5.1399989493990935e-08, "mae": 9.129236459489662e-05, "r2": -0.07495421910915168, "kendalltau": 0.037153694732380005, "pearsonr": 0.005759812763162788, "spearmanr": 0.046860870852960104}, "total_time": 8.8478, "epochs": 50}