{"arquitecture": "A", "trainable_params": 132881, "non_trainable_params": 0, "train_metrics": {"mse": 5.881296846939713e-08, "mae": 0.00023075141891005924, "r2_score": -4.97291573549216, "kendalltau": 0.09490635631495548, "pearsonr": 0.3642422840334279, "spearmanr": 0.14083656723710108}, "test_metrics": {"mse": 8.875006739709155e-08, "mae": 0.00023950926514217663, "r2": -0.8560754648768634, "kendalltau": 0.0625738548284428, "pearsonr": 0.3996972200766828, "spearmanr": 0.09582313810498888}, "total_time": 10.167, "epochs": 50}