{"arquitecture": "A", "trainable_params": 132881, "non_trainable_params": 0, "train_metrics": {"mse": 1.6670112933010867e-08, "mae": 6.422517601198243e-05, "r2_score": -0.6929800083432622, "kendalltau": -0.04102794550492568, "pearsonr": 0.04859344115979839, "spearmanr": -0.06043303687020835}, "test_metrics": {"mse": 5.295790643512512e-08, "mae": 7.196909652361361e-05, "r2": -0.10753573138921912, "kendalltau": -0.0312600476407101, "pearsonr": 0.04703328807665626, "spearmanr": -0.04778298093332628}, "total_time": 10.9688, "epochs": 30}