{"arquitecture": "D", "trainable_params": 19649, "non_trainable_params": 0, "train_metrics": {"mse": 1.1259613933167247e-08, "mae": 3.761367293642659e-05, "r2_score": -0.14350162876025974, "kendalltau": 0.14916951528895378, "pearsonr": 0.026351627017674017, "spearmanr": 0.1828158592975547}, "test_metrics": {"mse": 5.016394807634763e-08, "mae": 4.8464857533881383e-05, "r2": -0.04910425396383444, "kendalltau": 0.06762728189702474, "pearsonr": 0.005028620465119414, "spearmanr": 0.08268501599813452}, "total_time": 13.628, "epochs": 50}