{"arquitecture": "B", "trainable_params": 263953, "non_trainable_params": 0, "train_metrics": {"mse": 1.2661190588900054e-07, "mae": 0.000348542804068203, "r2_score": -11.858426715505248, "kendalltau": -0.0074388028431019, "pearsonr": 0.007282189531006186, "spearmanr": -0.009103066918844807}, "test_metrics": {"mse": 1.5729983809819622e-07, "mae": 0.00035597868584536814, "r2": -2.289691813042305, "kendalltau": 0.03366421851462728, "pearsonr": 0.0053313066628408205, "spearmanr": 0.04117976750778255}, "total_time": 10.7625, "epochs": 50}