{"arquitecture": "C", "trainable_params": 19649, "non_trainable_params": 0, "train_metrics": {"mse": 1.0416427221804239e-08, "mae": 2.3845533462054217e-05, "r2_score": -0.0578694407016247, "kendalltau": 0.0919590533157888, "pearsonr": -0.0014758457514358883, "spearmanr": 0.1128292787807452}, "test_metrics": {"mse": 4.902748742903983e-08, "mae": 3.478315064925084e-05, "r2": -0.025336872302835323, "kendalltau": 0.01784219408151462, "pearsonr": -0.004499902526409728, "spearmanr": 0.021801645484124003}, "total_time": 12.2293, "epochs": 50}