{"arquitecture": "A", "trainable_params": 128785, "non_trainable_params": 0, "train_metrics": {"mse": 4.6140976823244816e-08, "mae": 0.0001904866933394069, "r2_score": -3.685976132320924, "kendalltau": -0.1139010198177286, "pearsonr": 0.005387170924220101, "spearmanr": -0.15700111240556772}, "test_metrics": {"mse": 8.83783084261278e-08, "mae": 0.0002012454211512325, "r2": -0.8483006797404602, "kendalltau": -0.17061022507044749, "pearsonr": -0.035430507317709116, "spearmanr": -0.24422722452792636}, "total_time": 10.6476, "epochs": 50}