{"arquitecture": "B", "trainable_params": 263953, "non_trainable_params": 0, "train_metrics": {"mse": 1.0726677278166844e-08, "mae": 2.919374233616318e-05, "r2_score": -0.08937775411977467, "kendalltau": -0.037569096100038155, "pearsonr": 0.001606415561849058, "spearmanr": -0.04863794097089598}, "test_metrics": {"mse": 4.949884312799917e-08, "mae": 3.996279074864518e-05, "r2": -0.03519457465424747, "kendalltau": -0.07521536706994096, "pearsonr": -0.025493996380385926, "spearmanr": -0.10042116698018215}, "total_time": 10.3999, "epochs": 50}