{"arquitecture": "B", "trainable_params": 190225, "non_trainable_params": 0, "train_metrics": {"mse": 8.780631348016732e-06, "mae": 0.002938462479797349, "r2_score": -890.7416092237332, "kendalltau": 0.01000143800234088, "pearsonr": -0.02678375451994055, "spearmanr": 0.018647091047653844}, "test_metrics": {"mse": 8.99100173180153e-06, "mae": 0.002968692759298082, "r2": -187.0334089707868, "kendalltau": -0.02150111182603208, "pearsonr": -0.08020987027838608, "spearmanr": -0.02676636083587884}, "total_time": 9.8646, "epochs": 50}