{"arquitecture": "D", "trainable_params": 21697, "non_trainable_params": 0, "train_metrics": {"mse": 1.0526713456240616e-08, "mae": 2.6077669284275626e-05, "r2_score": -0.0690698681280344, "kendalltau": -0.023627607452206375, "pearsonr": -0.00300541085081762, "spearmanr": -0.028916123474068012}, "test_metrics": {"mse": 4.9177487588082327e-08, "mae": 3.688044414605094e-05, "r2": -0.02847390220142354, "kendalltau": -0.03220146117748546, "pearsonr": -0.0031751568258018108, "spearmanr": -0.03939044906459248}, "total_time": 15.6756, "epochs": 50}