{"arquitecture": "B", "trainable_params": 190225, "non_trainable_params": 0, "train_metrics": {"mse": 4.063217592654012e-05, "mae": 0.004139762460941602, "r2_score": -4125.5144282795445, "kendalltau": -0.1486213246536409, "pearsonr": -0.14136259178224242, "spearmanr": -0.20357841968616402}, "test_metrics": {"mse": 7.620923429668159e-05, "mae": 0.0044986935242729035, "r2": -1592.8026203657685, "kendalltau": -0.10107580482840163, "pearsonr": -0.11117434270231287, "spearmanr": -0.13986507003514217}, "total_time": 9.6608, "epochs": 50}