{"arquitecture": "D", "trainable_params": 21697, "non_trainable_params": 0, "train_metrics": {"mse": 9.110689968073118e-08, "mae": 0.00021061818633076902, "r2_score": -8.252616368073676, "kendalltau": 0.08049800200403609, "pearsonr": 0.0605350338741894, "spearmanr": 0.12454059237698287}, "test_metrics": {"mse": 1.3429849445472908e-07, "mae": 0.00023306032526003152, "r2": -1.8086529716313544, "kendalltau": 0.07861039010030083, "pearsonr": 0.06416925756004892, "spearmanr": 0.11768468654575345}, "total_time": 14.2613, "epochs": 50}