{"arquitecture": "A", "trainable_params": 190225, "non_trainable_params": 0, "train_metrics": {"mse": 0.00044805748156865, "mae": 0.006457538480144075, "r2_score": -45502.73245415971, "kendalltau": 0.0675720374397785, "pearsonr": -0.022732839059469406, "spearmanr": 0.09118124584802804}, "test_metrics": {"mse": 0.0013702841329687008, "mae": 0.009739784943980302, "r2": -28656.451579542343, "kendalltau": 0.010766182619761151, "pearsonr": -0.013751396501603218, "spearmanr": 0.011167908658625719}, "total_time": 11.4224, "epochs": 50}