{"arquitecture": "C", "trainable_params": 21697, "non_trainable_params": 0, "train_metrics": {"mse": 7.374926279837696e-06, "mae": 0.0018310747283236917, "r2_score": -747.9812939446886, "kendalltau": 0.13780760614551324, "pearsonr": 0.0610187443584555, "spearmanr": 0.20297155303186978}, "test_metrics": {"mse": 6.631688237291708e-06, "mae": 0.0017654120613965064, "r2": -137.69188147065015, "kendalltau": 0.17247979633581265, "pearsonr": 0.07127148743343434, "spearmanr": 0.24925713734480617}, "total_time": 13.9018, "epochs": 30}