{"arquitecture": "D", "trainable_params": 21697, "non_trainable_params": 0, "train_metrics": {"mse": 5.272706751094584e-06, "mae": 0.0017848732292717758, "r2_score": -534.4845018345902, "kendalltau": 0.03373834672611192, "pearsonr": 0.03186382921189283, "spearmanr": 0.043053139463688814}, "test_metrics": {"mse": 5.558694813221805e-06, "mae": 0.001828882347723598, "r2": -115.2518222481641, "kendalltau": 0.07483268800878388, "pearsonr": 0.04046124649732344, "spearmanr": 0.10290655753419303}, "total_time": 13.0642, "epochs": 30}