{"arquitecture": "C", "trainable_params": 21697, "non_trainable_params": 0, "train_metrics": {"mse": 1.0550773139033824e-08, "mae": 2.624060128253767e-05, "r2_score": -0.07151331660013938, "kendalltau": -0.08845030250789844, "pearsonr": 0.003862893482942549, "spearmanr": -0.10897814046210387}, "test_metrics": {"mse": 4.918311774087099e-08, "mae": 3.698182058459208e-05, "r2": -0.02859164846079021, "kendalltau": -0.061321383941741595, "pearsonr": 0.006273419374758401, "spearmanr": -0.07542934114235074}, "total_time": 15.4338, "epochs": 50}