{"arquitecture": "B", "trainable_params": 263953, "non_trainable_params": 0, "train_metrics": {"mse": 0.0014310733235992049, "mae": 0.016199085512756752, "r2_score": -145335.65950931338, "kendalltau": 0.0006333182664996272, "pearsonr": 0.0015469906930287017, "spearmanr": 0.006713591569652191}, "test_metrics": {"mse": 0.0011638172459124217, "mae": 0.014179879780980082, "r2": -24338.504172696543, "kendalltau": -0.041777756642896464, "pearsonr": -0.027262821375808564, "spearmanr": -0.04911707389297379}, "total_time": 10.3028, "epochs": 30}