{"arquitecture": "B", "trainable_params": 263953, "non_trainable_params": 0, "train_metrics": {"mse": 4.896146070873665e-05, "mae": 0.002608639676905674, "r2_score": -4971.418272885929, "kendalltau": -0.013184663982527788, "pearsonr": 0.03999250612472718, "spearmanr": -0.016458528833292428}, "test_metrics": {"mse": 3.4516272701897874e-05, "mae": 0.0023726614335220914, "r2": -720.8564309855518, "kendalltau": -0.003278799519433306, "pearsonr": 0.05615287617970449, "spearmanr": -0.004703400736028821}, "total_time": 11.9361, "epochs": 30}