{"arquitecture": "D", "trainable_params": 20545, "non_trainable_params": 0, "train_metrics": {"mse": 1.7806312562066018, "mae": 0.9727398265760713, "r2_score": -180836993.3924819, "kendalltau": -0.08391551834101138, "pearsonr": 0.11076211606461316, "spearmanr": -0.12267869377027238}, "test_metrics": {"mse": 1.7441061132135085, "mae": 0.9517895376828087, "r2": -36475380.48217146, "kendalltau": -0.10000395957630662, "pearsonr": 0.06602574915970352, "spearmanr": -0.1487361912885432}, "total_time": 12.9659, "epochs": 50}