{"arquitecture": "B", "trainable_params": 263953, "non_trainable_params": 0, "train_metrics": {"mse": 4.050828572387933e-08, "mae": 3.590889615200638e-05, "r2_score": -3.1139324117582907, "kendalltau": 0.04118530799783523, "pearsonr": -0.004376249487830862, "spearmanr": 0.055534743337887583}, "test_metrics": {"mse": 6.572650747331174e-08, "mae": 4.19358711418435e-05, "r2": -0.37457200305469973, "kendalltau": -0.028681585194073638, "pearsonr": 0.0025742010038161444, "spearmanr": -0.04304156722545304}, "total_time": 10.4492, "epochs": 50}