{"arquitecture": "A", "trainable_params": 190225, "non_trainable_params": 0, "train_metrics": {"mse": 0.0005851338428057824, "mae": 0.011780303332145057, "r2_score": -59423.90624125232, "kendalltau": 0.016419659160774085, "pearsonr": 0.029439655088869487, "spearmanr": 0.035844399409377864}, "test_metrics": {"mse": 0.001318406550081277, "mae": 0.01525153571768313, "r2": -27571.509205993025, "kendalltau": -0.01574474608626106, "pearsonr": 0.02514183402974524, "spearmanr": -0.012027417998974298}, "total_time": 11.2741, "epochs": 50}