{"arquitecture": "D", "trainable_params": 21697, "non_trainable_params": 0, "train_metrics": {"mse": 5.279785857539424e-05, "mae": 0.005154569377222381, "r2_score": -5361.034403166635, "kendalltau": -0.029001724171629224, "pearsonr": -0.04854455558847269, "spearmanr": -0.04138270590396454}, "test_metrics": {"mse": 5.5013804736406056e-05, "mae": 0.005351600895033023, "r2": -1149.5317820650594, "kendalltau": -0.07493739298313778, "pearsonr": -0.0513293930527083, "spearmanr": -0.10539242663955398}, "total_time": 13.2615, "epochs": 30}