{"arquitecture": "D", "trainable_params": 21697, "non_trainable_params": 0, "train_metrics": {"mse": 1.732684861638474e-08, "mae": 7.374291597151741e-05, "r2_score": -0.7596766400448929, "kendalltau": 0.07199749926133127, "pearsonr": 0.01662893970618115, "spearmanr": 0.0962594934973291}, "test_metrics": {"mse": 5.6022097398024565e-08, "mae": 8.140442687586625e-05, "r2": -0.17161872121375943, "kendalltau": 0.10699900891288362, "pearsonr": 0.0028924287483323894, "spearmanr": 0.1376280162982509}, "total_time": 14.0333, "epochs": 50}