{"arquitecture": "D", "trainable_params": 20545, "non_trainable_params": 0, "train_metrics": {"mse": 0.0015445364364913086, "mae": 0.02334575171273761, "r2_score": -156858.72372505363, "kendalltau": 0.06341418846258721, "pearsonr": 0.004770403402496578, "spearmanr": 0.09239107710391242}, "test_metrics": {"mse": 0.001750112524887258, "mae": 0.024740893370645816, "r2": -36599.99663567569, "kendalltau": 0.04302199431727696, "pearsonr": 0.007264293408168395, "spearmanr": 0.059269324173011326}, "total_time": 12.9966, "epochs": 50}