{"arquitecture": "C", "trainable_params": 21697, "non_trainable_params": 0, "train_metrics": {"mse": 2.5212957435778323e-07, "mae": 0.0004415101291671654, "r2_score": -24.605725085074607, "kendalltau": 0.14570782623649745, "pearsonr": 0.009461126824217138, "spearmanr": 0.19931403763945627}, "test_metrics": {"mse": 3.0586136029110264e-07, "mae": 0.00045405186379051575, "r2": -5.396634764795485, "kendalltau": 0.16070549847763763, "pearsonr": 0.027035910174447782, "spearmanr": 0.21842783431683663}, "total_time": 14.784, "epochs": 30}