{"arquitecture": "C", "trainable_params": 21697, "non_trainable_params": 0, "train_metrics": {"mse": 2.7610954710887615e-08, "mae": 0.00014235192113866847, "r2_score": -1.804107838060168, "kendalltau": 0.03140971008455435, "pearsonr": 0.001965443493035511, "spearmanr": 0.03843692309527393}, "test_metrics": {"mse": 6.27939490619063e-08, "mae": 0.00015186096366656573, "r2": -0.3132419119757348, "kendalltau": 0.03220146117748546, "pearsonr": 0.0031751568258017843, "spearmanr": 0.03939044906459248}, "total_time": 14.807, "epochs": 50}