{"arquitecture": "A", "trainable_params": 263953, "non_trainable_params": 0, "train_metrics": {"mse": 9.357603442280819e-05, "mae": 0.006139732242185944, "r2_score": -9502.376262325164, "kendalltau": -0.04575495870808558, "pearsonr": 0.012030053154797464, "spearmanr": -0.0682215675699913}, "test_metrics": {"mse": 0.00048192253519291995, "mae": 0.007988059153534703, "r2": -10077.69199175559, "kendalltau": -0.023290644856396737, "pearsonr": 0.011358471645695234, "spearmanr": -0.03702130026400795}, "total_time": 11.953, "epochs": 50}