{"arquitecture": "B", "trainable_params": 263953, "non_trainable_params": 0, "train_metrics": {"mse": 1.2525485346415292e-08, "mae": 1.758879153862673e-05, "r2_score": -0.2720607455685402, "kendalltau": -0.028840365329865558, "pearsonr": 0.006644487376282481, "spearmanr": -0.035967511163027654}, "test_metrics": {"mse": 5.1403114453484205e-08, "mae": 2.97362151946902e-05, "r2": -0.07501957298227313, "kendalltau": 0.031025450945513025, "pearsonr": 0.005628262037600098, "spearmanr": 0.039203723975959094}, "total_time": 10.4769, "epochs": 50}