{"arquitecture": "D", "trainable_params": 20545, "non_trainable_params": 0, "train_metrics": {"mse": 9.083277206662144e-05, "mae": 0.005491478743137206, "r2_score": -9223.776570449772, "kendalltau": -0.01084100702494562, "pearsonr": 0.011467928239598517, "spearmanr": -0.0010813297919086264}, "test_metrics": {"mse": 9.190510034449847e-05, "mae": 0.00543256249735395, "r2": -1921.0582794966979, "kendalltau": -0.015626404313755074, "pearsonr": -0.020739179734649085, "spearmanr": -0.014818631934009268}, "total_time": 13.6287, "epochs": 50}