{"arquitecture": "C", "trainable_params": 21697, "non_trainable_params": 0, "train_metrics": {"mse": 7.98071257978286e-08, "mae": 0.00019337739695926326, "r2_score": -7.105036183138591, "kendalltau": -0.0006298399442569121, "pearsonr": -0.04014090772578491, "spearmanr": -0.004273304433804841}, "test_metrics": {"mse": 1.4345326090791738e-07, "mae": 0.00022794895575223683, "r2": -2.0001112758196102, "kendalltau": 0.0024289723818924696, "pearsonr": -0.0378914115802959, "spearmanr": 0.004006069455050859}, "total_time": 13.6843, "epochs": 30}