{"arquitecture": "D", "trainable_params": 21697, "non_trainable_params": 0, "train_metrics": {"mse": 2.389687805486211e-08, "mae": 8.532967277860545e-05, "r2_score": -1.4269143809208287, "kendalltau": 0.022782144695379498, "pearsonr": 0.02404856460365293, "spearmanr": 0.03522888575975561}, "test_metrics": {"mse": 5.836788653058161e-08, "mae": 9.520916441049909e-05, "r2": -0.22067740682842052, "kendalltau": 0.005997777387952411, "pearsonr": 0.05544589310520918, "spearmanr": 0.01635500907384647}, "total_time": 15.1633, "epochs": 50}