{"arquitecture": "C", "trainable_params": 21697, "non_trainable_params": 0, "train_metrics": {"mse": 1.929203612536419e-08, "mae": 0.00010661320004251057, "r2_score": -0.9592567615904279, "kendalltau": -0.025169812654126066, "pearsonr": 0.01640702738604981, "spearmanr": -0.03054885241580766}, "test_metrics": {"mse": 5.519418892768582e-08, "mae": 0.00011632720956826866, "r2": -0.15430424874035786, "kendalltau": -0.01899629143153275, "pearsonr": 0.024664653339313225, "spearmanr": -0.02462922532414028}, "total_time": 15.0098, "epochs": 50}