{"arquitecture": "C", "trainable_params": 20545, "non_trainable_params": 0, "train_metrics": {"mse": 0.05200575177783208, "mae": 0.1331065694905049, "r2_score": -5281588.77881799, "kendalltau": 0.04732026861009148, "pearsonr": 0.03453934754009957, "spearmanr": 0.07075570954862238}, "test_metrics": {"mse": 0.05072175886298696, "mae": 0.13827638746391532, "r2": -1060769.035697752, "kendalltau": 0.036453557178273636, "pearsonr": 0.026212642749450565, "spearmanr": 0.056247701085042345}, "total_time": 13.5888, "epochs": 50}