{"arquitecture": "C", "trainable_params": 21697, "non_trainable_params": 0, "train_metrics": {"mse": 1.6366990353667044e-08, "mae": 3.575244167461905e-05, "r2_score": -0.6621955458162978, "kendalltau": -0.056250301878714444, "pearsonr": -0.0013978470739375469, "spearmanr": -0.07720138746741796}, "test_metrics": {"mse": 5.401500434812794e-08, "mae": 4.549756758917043e-05, "r2": -0.12964335967437113, "kendalltau": -0.01886335827826006, "pearsonr": -0.004719760023497699, "spearmanr": -0.021178764172398133}, "total_time": 15.4025, "epochs": 50}