{"arquitecture": "A", "trainable_params": 263953, "non_trainable_params": 0, "train_metrics": {"mse": 0.00013116516447436724, "mae": 0.004417368884866248, "r2_score": -13319.845643848455, "kendalltau": -0.03882749632442819, "pearsonr": 0.0028295712660846547, "spearmanr": -0.059443039128403624}, "test_metrics": {"mse": 0.0001344838404047468, "mae": 0.004748644693180712, "r2": -2811.529206100033, "kendalltau": -0.09040106804915389, "pearsonr": -0.0044171016909064055, "spearmanr": -0.13038463170095352}, "total_time": 12.0101, "epochs": 50}