{"arquitecture": "B", "trainable_params": 263953, "non_trainable_params": 0, "train_metrics": {"mse": 0.00023768122123853653, "mae": 0.002465827903810663, "r2_score": -24137.382117293604, "kendalltau": 0.04798739656724423, "pearsonr": 0.003220056341485101, "spearmanr": 0.06886918636109052}, "test_metrics": {"mse": 0.00042945054450570935, "mae": 0.003861150462075227, "r2": -8980.31846445424, "kendalltau": 0.07131097783301413, "pearsonr": 0.10894894897384565, "spearmanr": 0.09749048319184087}, "total_time": 10.0644, "epochs": 30}