{"arquitecture": "A", "trainable_params": 263953, "non_trainable_params": 0, "train_metrics": {"mse": 1.533054051401239e-05, "mae": 0.002320960067284698, "r2_score": -1555.9359794751965, "kendalltau": -0.047447144445952875, "pearsonr": -0.0013746789686394487, "spearmanr": -0.061208537192474766}, "test_metrics": {"mse": 9.932659878027906e-06, "mae": 0.0021307943537729654, "r2": -206.7267864833033, "kendalltau": -0.02224433123085022, "pearsonr": -0.001885067957955342, "spearmanr": -0.030929833173917454}, "total_time": 12.0278, "epochs": 30}