{"arquitecture": "A", "trainable_params": 263953, "non_trainable_params": 0, "train_metrics": {"mse": 7.989281101300685e-05, "mae": 0.004638339522798137, "r2_score": -8112.738185152032, "kendalltau": 0.010593586070686155, "pearsonr": 0.09321305265984778, "spearmanr": 0.008956936661958965}, "test_metrics": {"mse": 0.0003771875407290696, "mae": 0.006029149725389405, "r2": -7887.315587097925, "kendalltau": -0.02660216578232537, "pearsonr": -0.022310324319430898, "spearmanr": -0.047813221459469556}, "total_time": 11.9026, "epochs": 30}