{"arquitecture": "C", "trainable_params": 21697, "non_trainable_params": 0, "train_metrics": {"mse": 5.361227304788142e-08, "mae": 0.00018503675669040155, "r2_score": -4.4447445459213295, "kendalltau": 0.023618155960619575, "pearsonr": 0.03855372266789869, "spearmanr": 0.03532529434260279}, "test_metrics": {"mse": 9.20355422989181e-08, "mae": 0.00019633587229608658, "r2": -0.9247862786778771, "kendalltau": -0.007683534897641288, "pearsonr": 0.05531161933849677, "spearmanr": -0.015521180862219009}, "total_time": 16.2816, "epochs": 50}