{"arquitecture": "D", "trainable_params": 21697, "non_trainable_params": 0, "train_metrics": {"mse": 6.16987328785768e-06, "mae": 0.002079418060996705, "r2_score": -625.5987622477109, "kendalltau": -0.01588156058152683, "pearsonr": -0.04975908489739688, "spearmanr": -0.02957892460065069}, "test_metrics": {"mse": 6.444043451962632e-06, "mae": 0.0021557371111809204, "r2": -133.7675702855885, "kendalltau": 0.03026720392603957, "pearsonr": -0.0419117903251123, "spearmanr": 0.0396656322304176}, "total_time": 13.1006, "epochs": 30}