{"arquitecture": "A", "trainable_params": 263953, "non_trainable_params": 0, "train_metrics": {"mse": 0.00024981625590772793, "mae": 0.007283308074813196, "r2_score": -25369.78955076759, "kendalltau": -0.14218358670715633, "pearsonr": -0.06226190412498218, "spearmanr": -0.19437592296816653}, "test_metrics": {"mse": 0.0009658188329650103, "mae": 0.009555555738332631, "r2": -20197.662287901632, "kendalltau": -0.1644634861368058, "pearsonr": 0.011302241932074882, "spearmanr": -0.22742872303914347}, "total_time": 13.0186, "epochs": 30}