{"arquitecture": "B", "trainable_params": 263953, "non_trainable_params": 0, "train_metrics": {"mse": 0.0008323029533778108, "mae": 0.009516269681525963, "r2_score": -84525.85753336336, "kendalltau": -0.08124942812976134, "pearsonr": -0.007051567355033222, "spearmanr": -0.11300791889669158}, "test_metrics": {"mse": 0.0007804750461320464, "mae": 0.008606740754082777, "r2": -16321.473059009784, "kendalltau": -0.07045887356005899, "pearsonr": -0.009154163581472422, "spearmanr": -0.09487487326524752}, "total_time": 10.1377, "epochs": 30}