{"arquitecture": "A", "trainable_params": 190225, "non_trainable_params": 0, "train_metrics": {"mse": 0.000810731062802186, "mae": 0.014842774818054962, "r2_score": -82335.0637676906, "kendalltau": 0.06961691182744144, "pearsonr": 0.07204499452804887, "spearmanr": 0.10224929740838572}, "test_metrics": {"mse": 0.0014016673176179167, "mae": 0.017365235288972585, "r2": -29312.784140693944, "kendalltau": 0.09559474564865247, "pearsonr": 0.06693264182890703, "spearmanr": 0.14447836631509842}, "total_time": 11.4945, "epochs": 50}