{"arquitecture": "A", "trainable_params": 190225, "non_trainable_params": 0, "train_metrics": {"mse": 0.00032461149140121436, "mae": 0.0034890968620031057, "r2_score": -32965.829176812775, "kendalltau": 0.1221182520755267, "pearsonr": 0.005142970265775647, "spearmanr": 0.1513121667454457}, "test_metrics": {"mse": 0.0008003619653916534, "mae": 0.005054687781288814, "r2": -16737.378353420336, "kendalltau": 0.06024413667761636, "pearsonr": 0.006662989992847223, "spearmanr": 0.07626698136082981}, "total_time": 11.1825, "epochs": 50}