{"arquitecture": "D", "trainable_params": 21697, "non_trainable_params": 0, "train_metrics": {"mse": 2.3808262044745023e-08, "mae": 8.942438699036783e-05, "r2_score": -1.4179147338188418, "kendalltau": -0.13102360027832466, "pearsonr": -0.10209544922440568, "spearmanr": -0.1963296473806972}, "test_metrics": {"mse": 6.285534344140261e-08, "mae": 0.00010051844537127275, "r2": -0.31452588397492853, "kendalltau": -0.11039052029850424, "pearsonr": -0.08490750684594062, "spearmanr": -0.16399978115213068}, "total_time": 16.5132, "epochs": 50}