{"arquitecture": "B", "trainable_params": 263953, "non_trainable_params": 0, "train_metrics": {"mse": 5.4345923847652925e-06, "mae": 0.001914474299845859, "r2_score": -550.925250769156, "kendalltau": 0.07840795886247284, "pearsonr": -0.005583982542447113, "spearmanr": 0.1112679281693131}, "test_metrics": {"mse": 4.133276159846166e-06, "mae": 0.0018340941751810826, "r2": -85.44131429811556, "kendalltau": 0.04200435734351576, "pearsonr": -0.01464290948538862, "spearmanr": 0.05912620579384916}, "total_time": 10.462, "epochs": 50}