{"arquitecture": "A", "trainable_params": 190225, "non_trainable_params": 0, "train_metrics": {"mse": 0.0014931802140992253, "mae": 0.010420598926017542, "r2_score": -151643.09872219866, "kendalltau": 0.08855992284546771, "pearsonr": -0.048932950795117405, "spearmanr": 0.11294751531178528}, "test_metrics": {"mse": 0.00461536292952573, "mae": 0.017225115123999768, "r2": -96522.44100952926, "kendalltau": 0.03918924164310318, "pearsonr": -0.05374533701527706, "spearmanr": 0.04880477752174867}, "total_time": 11.7224, "epochs": 50}