{"arquitecture": "B", "trainable_params": 190225, "non_trainable_params": 0, "train_metrics": {"mse": 2.0887245576661533e-05, "mae": 0.004294057627648284, "r2_score": -2120.2627252584166, "kendalltau": -0.11102893878747704, "pearsonr": -0.04994451513724854, "spearmanr": -0.16610848544763995}, "test_metrics": {"mse": 2.2331348036130907e-05, "mae": 0.00431817870189069, "r2": -466.0268812533547, "kendalltau": -0.07651865501693876, "pearsonr": -0.07256538102737009, "spearmanr": -0.11551220018324995}, "total_time": 10.0537, "epochs": 50}