{"arquitecture": "A", "trainable_params": 263953, "non_trainable_params": 0, "train_metrics": {"mse": 0.0007443373001514062, "mae": 0.00821963207902214, "r2_score": -75592.25924692028, "kendalltau": 0.01127948279119902, "pearsonr": 0.0063690607744881795, "spearmanr": 0.011505231639868042}, "test_metrics": {"mse": 0.0005103532911259332, "mae": 0.007596316736818845, "r2": -10672.278904000543, "kendalltau": 0.009627260332734488, "pearsonr": -0.0022926530470438054, "spearmanr": 0.014790721145654207}, "total_time": 12.5656, "epochs": 30}