{"arquitecture": "A", "trainable_params": 263953, "non_trainable_params": 0, "train_metrics": {"mse": 6.984357146886854e-06, "mae": 0.0011898967512251554, "r2_score": -708.3159517470151, "kendalltau": -0.017041217802645788, "pearsonr": 0.01078938620252052, "spearmanr": -0.019895260861939393}, "test_metrics": {"mse": 6.831662889007337e-06, "mae": 0.0012187294822339088, "r2": -141.8740534456411, "kendalltau": -0.04145821204373555, "pearsonr": 0.00596446632394198, "spearmanr": -0.057029192428720184}, "total_time": 11.9808, "epochs": 50}