{"arquitecture": "D", "trainable_params": 21697, "non_trainable_params": 0, "train_metrics": {"mse": 2.529479433934305e-07, "mae": 0.0004617349207757536, "r2_score": -24.68883684456691, "kendalltau": 0.14273885145579596, "pearsonr": 0.02039742643813744, "spearmanr": 0.2071784722544523}, "test_metrics": {"mse": 2.9637975874177357e-07, "mae": 0.00047049022623927797, "r2": -5.198341191397874, "kendalltau": 0.12856884570695104, "pearsonr": 0.03304831678600989, "spearmanr": 0.19293243726715337}, "total_time": 12.7774, "epochs": 30}