{"arquitecture": "D", "trainable_params": 20545, "non_trainable_params": 0, "train_metrics": {"mse": 3.06603677977604e-05, "mae": 0.0032111171707266575, "r2_score": -3112.7995248532884, "kendalltau": -0.03793297853310992, "pearsonr": 0.017796202754268246, "spearmanr": -0.05713830248359323}, "test_metrics": {"mse": 3.4760455713107115e-05, "mae": 0.0032452676086939577, "r2": -725.9631549502491, "kendalltau": -0.04907403007723458, "pearsonr": 0.0358961558050716, "spearmanr": -0.07349108729285851}, "total_time": 12.9014, "epochs": 50}