{"arquitecture": "A", "trainable_params": 263953, "non_trainable_params": 0, "train_metrics": {"mse": 2.3042224611875063e-05, "mae": 0.0027256935735307983, "r2_score": -2339.1176568162446, "kendalltau": -0.05866090883611477, "pearsonr": -0.008897801024545253, "spearmanr": -0.08663723368996394}, "test_metrics": {"mse": 2.4751836741914455e-05, "mae": 0.0030681150148795643, "r2": -516.6477971757648, "kendalltau": -0.09930232285530119, "pearsonr": -0.012365966455166114, "spearmanr": -0.1502033357590524}, "total_time": 11.8815, "epochs": 50}