{"arquitecture": "B", "trainable_params": 263953, "non_trainable_params": 0, "train_metrics": {"mse": 4.304994561066849e-06, "mae": 0.0019896381979621408, "r2_score": -436.2057800208486, "kendalltau": -0.04475674863761772, "pearsonr": -0.02712944022305893, "spearmanr": -0.056961715319948855}, "test_metrics": {"mse": 0.00012350880078506094, "mae": 0.0025271070501802447, "r2": -2582.00259996229, "kendalltau": 0.028681541750474757, "pearsonr": -0.0041879911412337715, "spearmanr": 0.04067524527412164}, "total_time": 11.038, "epochs": 30}