{"arquitecture": "C", "trainable_params": 20545, "non_trainable_params": 0, "train_metrics": {"mse": 0.15384945024463748, "mae": 0.21395455586255147, "r2_score": -15624610.819095159, "kendalltau": -0.016151965421388418, "pearsonr": 0.018182570007897404, "spearmanr": -0.025135496178038237}, "test_metrics": {"mse": 0.1236837132890246, "mae": 0.2096283475781335, "r2": -2586659.634447543, "kendalltau": -0.014452129466539223, "pearsonr": 0.011778622412521325, "spearmanr": -0.018774932437821558}, "total_time": 13.8108, "epochs": 50}