{"arquitecture": "C", "trainable_params": 21697, "non_trainable_params": 0, "train_metrics": {"mse": 9.89060428386439e-07, "mae": 0.0009564829474394381, "r2_score": -99.44680195212283, "kendalltau": -0.02037692688543641, "pearsonr": -0.06009111406084649, "spearmanr": -0.041595720638417745}, "test_metrics": {"mse": 1.028502985370952e-06, "mae": 0.0009581207111364943, "r2": -20.509607966361852, "kendalltau": -0.010696605522057, "pearsonr": -0.047470967984887584, "spearmanr": -0.02907345643473495}, "total_time": 14.9583, "epochs": 30}