{"arquitecture": "A", "trainable_params": 263953, "non_trainable_params": 0, "train_metrics": {"mse": 0.0001807349130011467, "mae": 0.010877530356714465, "r2_score": -18354.040289780183, "kendalltau": 0.12018551031234453, "pearsonr": 0.09380925185213229, "spearmanr": 0.18117187457656644}, "test_metrics": {"mse": 0.0002910148723673444, "mae": 0.013323661990250868, "r2": -6085.142583966095, "kendalltau": 0.08471156022719857, "pearsonr": 0.09481992997910468, "spearmanr": 0.12977512734099975}, "total_time": 11.8998, "epochs": 50}