{"arquitecture": "B", "trainable_params": 190225, "non_trainable_params": 0, "train_metrics": {"mse": 7.762034699942207e-05, "mae": 0.005884075600788614, "r2_score": -7881.951737565341, "kendalltau": -0.10186220177425569, "pearsonr": -0.04464220437606788, "spearmanr": -0.14395274243134457}, "test_metrics": {"mse": 7.199458778114966e-05, "mae": 0.005902223291012623, "r2": -1504.6595662810125, "kendalltau": -0.11652436882149451, "pearsonr": -0.05208807763579137, "spearmanr": -0.164137240265012}, "total_time": 9.5282, "epochs": 50}