{"arquitecture": "C", "trainable_params": 21697, "non_trainable_params": 0, "train_metrics": {"mse": 3.2186413915985337e-06, "mae": 0.0014808860482925315, "r2_score": -325.8781412519362, "kendalltau": -0.019966009756791248, "pearsonr": -0.03091027492984428, "spearmanr": -0.03442079648583799}, "test_metrics": {"mse": 3.6343961716504316e-06, "mae": 0.0015351685546539724, "r2": -75.00798243522047, "kendalltau": -0.0259870517300845, "pearsonr": -0.04827580851467168, "spearmanr": -0.04071238203401936}, "total_time": 13.8837, "epochs": 30}