{"arquitecture": "C", "trainable_params": 20545, "non_trainable_params": 0, "train_metrics": {"mse": 0.15367662801813897, "mae": 0.24483134287630842, "r2_score": -15607059.373844901, "kendalltau": -0.025026439640494134, "pearsonr": -0.025865305705269397, "spearmanr": -0.0374916633832774}, "test_metrics": {"mse": 0.15775492949357312, "mae": 0.252593364720763, "r2": -3299208.3717102474, "kendalltau": -0.07199782286321489, "pearsonr": -0.013505899409133165, "spearmanr": -0.10593106288108425}, "total_time": 13.5683, "epochs": 50}