{"arquitecture": "B", "trainable_params": 190225, "non_trainable_params": 0, "train_metrics": {"mse": 0.00022376717169946887, "mae": 0.004184054828863035, "r2_score": -22724.301846068065, "kendalltau": -0.09270323158640671, "pearsonr": -0.06873644630088367, "spearmanr": -0.12558964968575828}, "test_metrics": {"mse": 0.000224186541649268, "mae": 0.00410011075506328, "r2": -4687.527588931585, "kendalltau": -0.08837258725399277, "pearsonr": -0.07228363778458598, "spearmanr": -0.12359173535587009}, "total_time": 10.0191, "epochs": 50}