{"arquitecture": "B", "trainable_params": 263953, "non_trainable_params": 0, "train_metrics": {"mse": 1.6309326115304255e-08, "mae": 8.369814032152677e-05, "r2_score": -0.6563392925841305, "kendalltau": 0.04530409482886119, "pearsonr": 0.10634049023499935, "spearmanr": 0.06070920015511992}, "test_metrics": {"mse": 5.39741254979015e-08, "mae": 9.335109313786142e-05, "r2": -0.128788439411627, "kendalltau": 0.08224220146864254, "pearsonr": 0.1478818393179812, "spearmanr": 0.10854691985000016}, "total_time": 10.4638, "epochs": 50}