{"arquitecture": "A", "trainable_params": 263953, "non_trainable_params": 0, "train_metrics": {"mse": 0.0015361177200892697, "mae": 0.022493101950374687, "r2_score": -156003.73740181528, "kendalltau": 0.048040997976542585, "pearsonr": 0.010114033063214872, "spearmanr": 0.06443918250650175}, "test_metrics": {"mse": 0.0013390078337121348, "mae": 0.021734128905286105, "r2": -28002.354367170417, "kendalltau": 0.04696055894251598, "pearsonr": -0.011760871752873768, "spearmanr": 0.061791825380974726}, "total_time": 12.8883, "epochs": 30}