{"arquitecture": "B", "trainable_params": 263953, "non_trainable_params": 0, "train_metrics": {"mse": 4.573533011560068e-08, "mae": 0.0001830732090726707, "r2_score": -3.6447795447962017, "kendalltau": -0.11782500423350423, "pearsonr": -0.026596774127166177, "spearmanr": -0.17570861252672798}, "test_metrics": {"mse": 8.834312236774015e-08, "mae": 0.0001944643128337523, "r2": -0.8475648157395144, "kendalltau": -0.11327455644968229, "pearsonr": -0.03359806815519366, "spearmanr": -0.16826419755029615}, "total_time": 10.468, "epochs": 50}