{"arquitecture": "C", "trainable_params": 21697, "non_trainable_params": 0, "train_metrics": {"mse": 2.911132369460735e-07, "mae": 0.0004344450030361292, "r2_score": -28.564820124153883, "kendalltau": 0.16904509876391866, "pearsonr": 0.034576757887414745, "spearmanr": 0.22866271803987964}, "test_metrics": {"mse": 3.328113719112515e-07, "mae": 0.0004435163836627129, "r2": -5.9602541153306925, "kendalltau": 0.22648459853222241, "pearsonr": 0.046263342671652746, "spearmanr": 0.313310459174581}, "total_time": 13.5294, "epochs": 30}