{"arquitecture": "D", "trainable_params": 21697, "non_trainable_params": 0, "train_metrics": {"mse": 1.7569752505966734e-07, "mae": 0.00026523465287099423, "r2_score": -16.843454248733867, "kendalltau": -0.019757722022221064, "pearsonr": 0.020917830943188928, "spearmanr": -0.025820234198229083}, "test_metrics": {"mse": 2.8087567428241306e-07, "mae": 0.0003065817302233122, "r2": -4.8740963585275745, "kendalltau": 0.0025032415092363335, "pearsonr": 0.00040670457689644416, "spearmanr": 0.007669224223943932}, "total_time": 14.0055, "epochs": 50}