{"arquitecture": "A", "trainable_params": 263953, "non_trainable_params": 0, "train_metrics": {"mse": 0.000610682484025328, "mae": 0.011918581633278394, "r2_score": -62018.57005659896, "kendalltau": 0.07279852550739832, "pearsonr": 0.046505726759795155, "spearmanr": 0.11442815230691976}, "test_metrics": {"mse": 0.0009133415760258228, "mae": 0.014075775017884132, "r2": -19100.178624784356, "kendalltau": 0.10236482923314424, "pearsonr": 0.047599404671949806, "spearmanr": 0.15610710735524969}, "total_time": 12.0718, "epochs": 30}