{"arquitecture": "C", "trainable_params": 21697, "non_trainable_params": 0, "train_metrics": {"mse": 6.27730769872176e-08, "mae": 0.00015188754368504524, "r2_score": -5.375095647438864, "kendalltau": 0.15770895586149072, "pearsonr": 0.053483814683557236, "spearmanr": 0.22857866634207685}, "test_metrics": {"mse": 1.0398171457849549e-07, "mae": 0.00016663654310121844, "r2": -1.1746226778786548, "kendalltau": 0.14962913250929194, "pearsonr": 0.07265041454664083, "spearmanr": 0.21467842015017352}, "total_time": 15.7802, "epochs": 50}