{"arquitecture": "C", "trainable_params": 20545, "non_trainable_params": 0, "train_metrics": {"mse": 0.0017106273038129888, "mae": 0.025328624622471273, "r2_score": -173726.54694100656, "kendalltau": 0.03825573788295071, "pearsonr": -0.012970767578240276, "spearmanr": 0.05276671642347246}, "test_metrics": {"mse": 0.002535972162142999, "mae": 0.029785717114806758, "r2": -53035.08039759759, "kendalltau": 0.026390220506990608, "pearsonr": -0.03220369026612988, "spearmanr": 0.03587351131592736}, "total_time": 13.795, "epochs": 50}