{"arquitecture": "C", "trainable_params": 21697, "non_trainable_params": 0, "train_metrics": {"mse": 1.3392034538721265e-05, "mae": 0.0029745753545204444, "r2_score": -1359.0655758126652, "kendalltau": 0.05824884040806874, "pearsonr": -0.02379860464624972, "spearmanr": 0.08412034337206716}, "test_metrics": {"mse": 1.4275445250882442e-05, "mae": 0.0030798139378657306, "r2": -297.5496739039565, "kendalltau": 0.04760897313161678, "pearsonr": -0.028770961131663657, "spearmanr": 0.06781467570441282}, "total_time": 13.9327, "epochs": 30}