{"arquitecture": "D", "trainable_params": 21697, "non_trainable_params": 0, "train_metrics": {"mse": 1.8468740092547357e-06, "mae": 0.001137050118789681, "r2_score": -186.56446271010984, "kendalltau": 0.017166245344128996, "pearsonr": -0.07754330122217166, "spearmanr": 0.027777503238281525}, "test_metrics": {"mse": 1.9403225708133547e-06, "mae": 0.0011405877021968044, "r2": -39.57895642512481, "kendalltau": -0.04709346811538778, "pearsonr": -0.0891048213969732, "spearmanr": -0.06807012623306291}, "total_time": 13.0473, "epochs": 30}