{"arquitecture": "A", "trainable_params": 190225, "non_trainable_params": 0, "train_metrics": {"mse": 0.00059089535277203, "mae": 0.007634794076024712, "r2_score": -60009.03252263535, "kendalltau": -0.08265211929841546, "pearsonr": 0.0023415426248738704, "spearmanr": -0.12429649139782882}, "test_metrics": {"mse": 0.001800643869393587, "mae": 0.01124081628371564, "r2": -37656.78443872936, "kendalltau": -0.06457116642545287, "pearsonr": 0.0019667636988657234, "spearmanr": -0.0956375686226505}, "total_time": 11.8157, "epochs": 50}