{"arquitecture": "D", "trainable_params": 20545, "non_trainable_params": 0, "train_metrics": {"mse": 0.2524797166821912, "mae": 0.29218111567825517, "r2_score": -25641283.76950384, "kendalltau": -0.042456005478343835, "pearsonr": 0.08347739034311932, "spearmanr": -0.06102017798600917}, "test_metrics": {"mse": 0.1982026684342091, "mae": 0.2923923780406631, "r2": -4145112.5840592654, "kendalltau": -0.010540909368161605, "pearsonr": 0.08307791394659575, "spearmanr": -0.011343141241230896}, "total_time": 12.734, "epochs": 50}