{"arquitecture": "B", "trainable_params": 190225, "non_trainable_params": 0, "train_metrics": {"mse": 0.0002735707230301021, "mae": 0.016390348246029956, "r2_score": -27782.240990576953, "kendalltau": 0.045124785111786206, "pearsonr": -0.05732605811298847, "spearmanr": 0.06914473054366974}, "test_metrics": {"mse": 0.0002736780017250654, "mae": 0.016425426833756175, "r2": -5722.567758046216, "kendalltau": -0.012013444055642844, "pearsonr": -0.09921201846102899, "spearmanr": -0.016139175493024637}, "total_time": 9.7225, "epochs": 50}