{"arquitecture": "A", "trainable_params": 190225, "non_trainable_params": 0, "train_metrics": {"mse": 0.0003628941336256594, "mae": 0.009542318956587808, "r2_score": -36853.73012943321, "kendalltau": -0.0696608497630613, "pearsonr": 0.024290548178401736, "spearmanr": -0.09318623813949917}, "test_metrics": {"mse": 0.0017764527120232548, "mae": 0.013669921459204275, "r2": -37150.862415468786, "kendalltau": -0.029399765756178992, "pearsonr": 0.022133802689519123, "spearmanr": -0.04019130591699319}, "total_time": 11.1667, "epochs": 50}