{"arquitecture": "D", "trainable_params": 20545, "non_trainable_params": 0, "train_metrics": {"mse": 0.007280647400400911, "mae": 0.04820020823141813, "r2_score": -739405.5382884499, "kendalltau": -0.03425462580051602, "pearsonr": -0.013639626919481515, "spearmanr": -0.05028125532202584}, "test_metrics": {"mse": 0.005678350966918844, "mae": 0.045215250709018905, "r2": -118753.25247286372, "kendalltau": 0.02297831121444283, "pearsonr": -0.10463073212958741, "spearmanr": 0.033254945690520545}, "total_time": 13.1827, "epochs": 50}