{"arquitecture": "C", "trainable_params": 20545, "non_trainable_params": 0, "train_metrics": {"mse": 0.0007449438994003, "mae": 0.014393780720824605, "r2_score": -75653.86413259682, "kendalltau": 0.06338042845774756, "pearsonr": 0.09025119113472564, "spearmanr": 0.08875391954906296}, "test_metrics": {"mse": 0.0006575723380004559, "mae": 0.015239004179936663, "r2": -13751.145984109524, "kendalltau": 0.08611659054390594, "pearsonr": 0.10707764594836176, "spearmanr": 0.1189605744275495}, "total_time": 13.6495, "epochs": 50}