{"arquitecture": "D", "trainable_params": 21697, "non_trainable_params": 0, "train_metrics": {"mse": 8.579838433754604e-07, "mae": 0.0006578968826185349, "r2_score": -86.13495224377098, "kendalltau": -0.04863296006776109, "pearsonr": -0.024444979154028757, "spearmanr": -0.07034219793159012}, "test_metrics": {"mse": 1.0217368847165277e-06, "mae": 0.0007158556769686381, "r2": -20.368105049396455, "kendalltau": -0.05267453057355137, "pearsonr": -0.03018304275980903, "spearmanr": -0.07170023933223882}, "total_time": 12.7162, "epochs": 30}