{"arquitecture": "B", "trainable_params": 190225, "non_trainable_params": 0, "train_metrics": {"mse": 8.247581727346262e-05, "mae": 0.0032873182279557146, "r2_score": -8375.062620382314, "kendalltau": -0.15295922587106134, "pearsonr": -0.02397394581024153, "spearmanr": -0.20126036248268908}, "test_metrics": {"mse": 0.00012803166129053467, "mae": 0.0037496898060798193, "r2": -2676.591490556704, "kendalltau": -0.12800543601097789, "pearsonr": -0.021339796284869803, "spearmanr": -0.1723452074125727}, "total_time": 9.6291, "epochs": 50}