{"arquitecture": "C", "trainable_params": 20545, "non_trainable_params": 0, "train_metrics": {"mse": 0.0002415121653989919, "mae": 0.009791264696697421, "r2_score": -24526.444381166275, "kendalltau": -0.016208723056439337, "pearsonr": 0.009048045530735259, "spearmanr": -0.02641717742239957}, "test_metrics": {"mse": 0.00027889563753440854, "mae": 0.01013956982778463, "r2": -5831.686839241438, "kendalltau": -0.024755873347440525, "pearsonr": 0.001595097697194219, "spearmanr": -0.03681067418208228}, "total_time": 13.5478, "epochs": 50}