{"arquitecture": "C", "trainable_params": 20545, "non_trainable_params": 0, "train_metrics": {"mse": 0.0028129433206392214, "mae": 0.03314278153677098, "r2_score": -285675.3373818835, "kendalltau": 0.014073252499862608, "pearsonr": -0.040842289833865064, "spearmanr": 0.019628326460954124}, "test_metrics": {"mse": 0.0027192230241950585, "mae": 0.03424086454008699, "r2": -56867.49922214384, "kendalltau": -0.024490105956216007, "pearsonr": -0.045203486186545086, "spearmanr": -0.03613215259450985}, "total_time": 13.2104, "epochs": 50}