{"arquitecture": "B", "trainable_params": 263953, "non_trainable_params": 0, "train_metrics": {"mse": 0.00028858601065973364, "mae": 0.004057259719855257, "r2_score": -29307.16058042275, "kendalltau": 0.11633362943496084, "pearsonr": 0.005612341392752342, "spearmanr": 0.14706588729336534}, "test_metrics": {"mse": 0.0001278012643771685, "mae": 0.0033257572368716555, "r2": -2671.773082293767, "kendalltau": 0.14535009561920442, "pearsonr": 0.007958764014908696, "spearmanr": 0.1830490216558569}, "total_time": 10.9579, "epochs": 30}