{"arquitecture": "B", "trainable_params": 263953, "non_trainable_params": 0, "train_metrics": {"mse": 1.0283850730555645e-08, "mae": 2.1023909557224912e-05, "r2_score": -0.044405263814394136, "kendalltau": 0.21457007105194228, "pearsonr": 0.06380999711367362, "spearmanr": 0.3232228058675949}, "test_metrics": {"mse": 4.9728748667623204e-08, "mae": 3.3572811987374795e-05, "r2": -0.04000270656727678, "kendalltau": 0.1448540755272362, "pearsonr": 0.04148538144899883, "spearmanr": 0.22276695446775632}, "total_time": 10.37, "epochs": 50}