{"arquitecture": "B", "trainable_params": 263953, "non_trainable_params": 0, "train_metrics": {"mse": 1.5543795407218446e-08, "mae": 8.537263709788397e-05, "r2_score": -0.5785936774362159, "kendalltau": 0.20720659285789678, "pearsonr": 0.11814323624555897, "spearmanr": 0.30414930979927113}, "test_metrics": {"mse": 5.1301165257788357e-08, "mae": 9.552728455204058e-05, "r2": -0.07288745740935343, "kendalltau": 0.15342201736021666, "pearsonr": 0.12806128652432047, "spearmanr": 0.22339174133553513}, "total_time": 10.369, "epochs": 50}