{"arquitecture": "B", "trainable_params": 263953, "non_trainable_params": 0, "train_metrics": {"mse": 0.0002373599340684947, "mae": 0.006842880549253283, "r2_score": -24104.75289888316, "kendalltau": -0.07165115383241044, "pearsonr": -0.00530847590048957, "spearmanr": -0.09516449581933224}, "test_metrics": {"mse": 0.00033071862490459175, "mae": 0.007378968954054578, "r2": -6915.487428868628, "kendalltau": -0.054588156466418965, "pearsonr": 0.0011617982465442211, "spearmanr": -0.06754069528382588}, "total_time": 10.8661, "epochs": 30}