{"arquitecture": "D", "trainable_params": 21697, "non_trainable_params": 0, "train_metrics": {"mse": 5.330338746631109e-08, "mae": 0.00012511170075957698, "r2_score": -4.413374805562312, "kendalltau": -0.07772138947253307, "pearsonr": -0.006991894340880139, "spearmanr": -0.11822495284438304}, "test_metrics": {"mse": 9.39517651022583e-08, "mae": 0.00014651777722927674, "r2": -0.9648612243633141, "kendalltau": -0.061996006352725085, "pearsonr": -0.004494231216309648, "spearmanr": -0.09590854534118555}, "total_time": 13.7809, "epochs": 30}