{"arquitecture": "A", "trainable_params": 263953, "non_trainable_params": 0, "train_metrics": {"mse": 8.69940157077678e-06, "mae": 0.0008004135797770757, "r2_score": -882.4920916888464, "kendalltau": -0.050945547941463276, "pearsonr": -0.018815068669679715, "spearmanr": -0.07850797290814025}, "test_metrics": {"mse": 9.68363010944669e-06, "mae": 0.0010327300817156745, "r2": -201.51869980749862, "kendalltau": -0.04058413605000304, "pearsonr": -0.020619555550003207, "spearmanr": -0.06239628398820667}, "total_time": 11.9132, "epochs": 50}