{"arquitecture": "A", "trainable_params": 263953, "non_trainable_params": 0, "train_metrics": {"mse": 0.0003382702570723521, "mae": 0.010634014386628095, "r2_score": -34352.98337983502, "kendalltau": -0.05634072796756504, "pearsonr": -0.028634835762462577, "spearmanr": -0.08807591814503139}, "test_metrics": {"mse": 0.0004938292361833431, "mae": 0.011874430396314117, "r2": -10326.702907736862, "kendalltau": -0.06358385154528053, "pearsonr": 0.009936303423371694, "spearmanr": -0.10628182338207062}, "total_time": 15.1794, "epochs": 30}