{"arquitecture": "A", "trainable_params": 263953, "non_trainable_params": 0, "train_metrics": {"mse": 0.00010533040534059229, "mae": 0.00301890059024535, "r2_score": -10696.124322366994, "kendalltau": 0.17897340332335554, "pearsonr": 0.023515516445706455, "spearmanr": 0.26218602986157785}, "test_metrics": {"mse": 7.908594470154582e-05, "mae": 0.0032814416227309197, "r2": -1652.964733574479, "kendalltau": 0.12495623852717228, "pearsonr": 0.03878181294752939, "spearmanr": 0.1888090493364434}, "total_time": 11.9518, "epochs": 50}