{"arquitecture": "B", "trainable_params": 263953, "non_trainable_params": 0, "train_metrics": {"mse": 1.5598010542937727e-05, "mae": 0.0021001126278719128, "r2_score": -1583.0996473892208, "kendalltau": -0.08897316698851017, "pearsonr": -0.0010792356902622916, "spearmanr": -0.12688328347073438}, "test_metrics": {"mse": 1.672035458931706e-05, "mae": 0.002136105868247953, "r2": -348.68131098331634, "kendalltau": -0.09607609780682631, "pearsonr": 0.00606454727548463, "spearmanr": -0.1399367276218832}, "total_time": 11.1514, "epochs": 30}