{"arquitecture": "A", "trainable_params": 190225, "non_trainable_params": 0, "train_metrics": {"mse": 0.0002467278172153445, "mae": 0.0016520940004661584, "r2_score": -25056.13450930444, "kendalltau": -0.021762846485426802, "pearsonr": -0.004946006321201925, "spearmanr": -0.02783214970344597}, "test_metrics": {"mse": 0.00021729385698704418, "mae": 0.0019347592204493657, "r2": -4543.37735599209, "kendalltau": -0.03758077584480335, "pearsonr": -0.01144499110396609, "spearmanr": -0.05240181709403945}, "total_time": 11.3032, "epochs": 50}