{"arquitecture": "B", "trainable_params": 190225, "non_trainable_params": 0, "train_metrics": {"mse": 6.699002726264988e-05, "mae": 0.003076265094039957, "r2_score": -6802.359843438825, "kendalltau": -0.03906666949760559, "pearsonr": -0.01645405279503234, "spearmanr": -0.06004578878924694}, "test_metrics": {"mse": 9.528230080050541e-05, "mae": 0.003527360255403546, "r2": -1991.6873966366231, "kendalltau": -0.047523094183351794, "pearsonr": -0.05367245673418822, "spearmanr": -0.06956202797331261}, "total_time": 9.8901, "epochs": 50}