{"arquitecture": "D", "trainable_params": 21697, "non_trainable_params": 0, "train_metrics": {"mse": 2.877243573682124e-05, "mae": 0.0040463863314135085, "r2_score": -2921.0652967095193, "kendalltau": 0.12443082634542489, "pearsonr": 0.02551982233566509, "spearmanr": 0.18569224163888673}, "test_metrics": {"mse": 2.8950399201443358e-05, "mae": 0.004125263576527695, "r2": -604.4544771866921, "kendalltau": 0.11712137801804828, "pearsonr": 0.03190972253767536, "spearmanr": 0.17544299513227576}, "total_time": 12.6295, "epochs": 30}