{"arquitecture": "D", "trainable_params": 20545, "non_trainable_params": 0, "train_metrics": {"mse": 0.33807570900839484, "mae": 0.40841588630920356, "r2_score": -34334224.5063122, "kendalltau": 0.02192882051612752, "pearsonr": 0.05955231630004736, "spearmanr": 0.03128810794363584}, "test_metrics": {"mse": 0.39097891721761774, "mae": 0.4323210307172292, "r2": -8176740.683866306, "kendalltau": 0.04426463644381322, "pearsonr": 0.024083298220517368, "spearmanr": 0.06228871500954167}, "total_time": 13.9899, "epochs": 50}