{"arquitecture": "D", "trainable_params": 20545, "non_trainable_params": 0, "train_metrics": {"mse": 0.0003603085421698966, "mae": 0.010467594575068484, "r2_score": -36591.14314745294, "kendalltau": 0.06653029021523132, "pearsonr": 0.021062271065694107, "spearmanr": 0.09599420902677118}, "test_metrics": {"mse": 0.0003568703212611322, "mae": 0.010838047985140174, "r2": -7462.411204769614, "kendalltau": 0.10466301116150249, "pearsonr": 0.002606282902562474, "spearmanr": 0.15538811052610338}, "total_time": 12.9861, "epochs": 50}