{"arquitecture": "A", "trainable_params": 263953, "non_trainable_params": 0, "train_metrics": {"mse": 0.0006254319034526268, "mae": 0.01619962450948615, "r2_score": -63516.488656516725, "kendalltau": -0.08730613765524138, "pearsonr": 0.0016615165129894392, "spearmanr": -0.12808546985348132}, "test_metrics": {"mse": 0.0006201629141953982, "mae": 0.016394654109692628, "r2": -12968.783607199108, "kendalltau": -0.04289270207289746, "pearsonr": 0.011371658014160409, "spearmanr": -0.06382286645430957}, "total_time": 11.8916, "epochs": 50}