{"arquitecture": "C", "trainable_params": 21697, "non_trainable_params": 0, "train_metrics": {"mse": 6.412986489573701e-08, "mae": 0.00012359103517625375, "r2_score": -5.5128880435621435, "kendalltau": 0.0035694620794687066, "pearsonr": -0.05567389074891701, "spearmanr": 0.005837844541778737}, "test_metrics": {"mse": 9.525120552395559e-08, "mae": 0.00013192896508989368, "r2": -0.9920370852445264, "kendalltau": 0.0135470756331476, "pearsonr": -0.03517523132039127, "spearmanr": 0.020016446571769854}, "total_time": 15.2759, "epochs": 50}