{"arquitecture": "C", "trainable_params": 20545, "non_trainable_params": 0, "train_metrics": {"mse": 5.0508176882054906e-05, "mae": 0.004615893778233359, "r2_score": -5128.499365889421, "kendalltau": 0.09105178873106262, "pearsonr": 0.058191197845442494, "spearmanr": 0.1322790911733935}, "test_metrics": {"mse": 4.6830825197307307e-05, "mae": 0.004552236784395447, "r2": -978.3969536918663, "kendalltau": 0.1185548692073707, "pearsonr": 0.10799681052225121, "spearmanr": 0.16791367105308216}, "total_time": 16.5323, "epochs": 50}