{"arquitecture": "C", "trainable_params": 21697, "non_trainable_params": 0, "train_metrics": {"mse": 8.513345821171029e-06, "mae": 0.0025650106100374953, "r2_score": -863.5966789351569, "kendalltau": -0.046634519525232766, "pearsonr": 0.017853267075406794, "spearmanr": -0.07497053242841291}, "test_metrics": {"mse": 8.258307984488364e-06, "mae": 0.0025019149555002224, "r2": -171.7102106055175, "kendalltau": -0.0034106146921037556, "pearsonr": 0.03211584208146984, "spearmanr": -0.01358817090308847}, "total_time": 13.5465, "epochs": 30}