{"arquitecture": "A", "trainable_params": 263953, "non_trainable_params": 0, "train_metrics": {"mse": 0.0005177655624042573, "mae": 0.006327163877093006, "r2_score": -52582.13184088864, "kendalltau": -0.009182785990414158, "pearsonr": -0.007406403643687044, "spearmanr": -0.016842903492987553}, "test_metrics": {"mse": 0.0003297042099973724, "mae": 0.007285188390971807, "r2": -6894.272452072376, "kendalltau": -0.03548865848526697, "pearsonr": -0.04005551384436882, "spearmanr": -0.05471423900486217}, "total_time": 13.756, "epochs": 30}