{"arquitecture": "B", "trainable_params": 34577, "non_trainable_params": 0, "train_metrics": {"mse": 40.51843580287169, "mae": 4.1317190628097435, "r2_score": -0.00041966110873525864, "kendalltau": -0.18155511231696503, "pearsonr": -0.21529256572703287, "spearmanr": -0.24850002592806}, "test_metrics": {"mse": 39.35150539049229, "mae": 4.057503554873491, "r2": -0.00017983109957908638, "kendalltau": -0.1837958163491381, "pearsonr": -0.24013422282704389, "spearmanr": -0.2452418693770301}, "total_time": 8.182, "epochs": 50}