{"arquitecture": "C", "trainable_params": 18049, "non_trainable_params": 0, "train_metrics": {"mse": 10.21837380691714, "mae": 2.4363190099541296, "r2_score": 0.7477034377453953, "kendalltau": 0.4240060611319798, "pearsonr": 0.8759932204857674, "spearmanr": 0.5851548054247513}, "test_metrics": {"mse": 11.247135805202955, "mae": 2.491813609939915, "r2": 0.7141365170563506, "kendalltau": 0.38940406212981166, "pearsonr": 0.855258648200341, "spearmanr": 0.5435598989638637}, "total_time": 12.2766, "epochs": 30}