{"arquitecture": "B", "trainable_params": 251665, "non_trainable_params": 0, "train_metrics": {"mse": 40.50190706341823, "mae": 4.082582437726648, "r2_score": -1.1558584663617921e-05, "kendalltau": -0.14905382057484404, "pearsonr": -0.19491607093628618, "spearmanr": -0.2177223224333259}, "test_metrics": {"mse": 39.34875578721331, "mae": 3.999675387140711, "r2": -0.00010994564752642155, "kendalltau": -0.17088299963693462, "pearsonr": -0.25407935275214394, "spearmanr": -0.2518072617594759}, "total_time": 10.3636, "epochs": 50}