{"arquitecture": "C", "trainable_params": 21505, "non_trainable_params": 0, "train_metrics": {"mse": 6.985810879160008, "mae": 2.1573755616729944, "r2_score": 0.8275169706377546, "kendalltau": 0.49421452885722755, "pearsonr": 0.9280267189104408, "spearmanr": 0.6550450600139407}, "test_metrics": {"mse": 7.865191095621593, "mae": 2.255274126048075, "r2": 0.8000939119476388, "kendalltau": 0.4344826082009803, "pearsonr": 0.914324102234117, "spearmanr": 0.5897058652068108}, "total_time": 17.2483, "epochs": 50}