{"arquitecture": "D", "trainable_params": 21505, "non_trainable_params": 0, "train_metrics": {"mse": 6.91555539233152, "mae": 2.1400107679346134, "r2_score": 0.829251612386166, "kendalltau": 0.4965989940599842, "pearsonr": 0.9279407461517319, "spearmanr": 0.6560434560568932}, "test_metrics": {"mse": 7.657128576014006, "mae": 2.225378286977164, "r2": 0.8053821451080796, "kendalltau": 0.44259057439182076, "pearsonr": 0.9133263923666988, "spearmanr": 0.5974359043194871}, "total_time": 14.8376, "epochs": 50}