{"arquitecture": "A", "trainable_params": 34577, "non_trainable_params": 0, "train_metrics": {"mse": 4.770843526898099, "mae": 1.647930558761155, "r2_score": 0.8822055795144015, "kendalltau": 0.521348377120699, "pearsonr": 0.939613368033623, "spearmanr": 0.6849478416424024}, "test_metrics": {"mse": 5.423509054023148, "mae": 1.7391851134018237, "r2": 0.8621530659172567, "kendalltau": 0.4729488813927229, "pearsonr": 0.9294603857844911, "spearmanr": 0.6352865493314446}, "total_time": 12.5657, "epochs": 30}