{"arquitecture": "B", "trainable_params": 34577, "non_trainable_params": 0, "train_metrics": {"mse": 9.240552323705693, "mae": 2.276959877906098, "r2_score": 0.7718463202993636, "kendalltau": 0.4511528847393002, "pearsonr": 0.8843258542104213, "spearmanr": 0.6088436672656096}, "test_metrics": {"mse": 9.798981440892055, "mae": 2.2848083727895916, "r2": 0.7509436168897548, "kendalltau": 0.39001060581699243, "pearsonr": 0.8746957762925264, "spearmanr": 0.5392554976768971}, "total_time": 10.1589, "epochs": 30}