{"arquitecture": "A", "trainable_params": 251665, "non_trainable_params": 0, "train_metrics": {"mse": 40.50442560533784, "mae": 4.10618034312037, "r2_score": -7.374259556591767e-05, "kendalltau": -0.19705288486638073, "pearsonr": -0.25977072782723226, "spearmanr": -0.26702106474241516}, "test_metrics": {"mse": 39.34450651231242, "mae": 4.02780381807024, "r2": -1.943704259321777e-06, "kendalltau": -0.18889262210607186, "pearsonr": -0.28525411836310977, "spearmanr": -0.2539177770276859}, "total_time": 11.8294, "epochs": 50}