{"arquitecture": "C", "trainable_params": 18049, "non_trainable_params": 0, "train_metrics": {"mse": 5.81805005035371, "mae": 1.8808449406862822, "r2_score": 0.8563495469566967, "kendalltau": 0.5369853040619527, "pearsonr": 0.9339150794889357, "spearmanr": 0.7003255161381481}, "test_metrics": {"mse": 6.8239165303450156, "mae": 2.0063713051973417, "r2": 0.8265595276462505, "kendalltau": 0.48467020225663676, "pearsonr": 0.9164660534836165, "spearmanr": 0.6477928518941786}, "total_time": 11.562, "epochs": 50}