{"arquitecture": "D", "trainable_params": 18049, "non_trainable_params": 0, "train_metrics": {"mse": 7.624492408268851, "mae": 2.254790397319185, "r2_score": 0.8117476166079973, "kendalltau": 0.469565485375769, "pearsonr": 0.9276989416133977, "spearmanr": 0.6300984702239283}, "test_metrics": {"mse": 8.590675688612398, "mae": 2.3635906885579017, "r2": 0.7816545904913825, "kendalltau": 0.43906829255069957, "pearsonr": 0.9110646609299237, "spearmanr": 0.5990632836534922}, "total_time": 11.274, "epochs": 50}