{"arquitecture": "A", "trainable_params": 34577, "non_trainable_params": 0, "train_metrics": {"mse": 11.367123760596419, "mae": 2.3828603426616577, "r2_score": 0.719340249073708, "kendalltau": 0.35880627199371046, "pearsonr": 0.8519975599284435, "spearmanr": 0.5027574658429556}, "test_metrics": {"mse": 9.230726853706432, "mae": 2.1991555823839195, "r2": 0.7653866927363575, "kendalltau": 0.30453297916915856, "pearsonr": 0.8813976492275453, "spearmanr": 0.4337530020204329}, "total_time": 9.5662, "epochs": 50}