{"arquitecture": "D", "trainable_params": 18049, "non_trainable_params": 0, "train_metrics": {"mse": 12.48821494172386, "mae": 2.8576133312483143, "r2_score": 0.6916599687945759, "kendalltau": 0.4521308371390917, "pearsonr": 0.8832242494614555, "spearmanr": 0.6151170176347884}, "test_metrics": {"mse": 12.88739518396064, "mae": 2.889351904848582, "r2": 0.6724467689228082, "kendalltau": 0.4155527040588882, "pearsonr": 0.8701666114624008, "spearmanr": 0.5699282871910579}, "total_time": 11.4309, "epochs": 30}