{"arquitecture": "A", "trainable_params": 251665, "non_trainable_params": 0, "train_metrics": {"mse": 40.51455784826753, "mae": 4.126344913975288, "r2_score": -0.0003239125450500424, "kendalltau": -0.08730461184768776, "pearsonr": 0.025364028961936878, "spearmanr": -0.119196842998312}, "test_metrics": {"mse": 39.34908352558351, "mae": 4.051257820031862, "r2": -0.0001182756289210829, "kendalltau": -0.08254824175214427, "pearsonr": 0.033142487807506275, "spearmanr": -0.11495161682999358}, "total_time": 11.9498, "epochs": 50}