{"arquitecture": "C", "trainable_params": 19649, "non_trainable_params": 0, "train_metrics": {"mse": 15.296619068701876, "mae": 3.2285714282734834, "r2_score": 0.6223191206276634, "kendalltau": 0.3921641308883244, "pearsonr": 0.8840953928832354, "spearmanr": 0.5359443932771004}, "test_metrics": {"mse": 18.402875895765998, "mae": 3.39217571186037, "r2": 0.5322622318377466, "kendalltau": 0.358942592241171, "pearsonr": 0.8233322040815139, "spearmanr": 0.49852533159267276}, "total_time": 13.7799, "epochs": 50}