{"arquitecture": "A", "trainable_params": 132881, "non_trainable_params": 0, "train_metrics": {"mse": 40.54099092732435, "mae": 4.021199068556609, "r2_score": -0.0009765579759040133, "kendalltau": 0.07135610987905922, "pearsonr": 0.4225737672692433, "spearmanr": 0.10139580348585751}, "test_metrics": {"mse": 39.40806315967466, "mae": 3.9250976036556966, "r2": -0.001617334937535464, "kendalltau": 0.027843294362950636, "pearsonr": 0.3765023518475704, "spearmanr": 0.03722315931382767}, "total_time": 11.3477, "epochs": 30}