{"arquitecture": "C", "trainable_params": 21441, "non_trainable_params": 0, "train_metrics": {"mse": 40.50145484490178, "mae": 4.088913962228148, "r2_score": -3.9309206711912736e-07, "kendalltau": -0.08721256959924138, "pearsonr": -0.04554725374786256, "spearmanr": -0.13549325002613177}, "test_metrics": {"mse": 39.34639145577401, "mae": 4.007395705568556, "r2": -4.985247965016981e-05, "kendalltau": -0.04387375597023122, "pearsonr": 0.005722331472952856, "spearmanr": -0.07646860356069968}, "total_time": 16.1855, "epochs": 50}