{"arquitecture": "B", "trainable_params": 132881, "non_trainable_params": 0, "train_metrics": {"mse": 40.55999433071071, "mae": 4.1711147212447885, "r2_score": -0.0014457611422893368, "kendalltau": -0.09987098913197871, "pearsonr": -0.026570788352638222, "spearmanr": -0.15227180270268392}, "test_metrics": {"mse": 39.38274259476515, "mae": 4.102981551454541, "r2": -0.000973773323227789, "kendalltau": -0.0955523759057886, "pearsonr": -0.05964203449614242, "spearmanr": -0.14755792452616134}, "total_time": 8.8357, "epochs": 50}