{"arquitecture": "D", "trainable_params": 21441, "non_trainable_params": 0, "train_metrics": {"mse": 41.253278183911824, "mae": 4.428325041932534, "r2_score": -0.018563272806509712, "kendalltau": -0.08535594293019699, "pearsonr": 0.021296294377988738, "spearmanr": -0.12506885796101866}, "test_metrics": {"mse": 40.01807657326622, "mae": 4.394187114316749, "r2": -0.017121776430182756, "kendalltau": -0.030234656058154726, "pearsonr": 0.0792833937702226, "spearmanr": -0.04448642923415076}, "total_time": 17.4375, "epochs": 50}