{"arquitecture": "C", "trainable_params": 19649, "non_trainable_params": 0, "train_metrics": {"mse": 40.72139598498593, "mae": 4.297138373654721, "r2_score": -0.005430845587749644, "kendalltau": 0.054922550414775555, "pearsonr": 0.36641759056082646, "spearmanr": 0.07390294580986864}, "test_metrics": {"mse": 39.52685416802885, "mae": 4.246581834085309, "r2": -0.004636593527336252, "kendalltau": 0.022076903222544558, "pearsonr": 0.326504158710665, "spearmanr": 0.024207472282362776}, "total_time": 13.0398, "epochs": 30}