{"arquitecture": "B", "trainable_params": 251665, "non_trainable_params": 0, "train_metrics": {"mse": 40.505108082481016, "mae": 4.069467197530021, "r2_score": -9.05932843635604e-05, "kendalltau": -0.17818314085229633, "pearsonr": -0.18047352245665624, "spearmanr": -0.26301795697477864}, "test_metrics": {"mse": 39.35584966744705, "mae": 3.9834563456814984, "r2": -0.0002902476680877175, "kendalltau": -0.15550490913134932, "pearsonr": -0.14106687379792734, "spearmanr": -0.23004519743055232}, "total_time": 10.2719, "epochs": 50}