{"arquitecture": "D", "trainable_params": 19649, "non_trainable_params": 0, "train_metrics": {"mse": 40.504273368115285, "mae": 4.251043317137322, "r2_score": -6.998378534572858e-05, "kendalltau": 0.07220819745962127, "pearsonr": 0.4040707472540636, "spearmanr": 0.10497225808185076}, "test_metrics": {"mse": 39.33235135939189, "mae": 4.195677699817525, "r2": 0.00030699844863679715, "kendalltau": 0.027224789077823556, "pearsonr": 0.36422813813768556, "spearmanr": 0.0375113569941997}, "total_time": 12.0144, "epochs": 30}