{"arquitecture": "D", "trainable_params": 19649, "non_trainable_params": 0, "train_metrics": {"mse": 11.92456357339887, "mae": 2.8682877235911004, "r2_score": 0.7055767920803158, "kendalltau": 0.4876577276164229, "pearsonr": 0.9148577412098174, "spearmanr": 0.6505330795869932}, "test_metrics": {"mse": 13.388802598944373, "mae": 2.961744216528384, "r2": 0.6597027181259185, "kendalltau": 0.41903695586492795, "pearsonr": 0.8865929443873226, "spearmanr": 0.5686413862942157}, "total_time": 11.8079, "epochs": 50}