{"arquitecture": "B", "trainable_params": 132881, "non_trainable_params": 0, "train_metrics": {"mse": 40.52674649502563, "mae": 4.0379052024138495, "r2_score": -0.0006248560937704983, "kendalltau": 0.011351544474800695, "pearsonr": 0.24657269445446753, "spearmanr": 0.011082621986216947}, "test_metrics": {"mse": 39.387628482784706, "mae": 3.9451848374071905, "r2": -0.0010979557809427387, "kendalltau": -0.02361316291984879, "pearsonr": 0.19533716845513216, "spearmanr": -0.03762802831325149}, "total_time": 9.5913, "epochs": 30}