{"arquitecture": "A", "trainable_params": 132881, "non_trainable_params": 0, "train_metrics": {"mse": 40.52011476241305, "mae": 4.046447271429308, "r2_score": -0.00046111542704974084, "kendalltau": -0.1004754410080863, "pearsonr": -0.024876775551668524, "spearmanr": -0.15120037704486172}, "test_metrics": {"mse": 39.377916797500454, "mae": 3.955492678880505, "r2": -0.0008511181656873923, "kendalltau": -0.10660266034138069, "pearsonr": -0.05699479819668053, "spearmanr": -0.1667066239290893}, "total_time": 10.3443, "epochs": 50}