{"arquitecture": "A", "trainable_params": 132881, "non_trainable_params": 0, "train_metrics": {"mse": 40.50144095819378, "mae": 4.088720863149881, "r2_score": -5.0222570102675945e-08, "kendalltau": -0.002183845161692305, "pearsonr": -0.008444159314234112, "spearmanr": -0.0026726027409771608}, "test_metrics": {"mse": 39.346445650780154, "mae": 4.007164696796326, "r2": -5.1229930183582795e-05, "kendalltau": 0.010090603310014266, "pearsonr": 0.03568037298694407, "spearmanr": 0.012343602703323173}, "total_time": 11.2806, "epochs": 30}