{"arquitecture": "B", "trainable_params": 132881, "non_trainable_params": 0, "train_metrics": {"mse": 40.50200124482837, "mae": 4.0807889719454495, "r2_score": -1.388396896206956e-05, "kendalltau": -0.002183845161692305, "pearsonr": -0.008444159314234112, "spearmanr": -0.0026726027409771608}, "test_metrics": {"mse": 39.34933448742352, "mae": 3.9974711419474542, "r2": -0.0001246542151598362, "kendalltau": 0.010090603310014266, "pearsonr": 0.03568037298694407, "spearmanr": 0.012343602703323173}, "total_time": 28.8047, "epochs": 100}