{"arquitecture": "B", "trainable_params": 206609, "non_trainable_params": 0, "train_metrics": {"mse": 37.591655133988766, "mae": 3.8997476597414162, "r2_score": 0.0718439607928767, "kendalltau": 0.20334930086236488, "pearsonr": 0.3818700927622451, "spearmanr": 0.31781407588773114}, "test_metrics": {"mse": 34.372784190784394, "mae": 3.6858403650710274, "r2": 0.12636212655114032, "kendalltau": 0.21373453123994632, "pearsonr": 0.4715037254149267, "spearmanr": 0.3291843530015759}, "total_time": 9.8243, "epochs": 50}