{"arquitecture": "D", "trainable_params": 19649, "non_trainable_params": 0, "train_metrics": {"mse": 5.0432759144199535, "mae": 1.7773392432731525, "r2_score": 0.8754790928818562, "kendalltau": 0.5901319292117384, "pearsonr": 0.9448245218596332, "spearmanr": 0.7683566620987179}, "test_metrics": {"mse": 5.558276988289638, "mae": 1.866808695164626, "r2": 0.8587277288584902, "kendalltau": 0.522185177372388, "pearsonr": 0.9344418870709857, "spearmanr": 0.6957899960488818}, "total_time": 12.5028, "epochs": 50}