{"arquitecture": "C", "trainable_params": 19649, "non_trainable_params": 0, "train_metrics": {"mse": 18.805166331684863, "mae": 3.76276554834834, "r2_score": 0.5356914018061818, "kendalltau": 0.4677728285393142, "pearsonr": 0.9019808095197472, "spearmanr": 0.6317831843170427}, "test_metrics": {"mse": 19.614749120048458, "mae": 3.810748884535524, "r2": 0.5014605853759624, "kendalltau": 0.4089146655665569, "pearsonr": 0.8673260768225651, "spearmanr": 0.5636856454189931}, "total_time": 13.7883, "epochs": 30}