{"arquitecture": "B", "trainable_params": 132881, "non_trainable_params": 0, "train_metrics": {"mse": 40.50149996887023, "mae": 4.090770086567686, "r2_score": -1.5072245436176246e-06, "kendalltau": -0.002183845161692305, "pearsonr": -0.008444159314234112, "spearmanr": -0.0026726027409771608}, "test_metrics": {"mse": 39.34591273957403, "mae": 4.009636717651556, "r2": -3.768516144253553e-05, "kendalltau": 0.010090603310014266, "pearsonr": 0.03568037298694407, "spearmanr": 0.012343602703323173}, "total_time": 29.0378, "epochs": 100}