{"arquitecture": "A", "trainable_params": 132881, "non_trainable_params": 0, "train_metrics": {"mse": 40.50860529895179, "mae": 4.064202643131485, "r2_score": -0.00017694124047773485, "kendalltau": 0.020560355843294135, "pearsonr": -0.0020229305318191907, "spearmanr": 0.02515039320553293}, "test_metrics": {"mse": 39.3585793702729, "mae": 3.9773449976710484, "r2": -0.00035962731911287626, "kendalltau": 0.04248794580773975, "pearsonr": 0.008249772058737772, "spearmanr": 0.05197452586512623}, "total_time": 10.4352, "epochs": 50}