{"arquitecture": "C", "trainable_params": 19649, "non_trainable_params": 0, "train_metrics": {"mse": 4.399449595932107, "mae": 1.634115114975092, "r2_score": 0.8913754742349795, "kendalltau": 0.5948618778227992, "pearsonr": 0.9482851315928935, "spearmanr": 0.7701104533104836}, "test_metrics": {"mse": 5.1659613663234705, "mae": 1.7639177565854447, "r2": 0.8686990417376833, "kendalltau": 0.5375949095867285, "pearsonr": 0.9343834930566236, "spearmanr": 0.7111933518110638}, "total_time": 12.3045, "epochs": 50}