{"arquitecture": "B", "trainable_params": 132881, "non_trainable_params": 0, "train_metrics": {"mse": 39.77990491018122, "mae": 4.054667376099874, "r2_score": 0.017815021715110735, "kendalltau": 0.24392800526008235, "pearsonr": 0.47653159009400425, "spearmanr": 0.29854686526389373}, "test_metrics": {"mse": 38.65787783564242, "mae": 3.971968653631152, "r2": 0.017449794089381854, "kendalltau": 0.23719984001980687, "pearsonr": 0.4724031437742317, "spearmanr": 0.29016110301259807}, "total_time": 10.1473, "epochs": 30}