{"arquitecture": "B", "trainable_params": 132881, "non_trainable_params": 0, "train_metrics": {"mse": 40.50455315561733, "mae": 4.1065854172437675, "r2_score": -7.689187329207314e-05, "kendalltau": -0.002183845161692305, "pearsonr": -0.008444159314234112, "spearmanr": -0.0026726027409771608}, "test_metrics": {"mse": 39.344519974557215, "mae": 4.028278902357175, "r2": -2.2858681891779753e-06, "kendalltau": 0.010090603310014266, "pearsonr": 0.03568037298694407, "spearmanr": 0.012343602703323173}, "total_time": 30.2077, "epochs": 100}