{"arquitecture": "D", "trainable_params": 20865, "non_trainable_params": 0, "train_metrics": {"mse": 5200.02956972687, "mae": 36.31836288367679, "r2_score": -127.39123023433342, "kendalltau": 0.018512719847119254, "pearsonr": 0.05643873123868738, "spearmanr": 0.02798259417275405}, "test_metrics": {"mse": 6336.255085430002, "mae": 40.48790711548863, "r2": -160.04579680655382, "kendalltau": -0.0031106825402375114, "pearsonr": 0.061648458376556074, "spearmanr": -0.00046251307189786956}, "total_time": 13.4192, "epochs": 50}