{"arquitecture": "A", "trainable_params": 132881, "non_trainable_params": 0, "train_metrics": {"mse": 40.509389792349936, "mae": 4.064457990058919, "r2_score": -0.00019631075965986788, "kendalltau": -0.0325855194861689, "pearsonr": -0.009294754867914614, "spearmanr": -0.03992331634625164}, "test_metrics": {"mse": 39.36246952592446, "mae": 3.977858302977643, "r2": -0.00045850168704175687, "kendalltau": -0.049834867495229376, "pearsonr": -0.007035948338126556, "spearmanr": -0.06107986727581789}, "total_time": 10.7294, "epochs": 50}