{"arquitecture": "D", "trainable_params": 19649, "non_trainable_params": 0, "train_metrics": {"mse": 5.389077239738788, "mae": 1.8148549456637753, "r2_score": 0.8669410918995503, "kendalltau": 0.5584812721084706, "pearsonr": 0.9366638413371309, "spearmanr": 0.7326304970041485}, "test_metrics": {"mse": 5.523161625722187, "mae": 1.8048256742970072, "r2": 0.8596202405185449, "kendalltau": 0.5239308952875791, "pearsonr": 0.9305524681685238, "spearmanr": 0.6987337046605371}, "total_time": 13.3816, "epochs": 50}