{"arquitecture": "B", "trainable_params": 210705, "non_trainable_params": 0, "train_metrics": {"mse": 39.21625082063817, "mae": 3.8387695483276913, "r2_score": 0.03173191218903293, "kendalltau": 0.14533808254104955, "pearsonr": 0.26737979936649836, "spearmanr": 0.2206449596069106}, "test_metrics": {"mse": 35.82308605141792, "mae": 3.6338699150386797, "r2": 0.08950044475224506, "kendalltau": 0.15781841603128957, "pearsonr": 0.37361116233229064, "spearmanr": 0.23866531474598782}, "total_time": 9.8972, "epochs": 50}