{"arquitecture": "B", "trainable_params": 214801, "non_trainable_params": 0, "train_metrics": {"mse": 37.36559489477961, "mae": 3.7555683699175875, "r2_score": 0.07742549678799882, "kendalltau": 0.12707444635159937, "pearsonr": 0.32694813101552217, "spearmanr": 0.194437667312451}, "test_metrics": {"mse": 33.21891710902638, "mae": 3.527209773393812, "r2": 0.15568945650947363, "kendalltau": 0.15594246917485885, "pearsonr": 0.44830875508586043, "spearmanr": 0.24024646352899753}, "total_time": 9.7831, "epochs": 50}