{"arquitecture": "C", "trainable_params": 19649, "non_trainable_params": 0, "train_metrics": {"mse": 5.520826439258736, "mae": 1.8701221979959095, "r2_score": 0.8636881408188042, "kendalltau": 0.5708969484971175, "pearsonr": 0.9381866681020969, "spearmanr": 0.7421294304855284}, "test_metrics": {"mse": 6.207375696301544, "mae": 1.913896014590981, "r2": 0.8422298737013872, "kendalltau": 0.5231693887072899, "pearsonr": 0.9291004890362909, "spearmanr": 0.6948556999233453}, "total_time": 12.8472, "epochs": 50}