{"arquitecture": "A", "trainable_params": 132881, "non_trainable_params": 0, "train_metrics": {"mse": 40.27274004560436, "mae": 4.094798527405361, "r2_score": 0.005646685267938545, "kendalltau": 0.17365006650502968, "pearsonr": 0.2085017213567312, "spearmanr": 0.21279432724441832}, "test_metrics": {"mse": 39.21421973728056, "mae": 4.021193542638271, "r2": 0.0033094977095514677, "kendalltau": 0.1265483367416821, "pearsonr": 0.14037499371219156, "spearmanr": 0.15497972458407958}, "total_time": 11.1415, "epochs": 30}