{"arquitecture": "A", "trainable_params": 132881, "non_trainable_params": 0, "train_metrics": {"mse": 38.36507116168389, "mae": 3.9656267098906386, "r2_score": 0.05274794721310305, "kendalltau": 0.20393684297721265, "pearsonr": 0.3871405427410752, "spearmanr": 0.2501503749989382}, "test_metrics": {"mse": 37.31479753141533, "mae": 3.86360982254468, "r2": 0.05158627294844942, "kendalltau": 0.2003599767190433, "pearsonr": 0.383613127626485, "spearmanr": 0.2466447404823573}, "total_time": 11.3861, "epochs": 30}