{"arquitecture": "B", "trainable_params": 214801, "non_trainable_params": 0, "train_metrics": {"mse": 37.91183854440478, "mae": 3.822440966570767, "r2_score": 0.06393847844653378, "kendalltau": 0.1358442451256954, "pearsonr": 0.26605835319819, "spearmanr": 0.20704936995174833}, "test_metrics": {"mse": 37.14011294786442, "mae": 3.7008844581455964, "r2": 0.05602615385104537, "kendalltau": 0.1286850847870106, "pearsonr": 0.26129900644647985, "spearmanr": 0.20165241755130922}, "total_time": 9.6727, "epochs": 50}