{"arquitecture": "C", "trainable_params": 19649, "non_trainable_params": 0, "train_metrics": {"mse": 6.39160478825593, "mae": 2.0296860390271108, "r2_score": 0.8421882047145862, "kendalltau": 0.5435532473268746, "pearsonr": 0.9357251136652762, "spearmanr": 0.7167161383547981}, "test_metrics": {"mse": 6.650430789367448, "mae": 2.1019696524593505, "r2": 0.830968938096684, "kendalltau": 0.49686867558994685, "pearsonr": 0.9288056470844832, "spearmanr": 0.6612939757355236}, "total_time": 12.4022, "epochs": 50}