{"arquitecture": "C", "trainable_params": 20865, "non_trainable_params": 0, "train_metrics": {"mse": 1501.6177986634061, "mae": 17.433070553923294, "r2_score": -36.07566542208966, "kendalltau": -0.0323691644219439, "pearsonr": -0.045948065890147785, "spearmanr": -0.047440831019921526}, "test_metrics": {"mse": 2573.8513817555395, "mae": 18.532052193379098, "r2": -64.41844370969486, "kendalltau": -0.056722745339339235, "pearsonr": -0.03769396587856294, "spearmanr": -0.08443604211831506}, "total_time": 14.4796, "epochs": 50}