{"arquitecture": "B", "trainable_params": 132881, "non_trainable_params": 0, "train_metrics": {"mse": 40.22410219556993, "mae": 4.030887189150731, "r2_score": 0.006847577170213115, "kendalltau": 0.16452424220537623, "pearsonr": 0.3553609816832966, "spearmanr": 0.2021577489004862}, "test_metrics": {"mse": 39.099238948465405, "mae": 3.936962631516162, "r2": 0.006231913632288366, "kendalltau": 0.1498291179388673, "pearsonr": 0.4027577291316988, "spearmanr": 0.18429857948161094}, "total_time": 9.0589, "epochs": 50}