{"arquitecture": "C", "trainable_params": 19649, "non_trainable_params": 0, "train_metrics": {"mse": 6.013730943630776, "mae": 2.0049001906154804, "r2_score": 0.8515180916189311, "kendalltau": 0.5998498314568645, "pearsonr": 0.947500896875305, "spearmanr": 0.7764967912468889}, "test_metrics": {"mse": 6.635950425549144, "mae": 2.140277907037471, "r2": 0.8313369791079321, "kendalltau": 0.5467042524528282, "pearsonr": 0.9365237354786208, "spearmanr": 0.7213631407390515}, "total_time": 13.9615, "epochs": 50}