{"arquitecture": "A", "trainable_params": 206609, "non_trainable_params": 0, "train_metrics": {"mse": 25.858537966202828, "mae": 3.5587531101538676, "r2_score": 0.3615402649111509, "kendalltau": 0.2920219264538481, "pearsonr": 0.6237356455926517, "spearmanr": 0.41501267627716465}, "test_metrics": {"mse": 24.944081119983586, "mae": 3.483480861205945, "r2": 0.366007307879327, "kendalltau": 0.2825997537454284, "pearsonr": 0.6270448818131567, "spearmanr": 0.40875830312357225}, "total_time": 11.3007, "epochs": 50}