{"arquitecture": "A", "trainable_params": 132881, "non_trainable_params": 0, "train_metrics": {"mse": 40.02475772880001, "mae": 4.019873309982061, "r2_score": 0.011769487898951714, "kendalltau": 0.09823046861517848, "pearsonr": 0.1318597541817567, "spearmanr": 0.12085023783580189}, "test_metrics": {"mse": 39.27753312945593, "mae": 3.9270793858667346, "r2": 0.0017002891859151381, "kendalltau": 0.047382678325432616, "pearsonr": 0.055402757776355296, "spearmanr": 0.05805524192379515}, "total_time": 10.4767, "epochs": 50}