{"arquitecture": "B", "trainable_params": 132881, "non_trainable_params": 0, "train_metrics": {"mse": 30.37429714630177, "mae": 3.68034639987319, "r2_score": 0.25004399959177104, "kendalltau": 0.3087422575768629, "pearsonr": 0.5180922630271747, "spearmanr": 0.42202149129247063}, "test_metrics": {"mse": 29.01072742863294, "mae": 3.499851189328139, "r2": 0.262647154874625, "kendalltau": 0.30324587413939114, "pearsonr": 0.5456777258763738, "spearmanr": 0.407311452491811}, "total_time": 9.2583, "epochs": 50}