{"arquitecture": "B", "trainable_params": 132881, "non_trainable_params": 0, "train_metrics": {"mse": 38.177338533672604, "mae": 3.9890342998626918, "r2_score": 0.05738315605995581, "kendalltau": 0.21549654795214043, "pearsonr": 0.421696575978474, "spearmanr": 0.26495925074230203}, "test_metrics": {"mse": 37.19256263461579, "mae": 3.9024787355440895, "r2": 0.054693063329713354, "kendalltau": 0.19666987545313153, "pearsonr": 0.41574000297086233, "spearmanr": 0.24180015135885102}, "total_time": 8.8946, "epochs": 50}