{"arquitecture": "C", "trainable_params": 20801, "non_trainable_params": 0, "train_metrics": {"mse": 527.6321624486155, "mae": 12.106666365615036, "r2_score": -12.027491774731889, "kendalltau": 0.019286140054147347, "pearsonr": -0.013754266533906186, "spearmanr": 0.024959402611505872}, "test_metrics": {"mse": 2827.2942074245593, "mae": 14.209458651144711, "r2": -70.86008806499024, "kendalltau": 0.015184400180031598, "pearsonr": -0.027039446841641453, "spearmanr": 0.017249521304161526}, "total_time": 16.5131, "epochs": 50}