{"arquitecture": "C", "trainable_params": 19649, "non_trainable_params": 0, "train_metrics": {"mse": 5.379565278251398, "mae": 1.8057989911110006, "r2_score": 0.867175946801995, "kendalltau": 0.5905453471636432, "pearsonr": 0.9438589240846591, "spearmanr": 0.7654722694021704}, "test_metrics": {"mse": 5.761290962378759, "mae": 1.847693409948333, "r2": 0.8535678123495689, "kendalltau": 0.5189667344670152, "pearsonr": 0.9301067725931518, "spearmanr": 0.6881636511638158}, "total_time": 12.1805, "epochs": 50}