{"arquitecture": "A", "trainable_params": 214801, "non_trainable_params": 0, "train_metrics": {"mse": 32.50722296342997, "mae": 3.7572981542850727, "r2_score": 0.19738103566288623, "kendalltau": 0.27328183647333726, "pearsonr": 0.4686598292745051, "spearmanr": 0.3981497676821042}, "test_metrics": {"mse": 32.46101214940038, "mae": 3.6794359060382003, "r2": 0.17495279210454373, "kendalltau": 0.23657700245660382, "pearsonr": 0.4376247775080211, "spearmanr": 0.35309401367657894}, "total_time": 11.2629, "epochs": 50}