{"arquitecture": "D", "trainable_params": 20865, "non_trainable_params": 0, "train_metrics": {"mse": 2195.2764949674897, "mae": 21.30439659834892, "r2_score": -53.20243214274564, "kendalltau": 0.016293060331465804, "pearsonr": 0.20104146019207453, "spearmanr": 0.022540372442299957}, "test_metrics": {"mse": 1889.978224724106, "mae": 20.284711009375613, "r2": -47.03674174160459, "kendalltau": 0.012974347962283939, "pearsonr": 0.12593311429030848, "spearmanr": 0.01782328881391373}, "total_time": 14.7065, "epochs": 50}