{"arquitecture": "A", "trainable_params": 210705, "non_trainable_params": 0, "train_metrics": {"mse": 30.691158762278533, "mae": 3.7765701040930804, "r2_score": 0.24222053394724152, "kendalltau": 0.20474802684219268, "pearsonr": 0.5077745334632383, "spearmanr": 0.3013060626434061}, "test_metrics": {"mse": 27.07593456128868, "mae": 3.5897680566889907, "r2": 0.3118229305932485, "kendalltau": 0.1894456893964949, "pearsonr": 0.5938130072550315, "spearmanr": 0.2768156403862708}, "total_time": 11.3655, "epochs": 50}