{"arquitecture": "D", "trainable_params": 20865, "non_trainable_params": 0, "train_metrics": {"mse": 1211.3135587761053, "mae": 17.585242836608035, "r2_score": -28.907914161911478, "kendalltau": 0.014288913599870555, "pearsonr": 0.010958475597467628, "spearmanr": 0.01968780744299555}, "test_metrics": {"mse": 945.5304756029378, "mae": 15.938428823156134, "r2": -23.032130461177772, "kendalltau": 0.016195064160394675, "pearsonr": 0.0014133721176285375, "spearmanr": 0.021417809476071758}, "total_time": 15.3453, "epochs": 50}