{"arquitecture": "B", "trainable_params": 132881, "non_trainable_params": 0, "train_metrics": {"mse": 37.600208175905784, "mae": 3.942669575096667, "r2_score": 0.07163278207566992, "kendalltau": 0.23190330075477247, "pearsonr": 0.3053697540422004, "spearmanr": 0.2969270398860089}, "test_metrics": {"mse": 35.7727955971815, "mae": 3.8032680614675756, "r2": 0.09077865501446925, "kendalltau": 0.2597311809942788, "pearsonr": 0.37797317306441003, "spearmanr": 0.3264712436543761}, "total_time": 9.0069, "epochs": 50}