{"arquitecture": "A", "trainable_params": 132881, "non_trainable_params": 0, "train_metrics": {"mse": 38.0440722064495, "mae": 3.9484948367778965, "r2_score": 0.06067356575312299, "kendalltau": 0.23990886697558345, "pearsonr": 0.4721001523613231, "spearmanr": 0.2943468199533615}, "test_metrics": {"mse": 37.00647525285748, "mae": 3.85995922709546, "r2": 0.05942276411777425, "kendalltau": 0.23607726907394697, "pearsonr": 0.46723422306649254, "spearmanr": 0.28917142049212385}, "total_time": 12.9637, "epochs": 30}