{"arquitecture": "D", "trainable_params": 19649, "non_trainable_params": 0, "train_metrics": {"mse": 9.10211383631708, "mae": 2.4669623672153516, "r2_score": 0.7752644331137755, "kendalltau": 0.5210486551921798, "pearsonr": 0.9216115491909751, "spearmanr": 0.6939127000726567}, "test_metrics": {"mse": 9.884900911930277, "mae": 2.5501937859972945, "r2": 0.7487598396446806, "kendalltau": 0.45951174900972735, "pearsonr": 0.9042057222366815, "spearmanr": 0.6243958929951713}, "total_time": 11.5706, "epochs": 30}