{"arquitecture": "A", "trainable_params": 132881, "non_trainable_params": 0, "train_metrics": {"mse": 40.51169642362429, "mae": 4.12184077244404, "r2_score": -0.00025326259484459435, "kendalltau": -0.002183845161692305, "pearsonr": -0.008444159314234112, "spearmanr": -0.0026726027409771608}, "test_metrics": {"mse": 39.34745061403785, "mae": 4.04605630157604, "r2": -7.677263741601159e-05, "kendalltau": 0.010090603310014266, "pearsonr": 0.03568037298694407, "spearmanr": 0.012343602703323173}, "total_time": 10.4462, "epochs": 50}