{"arquitecture": "B", "trainable_params": 132881, "non_trainable_params": 0, "train_metrics": {"mse": 40.523988625672985, "mae": 4.042433208082765, "r2_score": -0.0005567629734788415, "kendalltau": -0.002183845161692305, "pearsonr": -0.008444159314234112, "spearmanr": -0.0026726027409771608}, "test_metrics": {"mse": 39.3830361790172, "mae": 3.9506563691743137, "r2": -0.0009812352244873424, "kendalltau": 0.010090603310014266, "pearsonr": 0.03568037298694407, "spearmanr": 0.012343602703323173}, "total_time": 11.1368, "epochs": 30}