{"arquitecture": "C", "trainable_params": 19649, "non_trainable_params": 0, "train_metrics": {"mse": 13.391676335158673, "mae": 3.1355567475734434, "r2_score": 0.6693530726092888, "kendalltau": 0.547952164413558, "pearsonr": 0.9363110105327163, "spearmanr": 0.720817773395231}, "test_metrics": {"mse": 14.479927787408736, "mae": 3.270411329203078, "r2": 0.6319700711565741, "kendalltau": 0.46804636992843907, "pearsonr": 0.9188640218207357, "spearmanr": 0.6336761811131151}, "total_time": 36.1716, "epochs": 100}