{"arquitecture": "D", "trainable_params": 19649, "non_trainable_params": 0, "train_metrics": {"mse": 5.753583812330806, "mae": 1.9117572156608973, "r2_score": 0.8579412493686456, "kendalltau": 0.5522159348229551, "pearsonr": 0.934161835708531, "spearmanr": 0.7272947048950148}, "test_metrics": {"mse": 6.314556731984617, "mae": 1.9488361580556868, "r2": 0.8395057006588872, "kendalltau": 0.5068582069513213, "pearsonr": 0.924674699810466, "spearmanr": 0.6801568559525605}, "total_time": 13.359, "epochs": 50}