{"arquitecture": "A", "trainable_params": 206609, "non_trainable_params": 0, "train_metrics": {"mse": 29.74595330269935, "mae": 3.8180325345518935, "r2_score": 0.26555811119604833, "kendalltau": 0.18429789384789805, "pearsonr": 0.5276779377058929, "spearmanr": 0.27586375195200047}, "test_metrics": {"mse": 27.130446657341295, "mae": 3.6220121360860564, "r2": 0.31043742072566505, "kendalltau": 0.1809492335660333, "pearsonr": 0.5761541760443093, "spearmanr": 0.2687911324330916}, "total_time": 11.4372, "epochs": 50}