{"arquitecture": "D", "trainable_params": 19649, "non_trainable_params": 0, "train_metrics": {"mse": 18.35951108210139, "mae": 3.7572467775386245, "r2_score": 0.5466948441880328, "kendalltau": 0.5256499642938185, "pearsonr": 0.9241458307112016, "spearmanr": 0.6985300965389292}, "test_metrics": {"mse": 19.338894385546453, "mae": 3.842132757048818, "r2": 0.5084718633188108, "kendalltau": 0.4727016177022818, "pearsonr": 0.8934516944828187, "spearmanr": 0.6448570026148688}, "total_time": 13.6867, "epochs": 30}