{"arquitecture": "C", "trainable_params": 20801, "non_trainable_params": 0, "train_metrics": {"mse": 413782.7827928067, "mae": 425.2611082557201, "r2_score": -10215.495852608172, "kendalltau": -0.0692446722395908, "pearsonr": -0.0971824156672103, "spearmanr": -0.10738243197047938}, "test_metrics": {"mse": 373915.0068548988, "mae": 421.36360067809517, "r2": -9502.632572391714, "kendalltau": -0.0780366045421605, "pearsonr": -0.14693790705536713, "spearmanr": -0.1271738512180704}, "total_time": 17.1781, "epochs": 50}