{"arquitecture": "D", "trainable_params": 19649, "non_trainable_params": 0, "train_metrics": {"mse": 6.05814654070794, "mae": 1.967873755817873, "r2_score": 0.8504214491722173, "kendalltau": 0.575182466196573, "pearsonr": 0.9359998310783931, "spearmanr": 0.7467499049420451}, "test_metrics": {"mse": 6.823134680625881, "mae": 2.057072061179399, "r2": 0.8265793995752216, "kendalltau": 0.5009779375137711, "pearsonr": 0.9150474544912149, "spearmanr": 0.6667667052197523}, "total_time": 12.3693, "epochs": 50}