{"arquitecture": "B", "trainable_params": 132881, "non_trainable_params": 0, "train_metrics": {"mse": 34.63012197603932, "mae": 3.7484217466967986, "r2_score": 0.14496563835842768, "kendalltau": 0.337216920672843, "pearsonr": 0.4148781143882887, "spearmanr": 0.4295302701791944}, "test_metrics": {"mse": 32.2049501908802, "mae": 3.56375729445135, "r2": 0.18146100580265623, "kendalltau": 0.3389846450316352, "pearsonr": 0.48902072398666535, "spearmanr": 0.424105330309262}, "total_time": 9.0567, "epochs": 50}