{"arquitecture": "A", "trainable_params": 210705, "non_trainable_params": 0, "train_metrics": {"mse": 24.351965459636617, "mae": 3.501870607280539, "r2_score": 0.39873826445356875, "kendalltau": 0.27583333334229004, "pearsonr": 0.6465411288957318, "spearmanr": 0.40151990918009794}, "test_metrics": {"mse": 22.98742684645315, "mae": 3.3459306194328042, "r2": 0.41573872530288436, "kendalltau": 0.2558646302624655, "pearsonr": 0.6645774422209775, "spearmanr": 0.3722480117950319}, "total_time": 11.4726, "epochs": 50}