{"arquitecture": "C", "trainable_params": 19649, "non_trainable_params": 0, "train_metrics": {"mse": 20.489721881941836, "mae": 4.020735300048728, "r2_score": 0.4940989153413543, "kendalltau": 0.5222378656161405, "pearsonr": 0.9255481340410464, "spearmanr": 0.6905348787382601}, "test_metrics": {"mse": 21.417250622713716, "mae": 4.098153924119366, "r2": 0.4556472008407916, "kendalltau": 0.4569784511561203, "pearsonr": 0.8976147575219715, "spearmanr": 0.6180495699889217}, "total_time": 12.2573, "epochs": 30}