{"arquitecture": "C", "trainable_params": 19649, "non_trainable_params": 0, "train_metrics": {"mse": 9.13148474841352, "mae": 2.5483761300497116, "r2_score": 0.7745392511726727, "kendalltau": 0.5421444426476191, "pearsonr": 0.930803547792352, "spearmanr": 0.7111797741041012}, "test_metrics": {"mse": 9.499801720938708, "mae": 2.5425223290264047, "r2": 0.7585477356852623, "kendalltau": 0.48508687566849307, "pearsonr": 0.9141777480790328, "spearmanr": 0.6502776388321414}, "total_time": 35.8696, "epochs": 100}