{"arquitecture": "C", "trainable_params": 20865, "non_trainable_params": 0, "train_metrics": {"mse": 144.8661694240524, "mae": 11.563961822308356, "r2_score": -2.576815374276112, "kendalltau": -0.021289161012674796, "pearsonr": 0.05969013713278009, "spearmanr": -0.027492715454549062}, "test_metrics": {"mse": 143.25903411378513, "mae": 11.549975410836678, "r2": -2.6411515930984812, "kendalltau": 0.02159300262692786, "pearsonr": 0.017804417160769397, "spearmanr": 0.027903806028511148}, "total_time": 15.6757, "epochs": 50}