{"arquitecture": "D", "trainable_params": 19649, "non_trainable_params": 0, "train_metrics": {"mse": 6.70289852725081, "mae": 2.1451581413328857, "r2_score": 0.8345022126297571, "kendalltau": 0.5988499648657741, "pearsonr": 0.9452544955094737, "spearmanr": 0.7768461679254719}, "test_metrics": {"mse": 7.362367004560017, "mae": 2.2225920058289286, "r2": 0.8128739697746584, "kendalltau": 0.538533252796207, "pearsonr": 0.9281285611482153, "spearmanr": 0.7125835725673986}, "total_time": 14.312, "epochs": 50}