{"arquitecture": "D", "trainable_params": 20865, "non_trainable_params": 0, "train_metrics": {"mse": 67756199.96234483, "mae": 5078.109240755418, "r2_score": -1672932.1540370213, "kendalltau": 0.12815849259879536, "pearsonr": 0.11139067340405488, "spearmanr": 0.19571531718026983}, "test_metrics": {"mse": 63529858.01564795, "mae": 5113.105856838887, "r2": -1614709.3402865804, "kendalltau": 0.1402249711383279, "pearsonr": 0.16696189566333605, "spearmanr": 0.21318685850543095}, "total_time": 13.2539, "epochs": 50}