{"arquitecture": "D", "trainable_params": 20801, "non_trainable_params": 0, "train_metrics": {"mse": 190916.3753317904, "mae": 283.5832780688367, "r2_score": -4712.817098931574, "kendalltau": -0.0012301379971057806, "pearsonr": -0.02671697671995491, "spearmanr": -0.00739091729831805}, "test_metrics": {"mse": 308238.18946509645, "mae": 309.217960164124, "r2": -7833.353913996058, "kendalltau": 0.0016451770239235258, "pearsonr": -0.08238486658205799, "spearmanr": -0.01001517730052678}, "total_time": 14.199, "epochs": 50}