{"arquitecture": "A", "trainable_params": 210705, "non_trainable_params": 0, "train_metrics": {"mse": 28.493820110306213, "mae": 3.7003920267206047, "r2_score": 0.296473881737915, "kendalltau": 0.24476799321272122, "pearsonr": 0.5574662361065201, "spearmanr": 0.3589222356053482}, "test_metrics": {"mse": 27.559586519750127, "mae": 3.6492975300141652, "r2": 0.29953016239226815, "kendalltau": 0.2267516961381516, "pearsonr": 0.5544777638105218, "spearmanr": 0.33143504538416413}, "total_time": 11.381, "epochs": 50}