{"arquitecture": "B", "trainable_params": 206609, "non_trainable_params": 0, "train_metrics": {"mse": 37.20850524848587, "mae": 3.8886652880362513, "r2_score": 0.08130411568319673, "kendalltau": 0.14460123737504002, "pearsonr": 0.2975026597570931, "spearmanr": 0.2230767523719369}, "test_metrics": {"mse": 33.13653886740465, "mae": 3.685610386200033, "r2": 0.15778322789061638, "kendalltau": 0.16332611405345868, "pearsonr": 0.42733504770167385, "spearmanr": 0.2469287835458081}, "total_time": 11.1335, "epochs": 50}