{"arquitecture": "A", "trainable_params": 132881, "non_trainable_params": 0, "train_metrics": {"mse": 38.45772642468112, "mae": 4.048513564949861, "r2_score": 0.050460244221343986, "kendalltau": 0.21980591276286826, "pearsonr": 0.3871405466888845, "spearmanr": 0.2690349304453291}, "test_metrics": {"mse": 37.376839877326084, "mae": 3.9641297003142215, "r2": 0.05000937004630435, "kendalltau": 0.2207894398296185, "pearsonr": 0.38359412584042596, "spearmanr": 0.27043204458895304}, "total_time": 13.7441, "epochs": 30}