{"arquitecture": "D", "trainable_params": 19649, "non_trainable_params": 0, "train_metrics": {"mse": 5.017933314692703, "mae": 1.7898686682298115, "r2_score": 0.8761048138537639, "kendalltau": 0.5899825524046921, "pearsonr": 0.9469456413904068, "spearmanr": 0.7630143053990815}, "test_metrics": {"mse": 5.674367748373878, "mae": 1.8605478932040662, "r2": 0.8557771012862773, "kendalltau": 0.5538092525274123, "pearsonr": 0.9356405852715453, "spearmanr": 0.7313794567705801}, "total_time": 14.3027, "epochs": 50}