{"arquitecture": "C", "trainable_params": 19649, "non_trainable_params": 0, "train_metrics": {"mse": 20.553284607606855, "mae": 3.8875109167492816, "r2_score": 0.49252952108392756, "kendalltau": 0.4790471157989622, "pearsonr": 0.8560936618431376, "spearmanr": 0.6457539881970464}, "test_metrics": {"mse": 21.429124866209808, "mae": 3.9045937905851575, "r2": 0.4553453984386596, "kendalltau": 0.45181047491472826, "pearsonr": 0.8186302675400761, "spearmanr": 0.6171949164803233}, "total_time": 14.3474, "epochs": 30}