{"arquitecture": "B", "trainable_params": 132881, "non_trainable_params": 0, "train_metrics": {"mse": 40.50241861532721, "mae": 4.078425549772698, "r2_score": -2.4189047248768247e-05, "kendalltau": -0.002183845161692305, "pearsonr": -0.008444159314234114, "spearmanr": -0.0026726027409771608}, "test_metrics": {"mse": 39.35045452962074, "mae": 3.994556392791733, "r2": -0.00015312183296822823, "kendalltau": 0.010090603310014266, "pearsonr": 0.03568037298694407, "spearmanr": 0.012343602703323173}, "total_time": 10.4524, "epochs": 30}