{"arquitecture": "A", "trainable_params": 132881, "non_trainable_params": 0, "train_metrics": {"mse": 40.503683938993724, "mae": 4.073521713519656, "r2_score": -5.543049693867985e-05, "kendalltau": 0.0014546483815099827, "pearsonr": -0.011294412015477253, "spearmanr": 0.0017802073699075425}, "test_metrics": {"mse": 39.3567818111858, "mae": 3.989556301330919, "r2": -0.00031393955377101435, "kendalltau": -0.007610575510883371, "pearsonr": -0.007707548624887625, "spearmanr": -0.00924362750039209}, "total_time": 13.4404, "epochs": 30}