{"arquitecture": "C", "trainable_params": 19649, "non_trainable_params": 0, "train_metrics": {"mse": 19.18213994427675, "mae": 3.7743989407439793, "r2_score": 0.5263837420635671, "kendalltau": 0.4863240503875725, "pearsonr": 0.8833597655406283, "spearmanr": 0.6554510914863519}, "test_metrics": {"mse": 20.196908481481625, "mae": 3.843431293401571, "r2": 0.4866640980239958, "kendalltau": 0.42132147560579525, "pearsonr": 0.8463977305530196, "spearmanr": 0.5790047796545214}, "total_time": 11.8613, "epochs": 30}