{"arquitecture": "C", "trainable_params": 20801, "non_trainable_params": 0, "train_metrics": {"mse": 78740797.4307079, "mae": 5672.867349335434, "r2_score": -1944147.14689064, "kendalltau": -0.01272461072890449, "pearsonr": -0.09112681696656151, "spearmanr": -0.030459261261486185}, "test_metrics": {"mse": 69445369.90976825, "mae": 5579.917552845211, "r2": -1765061.2932402862, "kendalltau": -0.03436118842945963, "pearsonr": -0.05637594404097538, "spearmanr": -0.05544644534346466}, "total_time": 15.2908, "epochs": 50}