{"arquitecture": "C", "trainable_params": 20865, "non_trainable_params": 0, "train_metrics": {"mse": 3984.9074623584497, "mae": 28.14138542968499, "r2_score": -97.38928117653957, "kendalltau": -0.04258007704566008, "pearsonr": -0.01912440827127386, "spearmanr": -0.06508902809862328}, "test_metrics": {"mse": 2793.0179920009314, "mae": 27.380146472893486, "r2": -69.98890463724214, "kendalltau": -0.022391158762717692, "pearsonr": -0.010890714400355002, "spearmanr": -0.03486767425421296}, "total_time": 14.7952, "epochs": 50}