{"arquitecture": "C", "trainable_params": 19649, "non_trainable_params": 0, "train_metrics": {"mse": 5.298304945209827, "mae": 1.8651848669269653, "r2_score": 0.8691823034945025, "kendalltau": 0.5797968547134256, "pearsonr": 0.9436255959566091, "spearmanr": 0.7533909187581572}, "test_metrics": {"mse": 5.83535968298421, "mae": 1.9620700215796434, "r2": 0.8516852403938129, "kendalltau": 0.5350589489938791, "pearsonr": 0.9350711473422046, "spearmanr": 0.7093650638284288}, "total_time": 16.7706, "epochs": 50}