{"arquitecture": "B", "trainable_params": 210705, "non_trainable_params": 0, "train_metrics": {"mse": 38.69164547451537, "mae": 3.8372716796185316, "r2_score": 0.04468467041339674, "kendalltau": 0.14867256130852638, "pearsonr": 0.25238520029047046, "spearmanr": 0.21880100278833134}, "test_metrics": {"mse": 34.86354576777868, "mae": 3.632976525705794, "r2": 0.11388865631620237, "kendalltau": 0.1777044056316945, "pearsonr": 0.37877771684263206, "spearmanr": 0.2660310814978496}, "total_time": 9.8277, "epochs": 50}