{"arquitecture": "A", "trainable_params": 132881, "non_trainable_params": 0, "train_metrics": {"mse": 38.53840859765216, "mae": 3.9945828877339875, "r2_score": 0.048468162578955365, "kendalltau": 0.20395923593917864, "pearsonr": 0.38714054356504496, "spearmanr": 0.25020137171841794}, "test_metrics": {"mse": 37.47254179221478, "mae": 3.8981612710858338, "r2": 0.04757695674675111, "kendalltau": 0.19884638969009183, "pearsonr": 0.38359413151276367, "spearmanr": 0.2450503493144272}, "total_time": 10.9787, "epochs": 30}