{"arquitecture": "D", "trainable_params": 19649, "non_trainable_params": 0, "train_metrics": {"mse": 10.613848252270765, "mae": 2.7986905985662136, "r2_score": 0.7379389835467512, "kendalltau": 0.6036123013179975, "pearsonr": 0.9467952431983869, "spearmanr": 0.7786970564256676}, "test_metrics": {"mse": 11.168121713097621, "mae": 2.846827064564011, "r2": 0.7161447833351673, "kendalltau": 0.5244953667492788, "pearsonr": 0.9330141292899007, "spearmanr": 0.697840824277373}, "total_time": 32.59, "epochs": 100}