{"arquitecture": "D", "trainable_params": 19649, "non_trainable_params": 0, "train_metrics": {"mse": 6.772667630392446, "mae": 2.0670194785610647, "r2_score": 0.8327795799284259, "kendalltau": 0.4384607617594288, "pearsonr": 0.920503912729867, "spearmanr": 0.5925256855844033}, "test_metrics": {"mse": 7.509987418725317, "mae": 2.1099741352847703, "r2": 0.8091219669111955, "kendalltau": 0.37826043369774986, "pearsonr": 0.9075390627953238, "spearmanr": 0.5185677374408262}, "total_time": 12.597, "epochs": 50}