{"arquitecture": "D", "trainable_params": 19649, "non_trainable_params": 0, "train_metrics": {"mse": 23.02236250034275, "mae": 4.3114961264583025, "r2_score": 0.4315668007874335, "kendalltau": 0.5214573828500395, "pearsonr": 0.9272413643840846, "spearmanr": 0.686805883281309}, "test_metrics": {"mse": 23.181001108148813, "mae": 4.324296382142664, "r2": 0.4108187337943824, "kendalltau": 0.47340565208783214, "pearsonr": 0.9117301238148149, "spearmanr": 0.6376207166819925}, "total_time": 35.5563, "epochs": 100}