{"arquitecture": "C", "trainable_params": 20865, "non_trainable_params": 0, "train_metrics": {"mse": 79475616.40265156, "mae": 5158.513034981928, "r2_score": -1962290.180606568, "kendalltau": -0.01490142423088508, "pearsonr": -0.06428251925888147, "spearmanr": -0.017180591554992904}, "test_metrics": {"mse": 101929276.27531262, "mae": 5482.911965395135, "r2": -2590690.393315186, "kendalltau": 0.004949792771879089, "pearsonr": -0.030133167696661804, "spearmanr": 0.01325356206965563}, "total_time": 16.6879, "epochs": 50}