{"arquitecture": "D", "trainable_params": 19649, "non_trainable_params": 0, "train_metrics": {"mse": 21.693987672407676, "mae": 4.132106516814084, "r2_score": 0.46436501396756813, "kendalltau": 0.5341063614116125, "pearsonr": 0.921590371290208, "spearmanr": 0.7088052728938631}, "test_metrics": {"mse": 22.45863980606965, "mae": 4.193085439308571, "r2": 0.4291786719450832, "kendalltau": 0.467306415421177, "pearsonr": 0.8956818511722133, "spearmanr": 0.6347024717313612}, "total_time": 37.6399, "epochs": 100}