{"arquitecture": "B", "trainable_params": 132881, "non_trainable_params": 0, "train_metrics": {"mse": 8.954600353696577, "mae": 2.287156037283956, "r2_score": 0.7789066119236918, "kendalltau": 0.4185482191663918, "pearsonr": 0.8827347372925962, "spearmanr": 0.5640805656145222}, "test_metrics": {"mse": 7.931026935492454, "mae": 2.09443538373465, "r2": 0.7984205914850817, "kendalltau": 0.38573096721281136, "pearsonr": 0.8938911980087466, "spearmanr": 0.5253753253115034}, "total_time": 9.0621, "epochs": 50}