{"arquitecture": "D", "trainable_params": 19649, "non_trainable_params": 0, "train_metrics": {"mse": 20.895294133311758, "mae": 3.8697479696951453, "r2_score": 0.48408514145717485, "kendalltau": 0.4611384098841572, "pearsonr": 0.8580262487215441, "spearmanr": 0.6283208698493175}, "test_metrics": {"mse": 22.170469748261915, "mae": 3.919711327440987, "r2": 0.43650296302076164, "kendalltau": 0.4121474765206144, "pearsonr": 0.8044309468782294, "spearmanr": 0.5712858932902456}, "total_time": 11.894, "epochs": 30}