{"arquitecture": "C", "trainable_params": 20865, "non_trainable_params": 0, "train_metrics": {"mse": 455.9355887868866, "mae": 13.56470199504644, "r2_score": -10.25726889953786, "kendalltau": 0.0232665713046242, "pearsonr": 0.060157861457001756, "spearmanr": 0.03603839905614325}, "test_metrics": {"mse": 468.0474093832622, "mae": 13.521050213147536, "r2": -10.896154269530232, "kendalltau": -0.01982254635077695, "pearsonr": 0.019707309608246164, "spearmanr": -0.030746652634916567}, "total_time": 16.3051, "epochs": 50}