{"arquitecture": "B", "trainable_params": 132881, "non_trainable_params": 0, "train_metrics": {"mse": 35.75211904996287, "mae": 4.294524162537792, "r2_score": 0.11726299115060934, "kendalltau": 0.2102489386356383, "pearsonr": 0.37559909065741687, "spearmanr": 0.280054831129344}, "test_metrics": {"mse": 33.17299806321392, "mae": 4.12874888202254, "r2": 0.15685656061462072, "kendalltau": 0.20403128085216418, "pearsonr": 0.4183396314305398, "spearmanr": 0.2689839726430147}, "total_time": 8.9752, "epochs": 50}