{"arquitecture": "A", "trainable_params": 132881, "non_trainable_params": 0, "train_metrics": {"mse": 36.79226316237143, "mae": 3.9215394143146405, "r2_score": 0.09158133291724135, "kendalltau": 0.207079325613868, "pearsonr": 0.3871405468431469, "spearmanr": 0.25471685288193163}, "test_metrics": {"mse": 35.80248141757426, "mae": 3.821878613523823, "r2": 0.0900241436296606, "kendalltau": 0.1968283616828853, "pearsonr": 0.38359412099345946, "spearmanr": 0.24180692311816201}, "total_time": 12.3519, "epochs": 30}