{"arquitecture": "A", "trainable_params": 132881, "non_trainable_params": 0, "train_metrics": {"mse": 40.506898491592146, "mae": 4.098150053539893, "r2_score": -0.00013479934614069045, "kendalltau": -0.009755194185800573, "pearsonr": -0.01330207238022849, "spearmanr": -0.011938464858713494}, "test_metrics": {"mse": 39.34841480398528, "mae": 4.0179640651784645, "r2": -0.00010127902743084505, "kendalltau": -0.008188973450257441, "pearsonr": -0.012014999131706755, "spearmanr": -0.010017382678964567}, "total_time": 10.398, "epochs": 50}