{"arquitecture": "A", "trainable_params": 214801, "non_trainable_params": 0, "train_metrics": {"mse": 27.147479735285852, "mae": 3.6673792082716794, "r2_score": 0.32971567291336357, "kendalltau": 0.2501165976591932, "pearsonr": 0.6025357193644708, "spearmanr": 0.3662189900440275}, "test_metrics": {"mse": 23.787775552043925, "mae": 3.4208903546360174, "r2": 0.395396615763869, "kendalltau": 0.2639301531947452, "pearsonr": 0.6694665799173009, "spearmanr": 0.3851008243632741}, "total_time": 12.1166, "epochs": 50}