{"arquitecture": "A", "trainable_params": 132881, "non_trainable_params": 0, "train_metrics": {"mse": 6.8729632324132846, "mae": 1.9380403031004978, "r2_score": 0.830303233292723, "kendalltau": 0.5484966838432939, "pearsonr": 0.9125196677358407, "spearmanr": 0.7184804250604996}, "test_metrics": {"mse": 6.8353296268653, "mae": 1.9094326071163663, "r2": 0.8262694460131158, "kendalltau": 0.4974820057801045, "pearsonr": 0.9097621177194201, "spearmanr": 0.6614066121452266}, "total_time": 10.4211, "epochs": 50}