{"arquitecture": "D", "trainable_params": 20801, "non_trainable_params": 0, "train_metrics": {"mse": 59477409.8077396, "mae": 3734.660861369454, "r2_score": -1468524.8447036857, "kendalltau": -0.06970518288423196, "pearsonr": -0.22128217427370317, "spearmanr": -0.10506146012459973}, "test_metrics": {"mse": 43009231.688995466, "mae": 3366.5393232339147, "r2": -1093145.6448248122, "kendalltau": -0.06528122919893364, "pearsonr": -0.1774807935162873, "spearmanr": -0.09529066934596}, "total_time": 13.6718, "epochs": 50}