{"arquitecture": "C", "trainable_params": 19649, "non_trainable_params": 0, "train_metrics": {"mse": 7.1359763496003294, "mae": 2.095243874115215, "r2_score": 0.8238093129734997, "kendalltau": 0.44175680804371326, "pearsonr": 0.915245890262558, "spearmanr": 0.598085482368125}, "test_metrics": {"mse": 8.001365618203648, "mae": 2.148795200771287, "r2": 0.7966328242549404, "kendalltau": 0.39647193540560693, "pearsonr": 0.9046539309813418, "spearmanr": 0.547036110465473}, "total_time": 13.1794, "epochs": 50}