{"arquitecture": "A", "trainable_params": 214801, "non_trainable_params": 0, "train_metrics": {"mse": 29.356114073579274, "mae": 3.702610108879661, "r2_score": 0.27518342919649186, "kendalltau": 0.24772489283421195, "pearsonr": 0.5575652453218606, "spearmanr": 0.36206124919048643}, "test_metrics": {"mse": 29.353930089784722, "mae": 3.616450128483299, "r2": 0.25392412442744294, "kendalltau": 0.24682692044865825, "pearsonr": 0.5389020257047894, "spearmanr": 0.3592982881587162}, "total_time": 11.4288, "epochs": 50}