{"arquitecture": "A", "trainable_params": 132881, "non_trainable_params": 0, "train_metrics": {"mse": 6.528834929344879, "mae": 2.0608918624461046, "r2_score": 0.8387999265512821, "kendalltau": 0.4459753093746021, "pearsonr": 0.921111101335568, "spearmanr": 0.6083875075799494}, "test_metrics": {"mse": 6.6548016103740615, "mae": 2.067586891838605, "r2": 0.830857846869734, "kendalltau": 0.4028963825480328, "pearsonr": 0.9150938054784092, "spearmanr": 0.5554916538099687}, "total_time": 10.266, "epochs": 50}