{"arquitecture": "B", "trainable_params": 132881, "non_trainable_params": 0, "train_metrics": {"mse": 40.504098964193176, "mae": 4.072197653546855, "r2_score": -6.567766865606117e-05, "kendalltau": 0.002183845161692305, "pearsonr": 0.008444159314234112, "spearmanr": 0.0026726027409771608}, "test_metrics": {"mse": 39.35401346515986, "mae": 3.986816965692467, "r2": -0.00024357772559757684, "kendalltau": -0.010090603310014266, "pearsonr": -0.03568037298694407, "spearmanr": -0.012343602703323173}, "total_time": 9.7221, "epochs": 30}