{"arquitecture": "B", "trainable_params": 210705, "non_trainable_params": 0, "train_metrics": {"mse": 37.114242410292185, "mae": 3.7806602276417145, "r2_score": 0.08363151047947337, "kendalltau": 0.1565186822411405, "pearsonr": 0.3292293694154232, "spearmanr": 0.21631715327385367}, "test_metrics": {"mse": 32.01122525086081, "mae": 3.5137184098173546, "r2": 0.18638482703555825, "kendalltau": 0.19423338943670332, "pearsonr": 0.4808718940554872, "spearmanr": 0.2727451008117216}, "total_time": 9.806, "epochs": 50}