{"arquitecture": "D", "trainable_params": 20801, "non_trainable_params": 0, "train_metrics": {"mse": 651577.9191539327, "mae": 544.1603808027962, "r2_score": -16086.772100514136, "kendalltau": -0.045347659456008806, "pearsonr": -0.015718924469407935, "spearmanr": -0.07332962357728069}, "test_metrics": {"mse": 641534.5741975686, "mae": 514.7214799582339, "r2": -16304.600908993267, "kendalltau": -0.09936224067904162, "pearsonr": -0.11435421773150369, "spearmanr": -0.15049771453209404}, "total_time": 15.262, "epochs": 50}