{"arquitecture": "D", "trainable_params": 20865, "non_trainable_params": 0, "train_metrics": {"mse": 5502.960602248916, "mae": 46.12592659235109, "r2_score": -134.87074307558544, "kendalltau": -0.08604769143099096, "pearsonr": -0.11673389296311625, "spearmanr": -0.13081398496782906}, "test_metrics": {"mse": 5277.588462151255, "mae": 47.73086385839786, "r2": -133.138134851707, "kendalltau": -0.08613112375466879, "pearsonr": -0.1302011975152199, "spearmanr": -0.13019425329623902}, "total_time": 14.1484, "epochs": 50}