{"arquitecture": "D", "trainable_params": 19649, "non_trainable_params": 0, "train_metrics": {"mse": 29.9565245869172, "mae": 4.653522977403663, "r2_score": 0.26035900494670183, "kendalltau": 0.4265673016489626, "pearsonr": 0.8059757953942764, "spearmanr": 0.5946133488194087}, "test_metrics": {"mse": 30.68799932724585, "mae": 4.713888299098037, "r2": 0.22001667587221174, "kendalltau": 0.3986127746596272, "pearsonr": 0.7571936452177621, "spearmanr": 0.5602545286524888}, "total_time": 13.7877, "epochs": 30}