{"arquitecture": "A", "trainable_params": 132881, "non_trainable_params": 0, "train_metrics": {"mse": 40.50241202266049, "mae": 4.098429305422038, "r2_score": -2.40262711377337e-05, "kendalltau": 0.002183845161692305, "pearsonr": 0.008444159314234112, "spearmanr": 0.0026726027409771608}, "test_metrics": {"mse": 39.34465883630538, "mae": 4.018691669351258, "r2": -5.815255907481998e-06, "kendalltau": -0.010090603310014266, "pearsonr": -0.03568037298694407, "spearmanr": -0.012343602703323173}, "total_time": 10.4019, "epochs": 50}