{"arquitecture": "B", "trainable_params": 214801, "non_trainable_params": 0, "train_metrics": {"mse": 38.72644905330394, "mae": 3.8253933930751858, "r2_score": 0.04382535331965631, "kendalltau": 0.11938225210272566, "pearsonr": 0.2852102116362408, "spearmanr": 0.19726419853884788}, "test_metrics": {"mse": 35.3728223079018, "mae": 3.63259384177437, "r2": 0.10094459944140788, "kendalltau": 0.12548723253498634, "pearsonr": 0.3782797685809213, "spearmanr": 0.19905924760188856}, "total_time": 9.7917, "epochs": 50}