{"arquitecture": "C", "trainable_params": 19649, "non_trainable_params": 0, "train_metrics": {"mse": 15.276710184752245, "mae": 3.430175105874428, "r2_score": 0.6228106805445082, "kendalltau": 0.6028066580373732, "pearsonr": 0.9484938308614782, "spearmanr": 0.7791379539171441}, "test_metrics": {"mse": 15.474177638807372, "mae": 3.446739032846267, "r2": 0.6066996618399603, "kendalltau": 0.5375130993577916, "pearsonr": 0.9337753562425276, "spearmanr": 0.7166868372855102}, "total_time": 34.8638, "epochs": 100}