{"arquitecture": "C", "trainable_params": 19649, "non_trainable_params": 0, "train_metrics": {"mse": 10.55482318129289, "mae": 2.4691956762792944, "r2_score": 0.7393963409282625, "kendalltau": 0.41469576502791033, "pearsonr": 0.8890790355740802, "spearmanr": 0.5738805188149474}, "test_metrics": {"mse": 31.86770482773912, "mae": 2.7223087458071356, "r2": 0.19003262223761608, "kendalltau": 0.3601782444280551, "pearsonr": 0.595720249988956, "spearmanr": 0.5065220295215387}, "total_time": 12.4313, "epochs": 50}