{"arquitecture": "A", "trainable_params": 132881, "non_trainable_params": 0, "train_metrics": {"mse": 40.50331722852114, "mae": 4.075128708363044, "r2_score": -4.637623905745514e-05, "kendalltau": -0.11996714562803805, "pearsonr": -0.3045292672744744, "spearmanr": -0.17663880066453105}, "test_metrics": {"mse": 39.352368374122705, "mae": 3.9904486826032413, "r2": -0.00020176517333680977, "kendalltau": -0.11769924239694604, "pearsonr": -0.34548129524968646, "spearmanr": -0.17833804926912622}, "total_time": 12.1154, "epochs": 30}