{"arquitecture": "A", "trainable_params": 132881, "non_trainable_params": 0, "train_metrics": {"mse": 10.895395382659396, "mae": 2.4008048036286893, "r2_score": 0.7309874495304858, "kendalltau": 0.38634586316293656, "pearsonr": 0.8567793715736304, "spearmanr": 0.5370777607539174}, "test_metrics": {"mse": 10.977282280977525, "mae": 2.3410450349650453, "r2": 0.720995264888311, "kendalltau": 0.3633032950169774, "pearsonr": 0.8501423383257761, "spearmanr": 0.5084000356981683}, "total_time": 10.1692, "epochs": 50}