{"arquitecture": "C", "trainable_params": 19649, "non_trainable_params": 0, "train_metrics": {"mse": 35.8494383143638, "mae": 4.125885906488869, "r2_score": 0.1148601317217558, "kendalltau": 0.21948183182395664, "pearsonr": 0.5025214825603934, "spearmanr": 0.31832715976583215}, "test_metrics": {"mse": 34.72451824427518, "mae": 4.078268481211942, "r2": 0.11742225747316148, "kendalltau": 0.19432486165985785, "pearsonr": 0.5039240790952726, "spearmanr": 0.2811715078431782}, "total_time": 12.8547, "epochs": 30}