{"arquitecture": "B", "trainable_params": 132881, "non_trainable_params": 0, "train_metrics": {"mse": 40.504063469651896, "mae": 4.078250194354967, "r2_score": -6.480129136621215e-05, "kendalltau": -0.10385173206051701, "pearsonr": -0.2770654865307246, "spearmanr": -0.15249684826992924}, "test_metrics": {"mse": 39.35253646025265, "mae": 3.9943465001817424, "r2": -0.00020603734425850284, "kendalltau": -0.10569192071865027, "pearsonr": -0.3254575536025122, "spearmanr": -0.1600974922229695}, "total_time": 10.503, "epochs": 30}