{"arquitecture": "D", "trainable_params": 19649, "non_trainable_params": 0, "train_metrics": {"mse": 7.589694657370296, "mae": 2.161847180364996, "r2_score": 0.8126067898083313, "kendalltau": 0.5085915233435991, "pearsonr": 0.9197822135274695, "spearmanr": 0.6785974077577398}, "test_metrics": {"mse": 16.351452114935885, "mae": 2.3774056768032064, "r2": 0.5844023639690081, "kendalltau": 0.4591497802348293, "pearsonr": 0.7767476413234214, "spearmanr": 0.6216324856840693}, "total_time": 11.6962, "epochs": 50}