{"arquitecture": "C", "trainable_params": 21441, "non_trainable_params": 0, "train_metrics": {"mse": 14.137080365220518, "mae": 2.7061458357307937, "r2_score": 0.6509486887191608, "kendalltau": 0.40865237002889276, "pearsonr": 0.8315034691893831, "spearmanr": 0.5650841606775968}, "test_metrics": {"mse": 31.232578614130006, "mae": 2.828190232310806, "r2": 0.20617534467608123, "kendalltau": 0.36723295633224273, "pearsonr": 0.5980736347725478, "spearmanr": 0.5159587989616927}, "total_time": 14.6687, "epochs": 50}