{"arquitecture": "B", "trainable_params": 132881, "non_trainable_params": 0, "train_metrics": {"mse": 40.51615148296496, "mae": 4.1285938386990155, "r2_score": -0.0003632601519443224, "kendalltau": -0.1341681426528149, "pearsonr": -0.12645050686945772, "spearmanr": -0.21026033729742588}, "test_metrics": {"mse": 39.350079029176726, "mae": 4.053862802951823, "r2": -0.0001435779040397378, "kendalltau": -0.14048015773348047, "pearsonr": -0.14644218133489126, "spearmanr": -0.21994014723431213}, "total_time": 8.8017, "epochs": 50}