{"arquitecture": "D", "trainable_params": 19649, "non_trainable_params": 0, "train_metrics": {"mse": 41.576689894603284, "mae": 4.524517646605901, "r2_score": -0.02654846343881001, "kendalltau": 0.1080015606627846, "pearsonr": 0.34029437394621254, "spearmanr": 0.16149927490669325}, "test_metrics": {"mse": 40.30210729572723, "mae": 4.499482064973053, "r2": -0.024340859847682417, "kendalltau": 0.08343930019860295, "pearsonr": 0.39263070240257936, "spearmanr": 0.12647297619977313}, "total_time": 12.1826, "epochs": 30}