{"arquitecture": "D", "trainable_params": 21441, "non_trainable_params": 0, "train_metrics": {"mse": 41.00827076906371, "mae": 4.359604391924403, "r2_score": -0.012513921935119132, "kendalltau": 0.03469828672863403, "pearsonr": 0.11230815407360795, "spearmanr": 0.05219381651465811}, "test_metrics": {"mse": 39.78739568572024, "mae": 4.316372593650669, "r2": -0.011258662202298986, "kendalltau": 0.06290595294860886, "pearsonr": 0.14682244617219845, "spearmanr": 0.09938732270051644}, "total_time": 14.9336, "epochs": 50}