{"arquitecture": "A", "trainable_params": 251665, "non_trainable_params": 0, "train_metrics": {"mse": 40.51423772795195, "mae": 4.1258621463088145, "r2_score": -0.0003160086205458157, "kendalltau": -0.12890933995526954, "pearsonr": -0.15076610373948496, "spearmanr": -0.17714141195365893}, "test_metrics": {"mse": 39.3488953406362, "mae": 4.050701249572779, "r2": -0.0001134926152359661, "kendalltau": -0.12415335468555042, "pearsonr": -0.1588854962529252, "spearmanr": -0.16921487772725052}, "total_time": 11.8905, "epochs": 50}