{"arquitecture": "B", "trainable_params": 251665, "non_trainable_params": 0, "train_metrics": {"mse": 40.50477724305945, "mae": 4.107235285830839, "r2_score": -8.242469997865598e-05, "kendalltau": -0.15879359827380798, "pearsonr": -0.12888789619715957, "spearmanr": -0.21594388532655154}, "test_metrics": {"mse": 39.34456328396306, "mae": 4.0290409749497105, "r2": -3.3866442277208364e-06, "kendalltau": -0.1504546907466308, "pearsonr": -0.12497198378456686, "spearmanr": -0.20599307916343493}, "total_time": 10.2386, "epochs": 50}