{"arquitecture": "A", "trainable_params": 124689, "non_trainable_params": 0, "train_metrics": {"mse": 40.50397747506583, "mae": 4.105508625378693, "r2_score": -6.267804369008978e-05, "kendalltau": 0.24908450043123256, "pearsonr": 0.40006248468457223, "spearmanr": 0.36048759341881537}, "test_metrics": {"mse": 39.344295672814994, "mae": 4.027022758805103, "r2": 3.415110119808773e-06, "kendalltau": 0.18465050397619068, "pearsonr": 0.318325467850359, "spearmanr": 0.27290002183010825}, "total_time": 10.8322, "epochs": 50}