{"arquitecture": "C", "trainable_params": 19457, "non_trainable_params": 0, "train_metrics": {"mse": 41.14851870456378, "mae": 4.400270957198474, "r2_score": -0.01597671089337993, "kendalltau": -0.1552194368659628, "pearsonr": -0.12044953032375538, "spearmanr": -0.23556712644937283}, "test_metrics": {"mse": 39.919156201632156, "mae": 4.362391354975265, "r2": -0.014607561037112582, "kendalltau": -0.16231363882766214, "pearsonr": -0.20873778248261984, "spearmanr": -0.2414099510885792}, "total_time": 13.7872, "epochs": 50}