{"arquitecture": "D", "trainable_params": 19457, "non_trainable_params": 0, "train_metrics": {"mse": 31.628059824426586, "mae": 3.6348106685959074, "r2_score": 0.21908799626373743, "kendalltau": 0.18124280952276445, "pearsonr": 0.48403575562804735, "spearmanr": 0.2606681833108467}, "test_metrics": {"mse": 30.870966899684248, "mae": 3.6401698647460425, "r2": 0.21536626989962726, "kendalltau": 0.20846049476547346, "pearsonr": 0.4813049569409308, "spearmanr": 0.29845338213350087}, "total_time": 13.9446, "epochs": 50}