{"arquitecture": "B", "trainable_params": 124689, "non_trainable_params": 0, "train_metrics": {"mse": 40.50497024367544, "mae": 4.069936759296724, "r2_score": -8.718997798151662e-05, "kendalltau": -0.22280050928846148, "pearsonr": -0.24255004124784774, "spearmanr": -0.34515994492034163}, "test_metrics": {"mse": 39.355594581580576, "mae": 3.9840335075904463, "r2": -0.00028376426328979854, "kendalltau": -0.2525603463762677, "pearsonr": -0.3173639116841058, "spearmanr": -0.3811740870464285}, "total_time": 8.978, "epochs": 50}