{"arquitecture": "D", "trainable_params": 21697, "non_trainable_params": 0, "train_metrics": {"mse": 10.328135487574535, "mae": 2.5055279167063906, "r2_score": 0.7449933690768952, "kendalltau": 0.5995597667630133, "pearsonr": 0.9334530236962838, "spearmanr": 0.7757523245720899}, "test_metrics": {"mse": 9.923995912055068, "mae": 2.4309068719428586, "r2": 0.747766179294622, "kendalltau": 0.5665680797594257, "pearsonr": 0.9160759679594721, "spearmanr": 0.7444301516233677}, "total_time": 14.4936, "epochs": 50}