{"arquitecture": "D", "trainable_params": 20353, "non_trainable_params": 0, "train_metrics": {"mse": 4.292118339967621, "mae": 1.663562381875579, "r2_score": 0.8940255345492714, "kendalltau": 0.643982280628824, "pearsonr": 0.954853277862139, "spearmanr": 0.8188639408266045}, "test_metrics": {"mse": 6.557666042953971, "mae": 1.9570523455386362, "r2": 0.833326698682439, "kendalltau": 0.5471352939133692, "pearsonr": 0.9226844887751705, "spearmanr": 0.7239182586254386}, "total_time": 12.8058, "epochs": 50}