{"arquitecture": "B", "trainable_params": 263953, "non_trainable_params": 0, "train_metrics": {"mse": 17.162706419278564, "mae": 2.7602623323561177, "r2_score": 0.5762445267330265, "kendalltau": 0.39226444752596384, "pearsonr": 0.7837973836739662, "spearmanr": 0.5463307928505319}, "test_metrics": {"mse": 16.72036296698737, "mae": 2.757077266895186, "r2": 0.5750259197889387, "kendalltau": 0.3527418004025967, "pearsonr": 0.7787864578753143, "spearmanr": 0.4905016404656787}, "total_time": 10.2986, "epochs": 30}