{"arquitecture": "B", "trainable_params": 177937, "non_trainable_params": 0, "train_metrics": {"mse": 39.76157167258043, "mae": 4.07550323525304, "r2_score": 0.018267678166037027, "kendalltau": 0.17916434552192623, "pearsonr": 0.3060712917314306, "spearmanr": 0.2208921625781384}, "test_metrics": {"mse": 38.586132205189806, "mae": 3.9901402101473367, "r2": 0.019273321088823292, "kendalltau": 0.17582916291320935, "pearsonr": 0.31466584660793484, "spearmanr": 0.2175196049309951}, "total_time": 9.2809, "epochs": 50}