{"arquitecture": "A", "trainable_params": 263953, "non_trainable_params": 0, "train_metrics": {"mse": 2.2937510639002485, "mae": 1.037359943355755, "r2_score": 0.9433661834040431, "kendalltau": 0.7331954029137296, "pearsonr": 0.9715079913998955, "spearmanr": 0.8890397236020504}, "test_metrics": {"mse": 3.951309881279383, "mae": 1.3885350776591654, "r2": 0.8995713020260984, "kendalltau": 0.6219613746536896, "pearsonr": 0.9493958306688004, "spearmanr": 0.796062481550629}, "total_time": 12.0794, "epochs": 50}