{"arquitecture": "D", "trainable_params": 20353, "non_trainable_params": 0, "train_metrics": {"mse": 5.482000318977099, "mae": 1.868759936854159, "r2_score": 0.8646467763960337, "kendalltau": 0.5506668109905004, "pearsonr": 0.9382612705737146, "spearmanr": 0.7224776392462426}, "test_metrics": {"mse": 6.4844840517547295, "mae": 1.946411414138246, "r2": 0.8351867330285424, "kendalltau": 0.4811787664262547, "pearsonr": 0.919780377102315, "spearmanr": 0.645988170697343}, "total_time": 12.6886, "epochs": 50}