{"arquitecture": "C", "trainable_params": 21697, "non_trainable_params": 0, "train_metrics": {"mse": 6.689555368390257, "mae": 2.1449156015792354, "r2_score": 0.8348316616373728, "kendalltau": 0.5897801662902358, "pearsonr": 0.9451209770740242, "spearmanr": 0.7643787413522435}, "test_metrics": {"mse": 7.1812147687031995, "mae": 2.221221072129262, "r2": 0.8174782361391761, "kendalltau": 0.5203604351894311, "pearsonr": 0.9319199149314393, "spearmanr": 0.6908706873534508}, "total_time": 13.8177, "epochs": 30}