{"arquitecture": "A", "trainable_params": 263953, "non_trainable_params": 0, "train_metrics": {"mse": 2.3133207316066042, "mae": 1.0737602899024254, "r2_score": 0.9428829988993388, "kendalltau": 0.7256240350281844, "pearsonr": 0.9711382752654041, "spearmanr": 0.8812416447599967}, "test_metrics": {"mse": 3.7010634782905942, "mae": 1.3546070321555894, "r2": 0.9059317043179781, "kendalltau": 0.637732398413395, "pearsonr": 0.9521139241672377, "spearmanr": 0.807440513278026}, "total_time": 11.8823, "epochs": 50}