{"arquitecture": "A", "trainable_params": 263953, "non_trainable_params": 0, "train_metrics": {"mse": 3.088921890169343, "mae": 1.3079613862280746, "r2_score": 0.9237330333878399, "kendalltau": 0.6610449004666098, "pearsonr": 0.9629091134450826, "spearmanr": 0.825412069561135}, "test_metrics": {"mse": 4.441044532195842, "mae": 1.5740373428640873, "r2": 0.8871239327176912, "kendalltau": 0.5804188786914763, "pearsonr": 0.9426825804252735, "spearmanr": 0.756737966836936}, "total_time": 12.8212, "epochs": 30}