{"arquitecture": "C", "trainable_params": 21697, "non_trainable_params": 0, "train_metrics": {"mse": 6.677832682020602, "mae": 1.9977075473216992, "r2_score": 0.83512110040007, "kendalltau": 0.6107836952968853, "pearsonr": 0.9494620385831318, "spearmanr": 0.7850262666008735}, "test_metrics": {"mse": 7.626778501358903, "mae": 2.0887152883006217, "r2": 0.8061535395500756, "kendalltau": 0.5572216640900285, "pearsonr": 0.9332803432390525, "spearmanr": 0.7293011383798138}, "total_time": 15.068, "epochs": 50}