{"arquitecture": "A", "trainable_params": 263953, "non_trainable_params": 0, "train_metrics": {"mse": 2.990611882328199, "mae": 1.2519492506460677, "r2_score": 0.9261603547485787, "kendalltau": 0.6715311930861083, "pearsonr": 0.9628893234533707, "spearmanr": 0.837921385449766}, "test_metrics": {"mse": 4.080549359800529, "mae": 1.4367018805827896, "r2": 0.8962864792851135, "kendalltau": 0.6079505244892737, "pearsonr": 0.9483587425892761, "spearmanr": 0.7841210448182084}, "total_time": 12.3773, "epochs": 30}