{"arquitecture": "C", "trainable_params": 21697, "non_trainable_params": 0, "train_metrics": {"mse": 6.675077312822299, "mae": 2.1592239750333597, "r2_score": 0.835189131790349, "kendalltau": 0.5893898973007955, "pearsonr": 0.9468635927011245, "spearmanr": 0.7649951113948492}, "test_metrics": {"mse": 7.177799608449603, "mae": 2.179727671758954, "r2": 0.8175650377588786, "kendalltau": 0.5255904049106618, "pearsonr": 0.9304908714194867, "spearmanr": 0.6987270976393897}, "total_time": 15.4565, "epochs": 50}