{"arquitecture": "B", "trainable_params": 263953, "non_trainable_params": 0, "train_metrics": {"mse": 12.068124038852396, "mae": 2.4647386939848195, "r2_score": 0.7020322151648504, "kendalltau": 0.39822122030892676, "pearsonr": 0.8473945245794849, "spearmanr": 0.5436349673542298}, "test_metrics": {"mse": 15.488226498146256, "mae": 2.540630779246825, "r2": 0.6063425881874718, "kendalltau": 0.361926019098833, "pearsonr": 0.8004289886213296, "spearmanr": 0.5002876873304463}, "total_time": 10.3305, "epochs": 50}