{"arquitecture": "B", "trainable_params": 177937, "non_trainable_params": 0, "train_metrics": {"mse": 7.0535377401553285, "mae": 2.0234172653315405, "r2_score": 0.8258447618769196, "kendalltau": 0.47258201779845926, "pearsonr": 0.9087840522062388, "spearmanr": 0.6361784963621183}, "test_metrics": {"mse": 6.749151431710221, "mae": 1.959932441594768, "r2": 0.8284597991347907, "kendalltau": 0.4231307665163326, "pearsonr": 0.910355961105201, "spearmanr": 0.5764401067998007}, "total_time": 9.5049, "epochs": 50}