{"arquitecture": "C", "trainable_params": 21697, "non_trainable_params": 0, "train_metrics": {"mse": 6.119798243227426, "mae": 2.0748238601019042, "r2_score": 0.8488992389950676, "kendalltau": 0.6075576414580225, "pearsonr": 0.9515683302223825, "spearmanr": 0.7818915617518282}, "test_metrics": {"mse": 7.011247120845819, "mae": 2.181126526693608, "r2": 0.8217982287707023, "kendalltau": 0.5296421946397473, "pearsonr": 0.9350067882786759, "spearmanr": 0.7001914236836484}, "total_time": 15.6417, "epochs": 50}