{"arquitecture": "B", "trainable_params": 263953, "non_trainable_params": 0, "train_metrics": {"mse": 13.585147994358369, "mae": 2.5795019781764634, "r2_score": 0.6645761643230863, "kendalltau": 0.4255658696096863, "pearsonr": 0.8383649470749258, "spearmanr": 0.5517042506707688}, "test_metrics": {"mse": 15.28662037943257, "mae": 2.6211396381427705, "r2": 0.6114667218581602, "kendalltau": 0.4027254347762811, "pearsonr": 0.8054082128913852, "spearmanr": 0.5256600084278175}, "total_time": 10.6827, "epochs": 30}