{"arquitecture": "B", "trainable_params": 263953, "non_trainable_params": 0, "train_metrics": {"mse": 4.78815045061661, "mae": 1.6817040888846697, "r2_score": 0.8817782632466772, "kendalltau": 0.5647209027739872, "pearsonr": 0.9391235757378981, "spearmanr": 0.7356165017400267}, "test_metrics": {"mse": 5.138182779446731, "mae": 1.7392222155874146, "r2": 0.869405077810633, "kendalltau": 0.49859010124558406, "pearsonr": 0.9325117977024997, "spearmanr": 0.6691619366405145}, "total_time": 10.4317, "epochs": 50}