{"arquitecture": "C", "trainable_params": 21697, "non_trainable_params": 0, "train_metrics": {"mse": 5.843204543700547, "mae": 1.9343004365618162, "r2_score": 0.8557284704217625, "kendalltau": 0.5578732233109166, "pearsonr": 0.9417812897485015, "spearmanr": 0.7367796239259397}, "test_metrics": {"mse": 6.607393018589612, "mae": 2.037427585886804, "r2": 0.8320628101069243, "kendalltau": 0.5022207737249976, "pearsonr": 0.9269168407192068, "spearmanr": 0.6791484355827595}, "total_time": 15.6115, "epochs": 30}