{"arquitecture": "D", "trainable_params": 21697, "non_trainable_params": 0, "train_metrics": {"mse": 7.45962694604166, "mae": 2.289802180037981, "r2_score": 0.8158182241371796, "kendalltau": 0.5834524689862688, "pearsonr": 0.9413316612764151, "spearmanr": 0.7618237961704788}, "test_metrics": {"mse": 7.769480923885233, "mae": 2.3113892697180787, "r2": 0.8025265351078423, "kendalltau": 0.5338376648556795, "pearsonr": 0.9311360910703163, "spearmanr": 0.7116796228097676}, "total_time": 12.8659, "epochs": 30}