{"arquitecture": "D", "trainable_params": 20353, "non_trainable_params": 0, "train_metrics": {"mse": 5.770869245484655, "mae": 1.876198373909347, "r2_score": 0.8575144637132955, "kendalltau": 0.5696501413992998, "pearsonr": 0.9328674487364792, "spearmanr": 0.7451230539706869}, "test_metrics": {"mse": 6.752611053305001, "mae": 1.9995442070815326, "r2": 0.8283718674608179, "kendalltau": 0.48678230541328765, "pearsonr": 0.9159415433528502, "spearmanr": 0.655374962844634}, "total_time": 14.9219, "epochs": 50}