{"arquitecture": "D", "trainable_params": 21697, "non_trainable_params": 0, "train_metrics": {"mse": 6.084941415422558, "mae": 2.023126765190823, "r2_score": 0.8497598708326223, "kendalltau": 0.5805671216951582, "pearsonr": 0.9447736067116368, "spearmanr": 0.7557202894173624}, "test_metrics": {"mse": 6.891083580925568, "mae": 2.128358976003672, "r2": 0.8248523723890758, "kendalltau": 0.5266536405133296, "pearsonr": 0.9331031713654111, "spearmanr": 0.6976182840315167}, "total_time": 15.1791, "epochs": 50}