{"arquitecture": "D", "trainable_params": 21697, "non_trainable_params": 0, "train_metrics": {"mse": 5.792473894351738, "mae": 1.9535488463674169, "r2_score": 0.8569810345453204, "kendalltau": 0.5346704932475912, "pearsonr": 0.9416951079694929, "spearmanr": 0.7080083509136873}, "test_metrics": {"mse": 6.147991127793222, "mae": 2.000846148337715, "r2": 0.8437392250492247, "kendalltau": 0.48143020727823693, "pearsonr": 0.9309876731324516, "spearmanr": 0.6468569435979047}, "total_time": 12.7053, "epochs": 30}