{"arquitecture": "A", "trainable_params": 177937, "non_trainable_params": 0, "train_metrics": {"mse": 3.564805341338791, "mae": 1.4130523209096042, "r2_score": 0.9119832421752074, "kendalltau": 0.6463745269857016, "pearsonr": 0.9556938216553534, "spearmanr": 0.8178482573175113}, "test_metrics": {"mse": 4.666531524401111, "mae": 1.5960395315967597, "r2": 0.8813928294335585, "kendalltau": 0.5500932794168503, "pearsonr": 0.9388500660093075, "spearmanr": 0.722884527035492}, "total_time": 11.0362, "epochs": 50}