{"arquitecture": "D", "trainable_params": 21697, "non_trainable_params": 0, "train_metrics": {"mse": 5.683826822625081, "mae": 1.9389718148784307, "r2_score": 0.85966358298342, "kendalltau": 0.5657792826778193, "pearsonr": 0.9429750112210175, "spearmanr": 0.7422012899866596}, "test_metrics": {"mse": 6.41398622847304, "mae": 2.022525953863777, "r2": 0.8369785450642722, "kendalltau": 0.5076269141197048, "pearsonr": 0.9285971692617911, "spearmanr": 0.6803133805457856}, "total_time": 14.0298, "epochs": 30}