{"arquitecture": "D", "trainable_params": 20353, "non_trainable_params": 0, "train_metrics": {"mse": 34.73150636766509, "mae": 4.18399777438806, "r2_score": 0.1424624089838925, "kendalltau": 0.1905549244243667, "pearsonr": 0.44564734935294, "spearmanr": 0.27934511872918494}, "test_metrics": {"mse": 33.36489753287419, "mae": 4.117055491767388, "r2": 0.15197913655553308, "kendalltau": 0.173918045303949, "pearsonr": 0.4447764377187487, "spearmanr": 0.26071562387774033}, "total_time": 12.4611, "epochs": 50}