{"arquitecture": "C", "trainable_params": 21697, "non_trainable_params": 0, "train_metrics": {"mse": 6.979229448668619, "mae": 2.2223970851227195, "r2_score": 0.827679469320918, "kendalltau": 0.5922347051365414, "pearsonr": 0.9434140488875687, "spearmanr": 0.7690310183166673}, "test_metrics": {"mse": 7.310524685511884, "mae": 2.2370598533411923, "r2": 0.8141916230993493, "kendalltau": 0.5391538428690185, "pearsonr": 0.9319495444282127, "spearmanr": 0.711896661295306}, "total_time": 17.0419, "epochs": 50}