{"arquitecture": "D", "trainable_params": 21697, "non_trainable_params": 0, "train_metrics": {"mse": 5.992097804370873, "mae": 2.009388317883963, "r2_score": 0.8520522242284031, "kendalltau": 0.5575233949611456, "pearsonr": 0.9438390118824138, "spearmanr": 0.7300839169166643}, "test_metrics": {"mse": 6.486510716042546, "mae": 2.075236760919734, "r2": 0.8351352221975088, "kendalltau": 0.4998141255703103, "pearsonr": 0.9305259775955804, "spearmanr": 0.6703249387700337}, "total_time": 12.5774, "epochs": 30}