{"arquitecture": "A", "trainable_params": 263953, "non_trainable_params": 0, "train_metrics": {"mse": 2.828156685311737, "mae": 1.21105676009766, "r2_score": 0.9301714516708602, "kendalltau": 0.6743108165917628, "pearsonr": 0.9645058849841104, "spearmanr": 0.8387206639861667}, "test_metrics": {"mse": 3.9048240984532034, "mae": 1.4201695553531646, "r2": 0.9007528106355975, "kendalltau": 0.6077515905873807, "pearsonr": 0.9496653483929766, "spearmanr": 0.7827689520587295}, "total_time": 12.4455, "epochs": 30}