{"arquitecture": "C", "trainable_params": 21697, "non_trainable_params": 0, "train_metrics": {"mse": 5.837324325487916, "mae": 1.9945009902908886, "r2_score": 0.8558736558366227, "kendalltau": 0.6039475430301027, "pearsonr": 0.9477937097104109, "spearmanr": 0.7826373877572983}, "test_metrics": {"mse": 6.4226071987510585, "mae": 2.0472515662233604, "r2": 0.8367594296705656, "kendalltau": 0.5551095609333776, "pearsonr": 0.9326805888422351, "spearmanr": 0.7294291620096308}, "total_time": 15.7593, "epochs": 50}