{"arquitecture": "A", "trainable_params": 177937, "non_trainable_params": 0, "train_metrics": {"mse": 28.999171581742615, "mae": 3.6547506278954214, "r2_score": 0.2839965109367605, "kendalltau": 0.32674730709148714, "pearsonr": 0.5475312471310012, "spearmanr": 0.4248516320544831}, "test_metrics": {"mse": 24.078491705055896, "mae": 3.3392541404116476, "r2": 0.3880076117109851, "kendalltau": 0.33113181819965326, "pearsonr": 0.6584900343556043, "spearmanr": 0.4264184530016439}, "total_time": 11.2595, "epochs": 50}