{"arquitecture": "B", "trainable_params": 177937, "non_trainable_params": 0, "train_metrics": {"mse": 28.430814803149133, "mae": 3.577064209390548, "r2_score": 0.29802951306437586, "kendalltau": 0.29757329776748953, "pearsonr": 0.5588333844772391, "spearmanr": 0.3993760257340432}, "test_metrics": {"mse": 23.642474787600147, "mae": 3.297746714567218, "r2": 0.3990896611149404, "kendalltau": 0.339529767962453, "pearsonr": 0.6579473611813369, "spearmanr": 0.4446697847440158}, "total_time": 9.5156, "epochs": 50}