{"arquitecture": "B", "trainable_params": 263953, "non_trainable_params": 0, "train_metrics": {"mse": 6.8227953511387085, "mae": 1.9470605045581844, "r2_score": 0.831541902401951, "kendalltau": 0.5122352721599357, "pearsonr": 0.9219256670322142, "spearmanr": 0.6863223484483296}, "test_metrics": {"mse": 6.8096836238680165, "mae": 1.9483397957955428, "r2": 0.8269212791435556, "kendalltau": 0.4452891510714531, "pearsonr": 0.9181034182575655, "spearmanr": 0.6072064592022786}, "total_time": 10.3331, "epochs": 30}