{"arquitecture": "B", "trainable_params": 263953, "non_trainable_params": 0, "train_metrics": {"mse": 9.442682936174199, "mae": 2.3300820369083075, "r2_score": 0.7668556182937567, "kendalltau": 0.4608287136116301, "pearsonr": 0.876353715355962, "spearmanr": 0.5937926626746746}, "test_metrics": {"mse": 8.95933875560464, "mae": 2.1890170820322203, "r2": 0.772284444154718, "kendalltau": 0.4274931270967556, "pearsonr": 0.8800096098758446, "spearmanr": 0.5511976118382077}, "total_time": 10.3972, "epochs": 50}