{"arquitecture": "C", "trainable_params": 21697, "non_trainable_params": 0, "train_metrics": {"mse": 5.105680915933754, "mae": 1.7953202218399174, "r2_score": 0.8739382833903531, "kendalltau": 0.5422588049685682, "pearsonr": 0.9417788407908629, "spearmanr": 0.7134054138091666}, "test_metrics": {"mse": 5.848284201149361, "mae": 1.900631932714463, "r2": 0.8513567436243199, "kendalltau": 0.4736786450128414, "pearsonr": 0.926799449092122, "spearmanr": 0.6384273490372518}, "total_time": 15.4734, "epochs": 30}