{"arquitecture": "A", "trainable_params": 263953, "non_trainable_params": 0, "train_metrics": {"mse": 1.8981044857937208, "mae": 0.9612513021353766, "r2_score": 0.9531348876431172, "kendalltau": 0.7595825752076251, "pearsonr": 0.9763118584788665, "spearmanr": 0.9087920212773221}, "test_metrics": {"mse": 4.102553936594268, "mae": 1.418102404285746, "r2": 0.8957271986760851, "kendalltau": 0.6145070741959267, "pearsonr": 0.9467606195049983, "spearmanr": 0.7852797512076661}, "total_time": 11.7571, "epochs": 50}