{"arquitecture": "D", "trainable_params": 20353, "non_trainable_params": 0, "train_metrics": {"mse": 30.210929926836226, "mae": 4.030360652057097, "r2_score": 0.2540776147868179, "kendalltau": 0.23049042465193573, "pearsonr": 0.6089809707555355, "spearmanr": 0.3319984513038147}, "test_metrics": {"mse": 30.403731025938114, "mae": 3.996830699662261, "r2": 0.22724179772632092, "kendalltau": 0.2674741737017327, "pearsonr": 0.5746861173937005, "spearmanr": 0.3846072313011742}, "total_time": 13.3312, "epochs": 50}