{"arquitecture": "B", "trainable_params": 177937, "non_trainable_params": 0, "train_metrics": {"mse": 26.787734877847114, "mae": 3.522455476088067, "r2_score": 0.3385979464077161, "kendalltau": 0.2123752898802037, "pearsonr": 0.5934476794271363, "spearmanr": 0.28586468757979494}, "test_metrics": {"mse": 28.979592644513247, "mae": 3.5922517797472695, "r2": 0.26343849393047925, "kendalltau": 0.20924919450808913, "pearsonr": 0.5374324447049174, "spearmanr": 0.28781708701092307}, "total_time": 9.7275, "epochs": 50}