{"arquitecture": "A", "trainable_params": 263953, "non_trainable_params": 0, "train_metrics": {"mse": 2.072002993151493, "mae": 0.9805390671784088, "r2_score": 0.9488412498866012, "kendalltau": 0.7580989284753122, "pearsonr": 0.9744759532249551, "spearmanr": 0.9015561453104038}, "test_metrics": {"mse": 3.8934283264391305, "mae": 1.3917569497926594, "r2": 0.90104245193941, "kendalltau": 0.6352097308069903, "pearsonr": 0.949291682371697, "spearmanr": 0.8038112969939211}, "total_time": 11.7919, "epochs": 50}