{"arquitecture": "A", "trainable_params": 263953, "non_trainable_params": 0, "train_metrics": {"mse": 31.476489790829834, "mae": 3.462683351973372, "r2_score": 0.22283033326763424, "kendalltau": 0.20212143482030973, "pearsonr": 0.4769735291827695, "spearmanr": 0.2500346881139803}, "test_metrics": {"mse": 30.721814374252105, "mae": 3.399427286648108, "r2": 0.21915721375843178, "kendalltau": 0.2103601724584368, "pearsonr": 0.4736332406512736, "spearmanr": 0.25932265319203307}, "total_time": 14.3495, "epochs": 30}