{"arquitecture": "C", "trainable_params": 21697, "non_trainable_params": 0, "train_metrics": {"mse": 6.667508454640004, "mae": 2.1654333998341, "r2_score": 0.835376010537953, "kendalltau": 0.5744269795166784, "pearsonr": 0.9439405063449237, "spearmanr": 0.7503947445641409}, "test_metrics": {"mse": 7.108282106774534, "mae": 2.202267096271449, "r2": 0.8193319333933371, "kendalltau": 0.5085680415875388, "pearsonr": 0.932070790193178, "spearmanr": 0.6774684301890826}, "total_time": 13.5884, "epochs": 30}