{"arquitecture": "A", "trainable_params": 263953, "non_trainable_params": 0, "train_metrics": {"mse": 2.216309982408926, "mae": 1.0340186464266037, "r2_score": 0.9452782409394911, "kendalltau": 0.7383462455841329, "pearsonr": 0.9722894936242298, "spearmanr": 0.8894686802107609}, "test_metrics": {"mse": 3.7359183031298215, "mae": 1.3671564139005918, "r2": 0.9050458146302833, "kendalltau": 0.6240804169860562, "pearsonr": 0.9517561343162267, "spearmanr": 0.7970639341531159}, "total_time": 12.1279, "epochs": 50}