{"arquitecture": "D", "trainable_params": 21697, "non_trainable_params": 0, "train_metrics": {"mse": 5.229642476449728, "mae": 1.8307479877878967, "r2_score": 0.8708776128608873, "kendalltau": 0.5853606336800883, "pearsonr": 0.9458308982026351, "spearmanr": 0.7618611705643326}, "test_metrics": {"mse": 5.923913792743339, "mae": 1.9481299028273502, "r2": 0.8494344997000792, "kendalltau": 0.5210972500142752, "pearsonr": 0.9316689619450267, "spearmanr": 0.695218598311968}, "total_time": 14.4142, "epochs": 30}