{"arquitecture": "A", "trainable_params": 177937, "non_trainable_params": 0, "train_metrics": {"mse": 8.323812007701337, "mae": 2.232495581196412, "r2_score": 0.7944810794673568, "kendalltau": 0.4748145999407565, "pearsonr": 0.8953163584027918, "spearmanr": 0.6046003256233322}, "test_metrics": {"mse": 8.852406909362534, "mae": 2.2353736625611442, "r2": 0.775002283659263, "kendalltau": 0.41356254093332984, "pearsonr": 0.88573113136092, "spearmanr": 0.5361177476959925}, "total_time": 11.0624, "epochs": 50}