{"arquitecture": "C", "trainable_params": 20353, "non_trainable_params": 0, "train_metrics": {"mse": 25.93093586080286, "mae": 3.5468126350715656, "r2_score": 0.35975272608479725, "kendalltau": 0.2747597750973403, "pearsonr": 0.6831004724847323, "spearmanr": 0.39468224877556046}, "test_metrics": {"mse": 25.69821253537654, "mae": 3.520308914726571, "r2": 0.346839882791268, "kendalltau": 0.22885427944989875, "pearsonr": 0.6647939138656155, "spearmanr": 0.3344329657248854}, "total_time": 13.3881, "epochs": 50}