{"arquitecture": "D", "trainable_params": 21697, "non_trainable_params": 0, "train_metrics": {"mse": 7.964797880361257, "mae": 2.4046107307434803, "r2_score": 0.8033453108842408, "kendalltau": 0.5638211595287697, "pearsonr": 0.9444533297142507, "spearmanr": 0.7350620247063686}, "test_metrics": {"mse": 8.458828000215316, "mae": 2.412610589607655, "r2": 0.7850057049507476, "kendalltau": 0.5039557985772379, "pearsonr": 0.9299978773896268, "spearmanr": 0.671512017351016}, "total_time": 12.7177, "epochs": 30}