{"arquitecture": "A", "trainable_params": 177937, "non_trainable_params": 0, "train_metrics": {"mse": 33.64741105887133, "mae": 3.7574911122655017, "r2_score": 0.1692292433876076, "kendalltau": 0.27073150337056523, "pearsonr": 0.42240208796982864, "spearmanr": 0.3420815361790998}, "test_metrics": {"mse": 31.18695987017774, "mae": 3.5856441662539495, "r2": 0.20733481614148974, "kendalltau": 0.2758022679512255, "pearsonr": 0.4834222230618364, "spearmanr": 0.35247049211801973}, "total_time": 10.9612, "epochs": 50}