{"arquitecture": "C", "trainable_params": 21697, "non_trainable_params": 0, "train_metrics": {"mse": 8.025424744877238, "mae": 2.3358935761336364, "r2_score": 0.8018484044501364, "kendalltau": 0.5534659907434821, "pearsonr": 0.9406322066549636, "spearmanr": 0.7278567755340606}, "test_metrics": {"mse": 8.791805611774937, "mae": 2.4143014082394973, "r2": 0.7765425600726839, "kendalltau": 0.4865164965126207, "pearsonr": 0.9272790625299916, "spearmanr": 0.653314637430849}, "total_time": 14.2729, "epochs": 30}