{"arquitecture": "B", "trainable_params": 263953, "non_trainable_params": 0, "train_metrics": {"mse": 31.95677667675322, "mae": 3.562832219756533, "r2_score": 0.2109718191337696, "kendalltau": 0.1537924960605431, "pearsonr": 0.48088096843077077, "spearmanr": 0.198631169099135}, "test_metrics": {"mse": 31.065976739042483, "mae": 3.515568733413915, "r2": 0.2104097909477649, "kendalltau": 0.15766496421169868, "pearsonr": 0.481047412517928, "spearmanr": 0.2029926050097765}, "total_time": 11.5915, "epochs": 30}