{"arquitecture": "B", "trainable_params": 263953, "non_trainable_params": 0, "train_metrics": {"mse": 31.197931333447766, "mae": 3.540581758691111, "r2_score": 0.22970807551042316, "kendalltau": 0.2501777229850071, "pearsonr": 0.5155944192918024, "spearmanr": 0.31352692540560495}, "test_metrics": {"mse": 31.359182834982736, "mae": 3.5077338087398164, "r2": 0.2029575011152711, "kendalltau": 0.2318273794911563, "pearsonr": 0.47588042077919307, "spearmanr": 0.28692812316552246}, "total_time": 11.7982, "epochs": 30}