{"arquitecture": "B", "trainable_params": 177937, "non_trainable_params": 0, "train_metrics": {"mse": 36.8287583616681, "mae": 3.9233456515622147, "r2_score": 0.09068024889983006, "kendalltau": 0.22381877217387017, "pearsonr": 0.32077749911814796, "spearmanr": 0.2894730488386761}, "test_metrics": {"mse": 33.906484372689654, "mae": 3.743754971392635, "r2": 0.13821386306479466, "kendalltau": 0.246982590501692, "pearsonr": 0.4294005460289642, "spearmanr": 0.3184042407686018}, "total_time": 9.8116, "epochs": 50}