{"arquitecture": "B", "trainable_params": 263953, "non_trainable_params": 0, "train_metrics": {"mse": 4.585332836416873, "mae": 1.5663589041227945, "r2_score": 0.8867859276553364, "kendalltau": 0.5921056895573032, "pearsonr": 0.9417361571378622, "spearmanr": 0.7635336572839031}, "test_metrics": {"mse": 5.636041786591674, "mae": 1.6925327544188933, "r2": 0.8567512153284637, "kendalltau": 0.5451740552679077, "pearsonr": 0.9265473580405582, "spearmanr": 0.7218292308147732}, "total_time": 10.4994, "epochs": 50}