{"arquitecture": "A", "trainable_params": 263953, "non_trainable_params": 0, "train_metrics": {"mse": 4.884486913737274, "mae": 1.62816621944011, "r2_score": 0.8793996696539611, "kendalltau": 0.5686108292007321, "pearsonr": 0.9387502139735113, "spearmanr": 0.7331663032469821}, "test_metrics": {"mse": 5.840145086628661, "mae": 1.762443417549482, "r2": 0.8515636119030765, "kendalltau": 0.5175831832378381, "pearsonr": 0.9240186187064228, "spearmanr": 0.6898311272300582}, "total_time": 13.8919, "epochs": 30}