{"arquitecture": "B", "trainable_params": 263953, "non_trainable_params": 0, "train_metrics": {"mse": 4.079140434951863, "mae": 1.4693475540142615, "r2_score": 0.8992840614232138, "kendalltau": 0.6144462212039109, "pearsonr": 0.9483579785546297, "spearmanr": 0.7868227848441587}, "test_metrics": {"mse": 5.499459050795308, "mae": 1.701790926926619, "r2": 0.860222678396124, "kendalltau": 0.5333635192490844, "pearsonr": 0.9280988502089055, "spearmanr": 0.7038067597456772}, "total_time": 10.6256, "epochs": 50}