{"arquitecture": "D", "trainable_params": 21697, "non_trainable_params": 0, "train_metrics": {"mse": 4.490664219614701, "mae": 1.6982934714821416, "r2_score": 0.8891233413205537, "kendalltau": 0.6307153518344062, "pearsonr": 0.9527687344864367, "spearmanr": 0.8041882371379012}, "test_metrics": {"mse": 5.507259611201685, "mae": 1.84950991830882, "r2": 0.860024414997753, "kendalltau": 0.5686586308430496, "pearsonr": 0.9345313352646689, "spearmanr": 0.7488973040044512}, "total_time": 14.6885, "epochs": 50}