{"arquitecture": "D", "trainable_params": 21697, "non_trainable_params": 0, "train_metrics": {"mse": 4.399984849575139, "mae": 1.6493561563794006, "r2_score": 0.8913622585651849, "kendalltau": 0.6227091122742554, "pearsonr": 0.9491856395712066, "spearmanr": 0.7987154736443564}, "test_metrics": {"mse": 5.265878793437968, "mae": 1.7478047367020613, "r2": 0.8661594846258625, "kendalltau": 0.5703612446121865, "pearsonr": 0.9355112268725402, "spearmanr": 0.7476761566426892}, "total_time": 14.2613, "epochs": 50}