{"arquitecture": "D", "trainable_params": 20353, "non_trainable_params": 0, "train_metrics": {"mse": 5.319200195316912, "mae": 1.7805040635056377, "r2_score": 0.8686663897229885, "kendalltau": 0.551204186246174, "pearsonr": 0.9347534654790176, "spearmanr": 0.7267788362487205}, "test_metrics": {"mse": 5.786683691440213, "mae": 1.821533483086209, "r2": 0.852922416570886, "kendalltau": 0.5004391356880948, "pearsonr": 0.923984279380443, "spearmanr": 0.6742972554953703}, "total_time": 13.1687, "epochs": 50}