{"arquitecture": "A", "trainable_params": 177937, "non_trainable_params": 0, "train_metrics": {"mse": 34.410956615082725, "mae": 3.780358360792998, "r2_score": 0.1503769364944587, "kendalltau": 0.12904914098302095, "pearsonr": 0.3914399867588461, "spearmanr": 0.17163561917879666}, "test_metrics": {"mse": 27.266219991352433, "mae": 3.5580788251169286, "r2": 0.3069865298656703, "kendalltau": 0.16070937831836765, "pearsonr": 0.5754650410550413, "spearmanr": 0.22216982901404042}, "total_time": 11.1039, "epochs": 50}