{"arquitecture": "A", "trainable_params": 177937, "non_trainable_params": 0, "train_metrics": {"mse": 37.20002369650301, "mae": 3.8856850403652468, "r2_score": 0.08151352927955702, "kendalltau": 0.18532542852484493, "pearsonr": 0.29570205458564885, "spearmanr": 0.23146910775748505}, "test_metrics": {"mse": 33.94158287917431, "mae": 3.714074614298365, "r2": 0.13732177982835125, "kendalltau": 0.22789502249462795, "pearsonr": 0.4140628170036883, "spearmanr": 0.28716664537244063}, "total_time": 11.4416, "epochs": 50}