{"arquitecture": "B", "trainable_params": 263953, "non_trainable_params": 0, "train_metrics": {"mse": 8.276993427643411, "mae": 2.1379943450028494, "r2_score": 0.7956370527192123, "kendalltau": 0.45969239138707013, "pearsonr": 0.8928787326963037, "spearmanr": 0.6210310386606461}, "test_metrics": {"mse": 7.947499527566301, "mae": 2.0213462775095943, "r2": 0.7980019148882221, "kendalltau": 0.4410351913063728, "pearsonr": 0.8945462947815727, "spearmanr": 0.6036151561764653}, "total_time": 10.3763, "epochs": 50}