{"arquitecture": "A", "trainable_params": 263953, "non_trainable_params": 0, "train_metrics": {"mse": 11.525829438607746, "mae": 2.2775961079611164, "r2_score": 0.7154217295784201, "kendalltau": 0.5022121284680356, "pearsonr": 0.8657475176742765, "spearmanr": 0.6654579711829364}, "test_metrics": {"mse": 11.602644276503893, "mae": 2.3018362566021486, "r2": 0.7051007152680371, "kendalltau": 0.4660301893109439, "pearsonr": 0.863107972185591, "spearmanr": 0.6324041245325238}, "total_time": 12.3005, "epochs": 30}