{"arquitecture": "D", "trainable_params": 21697, "non_trainable_params": 0, "train_metrics": {"mse": 8.225868429623413, "mae": 2.382770589260737, "r2_score": 0.7968993535010634, "kendalltau": 0.5481128378808401, "pearsonr": 0.9407496775232173, "spearmanr": 0.7232016565136522}, "test_metrics": {"mse": 8.685356778592043, "mae": 2.440504451961217, "r2": 0.7792481230476479, "kendalltau": 0.4763223659708261, "pearsonr": 0.9276827772034254, "spearmanr": 0.6425393776302522}, "total_time": 13.523, "epochs": 30}