{"arquitecture": "C", "trainable_params": 20353, "non_trainable_params": 0, "train_metrics": {"mse": 6.001990797893706, "mae": 1.9271959982053033, "r2_score": 0.8518079614618044, "kendalltau": 0.550036576403683, "pearsonr": 0.9309102502092682, "spearmanr": 0.7237516564461907}, "test_metrics": {"mse": 7.529804690230064, "mae": 2.0740194479119385, "r2": 0.808618280074573, "kendalltau": 0.4623135185032438, "pearsonr": 0.9036139255845674, "spearmanr": 0.6237353204298549}, "total_time": 13.1834, "epochs": 50}