{"arquitecture": "B", "trainable_params": 177937, "non_trainable_params": 0, "train_metrics": {"mse": 35.12165065148503, "mae": 3.8674579467118773, "r2_score": 0.13282955903624016, "kendalltau": 0.2104614262879896, "pearsonr": 0.39226745567204785, "spearmanr": 0.2904206131119238}, "test_metrics": {"mse": 33.515565061762075, "mae": 3.7355518985574716, "r2": 0.14814968652306515, "kendalltau": 0.20029077824571875, "pearsonr": 0.4203536906429988, "spearmanr": 0.2743665584500302}, "total_time": 9.2223, "epochs": 50}