{"arquitecture": "B", "trainable_params": 263953, "non_trainable_params": 0, "train_metrics": {"mse": 17.741254645560563, "mae": 2.672481098746011, "r2_score": 0.5619598928619658, "kendalltau": 0.43740970221963915, "pearsonr": 0.7730172635010427, "spearmanr": 0.5966538005286769}, "test_metrics": {"mse": 18.455758055564814, "mae": 2.7170122055471015, "r2": 0.5309181493399893, "kendalltau": 0.4027512669647537, "pearsonr": 0.7555144800369222, "spearmanr": 0.5522404420092661}, "total_time": 10.2958, "epochs": 30}