{"arquitecture": "C", "trainable_params": 20353, "non_trainable_params": 0, "train_metrics": {"mse": 7.341507443424665, "mae": 2.039731532528753, "r2_score": 0.8187346514482767, "kendalltau": 0.57188119106677, "pearsonr": 0.9394505583317577, "spearmanr": 0.7525312370340483}, "test_metrics": {"mse": 7.886966499804198, "mae": 2.095392272463889, "r2": 0.7995404561176429, "kendalltau": 0.49473502036026895, "pearsonr": 0.9236721523342827, "spearmanr": 0.6695741997984689}, "total_time": 14.1896, "epochs": 50}