{"arquitecture": "D", "trainable_params": 21697, "non_trainable_params": 0, "train_metrics": {"mse": 7.193256316277692, "mae": 2.260054508413764, "r2_score": 0.8223950430562087, "kendalltau": 0.5743544633432156, "pearsonr": 0.9479353184799757, "spearmanr": 0.7503923537608816}, "test_metrics": {"mse": 7.8287289404671725, "mae": 2.326147165033287, "r2": 0.8010206544400031, "kendalltau": 0.5088947323390406, "pearsonr": 0.933850888136674, "spearmanr": 0.6744287625655306}, "total_time": 16.1378, "epochs": 50}