{"arquitecture": "A", "trainable_params": 177937, "non_trainable_params": 0, "train_metrics": {"mse": 37.67822246836709, "mae": 4.057007585216019, "r2_score": 0.0697065716857751, "kendalltau": 0.12495641703990781, "pearsonr": 0.37572948866727557, "spearmanr": 0.1563770952837091}, "test_metrics": {"mse": 36.16759336782979, "mae": 3.9572241006460587, "r2": 0.08074425445857847, "kendalltau": 0.09927372586222148, "pearsonr": 0.3951958487847176, "spearmanr": 0.12407262941681015}, "total_time": 10.7549, "epochs": 50}