{"arquitecture": "D", "trainable_params": 21697, "non_trainable_params": 0, "train_metrics": {"mse": 4.967701527885417, "mae": 1.788825417838285, "r2_score": 0.87734506082132, "kendalltau": 0.581474424739632, "pearsonr": 0.9462342906887906, "spearmanr": 0.7535666973254674}, "test_metrics": {"mse": 5.8772371924669224, "mae": 1.907698958264477, "r2": 0.8506208582324277, "kendalltau": 0.5125514007292968, "pearsonr": 0.9297832431087089, "spearmanr": 0.68091174732692}, "total_time": 15.9896, "epochs": 50}