{"arquitecture": "C", "trainable_params": 20353, "non_trainable_params": 0, "train_metrics": {"mse": 32.588386764410345, "mae": 3.9600251104430084, "r2_score": 0.19537706239338193, "kendalltau": 0.2082388994515801, "pearsonr": 0.5391341949336371, "spearmanr": 0.30586213742367185}, "test_metrics": {"mse": 32.82383434180002, "mae": 3.9304217555067837, "r2": 0.1657311006975073, "kendalltau": 0.1757250218566351, "pearsonr": 0.4843665012135823, "spearmanr": 0.2584948166740294}, "total_time": 13.993, "epochs": 50}