{"arquitecture": "B", "trainable_params": 263953, "non_trainable_params": 0, "train_metrics": {"mse": 5.093570191310339, "mae": 1.6972912937306468, "r2_score": 0.8742373030041033, "kendalltau": 0.5337541539274439, "pearsonr": 0.9369446780373629, "spearmanr": 0.7006854326248106}, "test_metrics": {"mse": 5.802682115300548, "mae": 1.784722426312723, "r2": 0.8525157916980709, "kendalltau": 0.4886429677179563, "pearsonr": 0.9278845951834104, "spearmanr": 0.6495189397675603}, "total_time": 10.4087, "epochs": 50}