{"arquitecture": "A", "trainable_params": 263953, "non_trainable_params": 0, "train_metrics": {"mse": 2.1099313622683336, "mae": 1.0189087761287616, "r2_score": 0.9479047802172665, "kendalltau": 0.7350688623882238, "pearsonr": 0.9736151875900122, "spearmanr": 0.8908568988034501}, "test_metrics": {"mse": 4.050392044439358, "mae": 1.4126452213142366, "r2": 0.8970529744492767, "kendalltau": 0.6181408797699111, "pearsonr": 0.94741683368845, "spearmanr": 0.7902022842909524}, "total_time": 11.8871, "epochs": 50}