{"arquitecture": "B", "trainable_params": 263953, "non_trainable_params": 0, "train_metrics": {"mse": 32.92116118248004, "mae": 3.682018224112329, "r2_score": 0.18716070201435298, "kendalltau": 0.2201849229499376, "pearsonr": 0.47653158937707135, "spearmanr": 0.27034385257852095}, "test_metrics": {"mse": 32.097471208686734, "mae": 3.627734227025585, "r2": 0.18419275162000892, "kendalltau": 0.20394313329364736, "pearsonr": 0.4724031452056026, "spearmanr": 0.2508639500691234}, "total_time": 11.4052, "epochs": 30}