{"arquitecture": "D", "trainable_params": 21697, "non_trainable_params": 0, "train_metrics": {"mse": 6.092630479740463, "mae": 2.042334716139715, "r2_score": 0.8495700241377354, "kendalltau": 0.5625778367728524, "pearsonr": 0.9441871984260016, "spearmanr": 0.7319706231794104}, "test_metrics": {"mse": 6.739434011146933, "mae": 2.09484501711189, "r2": 0.8287067825211001, "kendalltau": 0.5008055209295547, "pearsonr": 0.9293855477272288, "spearmanr": 0.6645738939178593}, "total_time": 13.0279, "epochs": 30}