{"arquitecture": "C", "trainable_params": 21697, "non_trainable_params": 0, "train_metrics": {"mse": 4.778033169672641, "mae": 1.681528343634032, "r2_score": 0.8820280637775405, "kendalltau": 0.5604590460318568, "pearsonr": 0.9411110975008958, "spearmanr": 0.7344170471734541}, "test_metrics": {"mse": 5.54796390517366, "mae": 1.8238502722386216, "r2": 0.8589898519367994, "kendalltau": 0.49700517205245154, "pearsonr": 0.9273264583678849, "spearmanr": 0.6676358667686167}, "total_time": 13.5084, "epochs": 30}