{"arquitecture": "C", "trainable_params": 20353, "non_trainable_params": 0, "train_metrics": {"mse": 6.078270170794694, "mae": 1.9434944212933911, "r2_score": 0.8499245870699976, "kendalltau": 0.5676645167222995, "pearsonr": 0.9385018827588035, "spearmanr": 0.7416486095029675}, "test_metrics": {"mse": 7.3020219233368335, "mae": 2.0386759740351925, "r2": 0.8144077340499147, "kendalltau": 0.4951157736504135, "pearsonr": 0.9109772109112102, "spearmanr": 0.665363929551151}, "total_time": 15.9914, "epochs": 50}