{"arquitecture": "C", "trainable_params": 21697, "non_trainable_params": 0, "train_metrics": {"mse": 6.102351069580053, "mae": 2.0562837250100343, "r2_score": 0.8493300181009671, "kendalltau": 0.6030383036277706, "pearsonr": 0.9505512853430645, "spearmanr": 0.7790119171583176}, "test_metrics": {"mse": 6.719295694238796, "mae": 2.1115339009227467, "r2": 0.829218629226936, "kendalltau": 0.541524570901994, "pearsonr": 0.9373993602241917, "spearmanr": 0.7189971218435461}, "total_time": 15.7907, "epochs": 50}