{"arquitecture": "B", "trainable_params": 263953, "non_trainable_params": 0, "train_metrics": {"mse": 10.264686130940749, "mae": 2.2396806095786475, "r2_score": 0.7465599641984334, "kendalltau": 0.48526290252769033, "pearsonr": 0.8747009965037742, "spearmanr": 0.6523799671367628}, "test_metrics": {"mse": 10.742628263900164, "mae": 2.291222132377622, "r2": 0.7269593623945776, "kendalltau": 0.434239962838565, "pearsonr": 0.8687708544105472, "spearmanr": 0.5923889073970297}, "total_time": 10.4028, "epochs": 30}