{"arquitecture": "A", "trainable_params": 263953, "non_trainable_params": 0, "train_metrics": {"mse": 2.677739629379779, "mae": 1.148834680850889, "r2_score": 0.9338853211018653, "kendalltau": 0.7046539750146359, "pearsonr": 0.9665824899735814, "spearmanr": 0.8653085681724559}, "test_metrics": {"mse": 4.006747727760999, "mae": 1.4330955163366144, "r2": 0.8981622627687615, "kendalltau": 0.6119199838767853, "pearsonr": 0.947915089411342, "spearmanr": 0.7874954320300285}, "total_time": 11.9165, "epochs": 50}