{"arquitecture": "C", "trainable_params": 20353, "non_trainable_params": 0, "train_metrics": {"mse": 4.068553486006562, "mae": 1.5969636217534287, "r2_score": 0.8995454582828448, "kendalltau": 0.606245498322659, "pearsonr": 0.9525796663955836, "spearmanr": 0.783468372739007}, "test_metrics": {"mse": 5.125487883689865, "mae": 1.7670565943927437, "r2": 0.869727738368798, "kendalltau": 0.5243691207724623, "pearsonr": 0.9345591076182952, "spearmanr": 0.6942747426825754}, "total_time": 14.6644, "epochs": 50}