{"arquitecture": "C", "trainable_params": 21697, "non_trainable_params": 0, "train_metrics": {"mse": 4.2164255193884514, "mae": 1.6380120446218152, "r2_score": 0.8958944266822398, "kendalltau": 0.6293804546064581, "pearsonr": 0.9515332058386504, "spearmanr": 0.8032787745007985}, "test_metrics": {"mse": 5.035728840077835, "mae": 1.7843492350445966, "r2": 0.8720091043340561, "kendalltau": 0.5751242527511645, "pearsonr": 0.9384651853645688, "spearmanr": 0.750140589925091}, "total_time": 15.9838, "epochs": 50}