{"arquitecture": "A", "trainable_params": 263953, "non_trainable_params": 0, "train_metrics": {"mse": 4.557019195228901, "mae": 1.6081399400823992, "r2_score": 0.8874850050693766, "kendalltau": 0.5659223211872647, "pearsonr": 0.9432037703119415, "spearmanr": 0.7403778739279232}, "test_metrics": {"mse": 5.106634065107265, "mae": 1.6868239603616602, "r2": 0.8702069375480518, "kendalltau": 0.49796689106915437, "pearsonr": 0.9333630365595055, "spearmanr": 0.6649644420218184}, "total_time": 12.3128, "epochs": 30}