{"arquitecture": "D", "trainable_params": 20353, "non_trainable_params": 0, "train_metrics": {"mse": 6.278521697550597, "mae": 2.035482991509738, "r2_score": 0.8449802805940934, "kendalltau": 0.5944032075918656, "pearsonr": 0.9454948101911249, "spearmanr": 0.7718518423628165}, "test_metrics": {"mse": 7.174123538322734, "mae": 2.1408942124875865, "r2": 0.817658470809587, "kendalltau": 0.5164235898498234, "pearsonr": 0.9230432312671772, "spearmanr": 0.6889457410984726}, "total_time": 14.9755, "epochs": 50}