{"arquitecture": "B", "trainable_params": 177937, "non_trainable_params": 0, "train_metrics": {"mse": 13.26248380804858, "mae": 2.6146150492562565, "r2_score": 0.6725428982189956, "kendalltau": 0.4675935094177686, "pearsonr": 0.8267763543907278, "spearmanr": 0.6337022455794838}, "test_metrics": {"mse": 13.841136051025748, "mae": 2.6176887944555176, "r2": 0.6482059585683351, "kendalltau": 0.41897827311442676, "pearsonr": 0.8158330029598958, "spearmanr": 0.5742724815596456}, "total_time": 9.8498, "epochs": 50}