{"arquitecture": "C", "trainable_params": 21697, "non_trainable_params": 0, "train_metrics": {"mse": 5.317375657066524, "mae": 1.876782089941088, "r2_score": 0.8687114384496227, "kendalltau": 0.5921582334850292, "pearsonr": 0.9467064228581041, "spearmanr": 0.7663701840239965}, "test_metrics": {"mse": 5.915320766315212, "mae": 1.9466347664488033, "r2": 0.8496529048572958, "kendalltau": 0.5502962646240032, "pearsonr": 0.9341433751746233, "spearmanr": 0.7269284980687796}, "total_time": 13.7307, "epochs": 30}