{"arquitecture": "B", "trainable_params": 263953, "non_trainable_params": 0, "train_metrics": {"mse": 4.301049593872278, "mae": 1.503340386754561, "r2_score": 0.8938050175962466, "kendalltau": 0.5935028937537633, "pearsonr": 0.9462757752811889, "spearmanr": 0.7670048650244154}, "test_metrics": {"mse": 5.877289684717607, "mae": 1.731504286115335, "r2": 0.8506195240600778, "kendalltau": 0.5175960178145597, "pearsonr": 0.925354397645325, "spearmanr": 0.6849833013976272}, "total_time": 10.3976, "epochs": 50}