{"arquitecture": "D", "trainable_params": 21697, "non_trainable_params": 0, "train_metrics": {"mse": 5.4297221803111055, "mae": 1.8976583778532858, "r2_score": 0.8659375487748608, "kendalltau": 0.5923368870846828, "pearsonr": 0.9477375864996671, "spearmanr": 0.7662100772550283}, "test_metrics": {"mse": 6.185061428383387, "mae": 1.9935471353255962, "r2": 0.8427970255929356, "kendalltau": 0.5403751270072179, "pearsonr": 0.9336137459831386, "spearmanr": 0.7123688689832014}, "total_time": 15.7166, "epochs": 50}