{"arquitecture": "D", "trainable_params": 20353, "non_trainable_params": 0, "train_metrics": {"mse": 30.17651648955615, "mae": 3.79449883957935, "r2_score": 0.2549272990991348, "kendalltau": 0.2498051151496403, "pearsonr": 0.6473832741740263, "spearmanr": 0.36077363007918156}, "test_metrics": {"mse": 31.18112022762494, "mae": 3.8079232095154145, "r2": 0.2074832397569064, "kendalltau": 0.2197880407298532, "pearsonr": 0.5787531986853665, "spearmanr": 0.31959340910062395}, "total_time": 14.264, "epochs": 50}