{"arquitecture": "C", "trainable_params": 20353, "non_trainable_params": 0, "train_metrics": {"mse": 4.798993495871864, "mae": 1.786601489332505, "r2_score": 0.8815105432460231, "kendalltau": 0.6331041882012078, "pearsonr": 0.9556575893897635, "spearmanr": 0.8082979965636005}, "test_metrics": {"mse": 6.845550545957316, "mae": 2.0276150550984453, "r2": 0.8260096654270952, "kendalltau": 0.5356552230142941, "pearsonr": 0.922519431857806, "spearmanr": 0.7126655803708126}, "total_time": 13.7793, "epochs": 50}