{"arquitecture": "A", "trainable_params": 263953, "non_trainable_params": 0, "train_metrics": {"mse": 32.42089175376823, "mae": 3.6729923728205036, "r2_score": 0.19951259473720717, "kendalltau": 0.2939997793755265, "pearsonr": 0.5322259971128795, "spearmanr": 0.3700848616233447}, "test_metrics": {"mse": 31.724369734956746, "mae": 3.608107183632096, "r2": 0.19367570698029934, "kendalltau": 0.2893690380425429, "pearsonr": 0.5222231169060687, "spearmanr": 0.36268651076109765}, "total_time": 14.3864, "epochs": 30}