{"arquitecture": "B", "trainable_params": 177937, "non_trainable_params": 0, "train_metrics": {"mse": 22.837542226302784, "mae": 3.2535258813104955, "r2_score": 0.4361301022144837, "kendalltau": 0.28969293615579494, "pearsonr": 0.718436746610483, "spearmanr": 0.3876031494202873}, "test_metrics": {"mse": 23.08186138701324, "mae": 3.1395009875598894, "r2": 0.4133385242968467, "kendalltau": 0.257261559140212, "pearsonr": 0.7167439503394297, "spearmanr": 0.3464332756916901}, "total_time": 9.4627, "epochs": 50}