{"arquitecture": "D", "trainable_params": 21697, "non_trainable_params": 0, "train_metrics": {"mse": 5.451420008062841, "mae": 1.900140715251124, "r2_score": 0.8654018189754235, "kendalltau": 0.5987477829513091, "pearsonr": 0.9469993749280124, "spearmanr": 0.7753239803146066}, "test_metrics": {"mse": 5.971399365050558, "mae": 1.9251773908548608, "r2": 0.8482275798829437, "kendalltau": 0.5265243280751674, "pearsonr": 0.9332635417811603, "spearmanr": 0.6981747996123554}, "total_time": 15.5329, "epochs": 50}