{"arquitecture": "A", "trainable_params": 263953, "non_trainable_params": 0, "train_metrics": {"mse": 1.7448458960475368, "mae": 0.8879153017413894, "r2_score": 0.9569189159101958, "kendalltau": 0.781179683017143, "pearsonr": 0.9782990239935976, "spearmanr": 0.9218129165258423}, "test_metrics": {"mse": 3.7529163748957792, "mae": 1.3275102071060814, "r2": 0.9046137821481918, "kendalltau": 0.6426725456560702, "pearsonr": 0.9519077083381562, "spearmanr": 0.812413746565511}, "total_time": 11.9659, "epochs": 50}