{"arquitecture": "C", "trainable_params": 20353, "non_trainable_params": 0, "train_metrics": {"mse": 32.44961585108193, "mae": 3.844485316937488, "r2_score": 0.19880338296407674, "kendalltau": 0.2809258634523392, "pearsonr": 0.500860408449621, "spearmanr": 0.4039805571273375}, "test_metrics": {"mse": 32.11236974100858, "mae": 3.768759014831303, "r2": 0.18381408220460982, "kendalltau": 0.26321083602454254, "pearsonr": 0.5005228668586823, "spearmanr": 0.3836329785865135}, "total_time": 14.8847, "epochs": 50}