{"arquitecture": "C", "trainable_params": 21697, "non_trainable_params": 0, "train_metrics": {"mse": 4.624292596278468, "mae": 1.6584913777542827, "r2_score": 0.8858239924526242, "kendalltau": 0.580193182643813, "pearsonr": 0.9465849304305776, "spearmanr": 0.7545669249447502}, "test_metrics": {"mse": 5.309031232902856, "mae": 1.7929221049615522, "r2": 0.865062698132252, "kendalltau": 0.5082409861238868, "pearsonr": 0.9334132763190985, "spearmanr": 0.6768969527815261}, "total_time": 13.6418, "epochs": 30}