{"arquitecture": "C", "trainable_params": 21697, "non_trainable_params": 0, "train_metrics": {"mse": 6.578665011120104, "mae": 2.123364947386871, "r2_score": 0.837569597874106, "kendalltau": 0.5758913367809, "pearsonr": 0.9446699975467424, "spearmanr": 0.7519110553032109}, "test_metrics": {"mse": 7.091027822932066, "mae": 2.18440274357978, "r2": 0.8197704779046094, "kendalltau": 0.5034420578631971, "pearsonr": 0.9320235609851488, "spearmanr": 0.6714826356977692}, "total_time": 15.5325, "epochs": 50}