{"arquitecture": "A", "trainable_params": 177937, "non_trainable_params": 0, "train_metrics": {"mse": 3.996290677125876, "mae": 1.4012545175815874, "r2_score": 0.901329661777839, "kendalltau": 0.644158529563077, "pearsonr": 0.9499558509782172, "spearmanr": 0.8107549165661103}, "test_metrics": {"mse": 6.113843220132022, "mae": 1.6884328076429729, "r2": 0.8446071473352482, "kendalltau": 0.5662557135175087, "pearsonr": 0.9199365424043227, "spearmanr": 0.737828461252558}, "total_time": 11.5754, "epochs": 50}