{"arquitecture": "A", "trainable_params": 34577, "non_trainable_params": 0, "train_metrics": {"mse": 5970408896968588.0, "mae": 23499940.611541558, "r2_score": -0.10192519908474562, "kendalltau": 0.38326044123885133, "pearsonr": 0.14351009621907895, "spearmanr": 0.46464638091306926}, "test_metrics": {"mse": 5418730731437597.0, "mae": 22985720.68523215, "r2": -0.10803711747044176, "kendalltau": 0.41273345997558114, "pearsonr": 0.16875468958829376, "spearmanr": 0.5046319505575794}, "total_time": 5.6178, "epochs": 50}