{"arquitecture": "B", "trainable_params": 34577, "non_trainable_params": 0, "train_metrics": {"mse": 5970409927722409.0, "mae": 23499962.542518914, "r2_score": -0.10192538932525164, "kendalltau": 0.12444380531933937, "pearsonr": 0.1202424150908236, "spearmanr": 0.1575972678699547}, "test_metrics": {"mse": 5418731739636748.0, "mae": 22985742.616205413, "r2": -0.10803732362980578, "kendalltau": 0.07440218471643588, "pearsonr": 0.11008480279553569, "spearmanr": 0.09040448106010651}, "total_time": 4.696, "epochs": 30}