{"arquitecture": "A", "trainable_params": 83729, "non_trainable_params": 0, "train_metrics": {"mse": 5970408823363472.0, "mae": 23499939.045467403, "r2_score": -0.1019251854998584, "kendalltau": 0.33288167953390607, "pearsonr": 0.17945189463274214, "spearmanr": 0.4284655398269596}, "test_metrics": {"mse": 5418730659443085.0, "mae": 22985719.119156133, "r2": -0.10803710274880407, "kendalltau": 0.38686061335502014, "pearsonr": 0.1982979102206552, "spearmanr": 0.4908571307228862}, "total_time": 5.5038, "epochs": 50}