{"arquitecture": "B", "trainable_params": 34577, "non_trainable_params": 0, "train_metrics": {"mse": 5970408824854602.0, "mae": 23499939.077268455, "r2_score": -0.10192518577506782, "kendalltau": 0.13404138571271687, "pearsonr": 0.11358427855037408, "spearmanr": 0.21109323391295814}, "test_metrics": {"mse": 5418730660900300.0, "mae": 22985719.15097332, "r2": -0.10803710304677949, "kendalltau": 0.2273325215479902, "pearsonr": 0.16689887361801625, "spearmanr": 0.33611761050640393}, "total_time": 4.2842, "epochs": 50}