{"arquitecture": "B", "trainable_params": 83729, "non_trainable_params": 0, "train_metrics": {"mse": 5970408787519859.0, "mae": 23499938.282849647, "r2_score": -0.10192517888440178, "kendalltau": 0.20316253285952002, "pearsonr": 0.12541875860080756, "spearmanr": 0.3035356844752164}, "test_metrics": {"mse": 5418730624383725.0, "mae": 22985718.356540736, "r2": -0.1080370955797687, "kendalltau": 0.24196071441168762, "pearsonr": 0.1495801063095488, "spearmanr": 0.35779445875721777}, "total_time": 3.957, "epochs": 50}