{"arquitecture": "C", "trainable_params": 18817, "non_trainable_params": 0, "train_metrics": {"mse": 5410559043908540.0, "mae": 36689258.37056856, "r2_score": 0.0014031778215647384, "kendalltau": 0.21110213578249432, "pearsonr": 0.13936187606867464, "spearmanr": 0.3056649630675471}, "test_metrics": {"mse": 4883741430388246.0, "mae": 36007152.4155642, "r2": 0.0013589814301916414, "kendalltau": 0.2256026883048457, "pearsonr": 0.1253749958091854, "spearmanr": 0.32586081317950893}, "total_time": 5.5611, "epochs": 50}