{"arquitecture": "D", "trainable_params": 18817, "non_trainable_params": 0, "train_metrics": {"mse": 5412251144334574.0, "mae": 36385732.79197324, "r2_score": 0.0010908762470819289, "kendalltau": 0.2273991800356022, "pearsonr": 0.13155375856966778, "spearmanr": 0.33468466818948256}, "test_metrics": {"mse": 4884544973720227.0, "mae": 35712103.777431905, "r2": 0.0011946706567912413, "kendalltau": 0.232644161816871, "pearsonr": 0.12446373082373617, "spearmanr": 0.34879463171223274}, "total_time": 5.2185, "epochs": 50}