{"arquitecture": "C", "trainable_params": 18049, "non_trainable_params": 0, "train_metrics": {"mse": 5304779092841526.0, "mae": 36478460.33377926, "r2_score": 0.02092639568657173, "kendalltau": 0.31250048546797643, "pearsonr": 0.21699073401645708, "spearmanr": 0.4362241140050254}, "test_metrics": {"mse": 4792195275245174.0, "mae": 35545858.48560311, "r2": 0.02007859362124076, "kendalltau": 0.27850558495171407, "pearsonr": 0.20340254026793325, "spearmanr": 0.3909348027051903}, "total_time": 5.6517, "epochs": 50}