{"arquitecture": "C", "trainable_params": 18049, "non_trainable_params": 0, "train_metrics": {"mse": 5339201318839067.0, "mae": 37365657.67826087, "r2_score": 0.014573276680846736, "kendalltau": 0.16386347900185405, "pearsonr": 0.22766274108016338, "spearmanr": 0.2465842532774933}, "test_metrics": {"mse": 4821690686702861.0, "mae": 36754616.57120622, "r2": 0.014047289924865702, "kendalltau": 0.10283612837779571, "pearsonr": 0.21292494479272267, "spearmanr": 0.14815687419457071}, "total_time": 6.22, "epochs": 30}