{"arquitecture": "A", "trainable_params": 34577, "non_trainable_params": 0, "train_metrics": {"mse": 5970409938090044.0, "mae": 23499962.763119932, "r2_score": -0.10192539123874833, "kendalltau": 0.22500244889168605, "pearsonr": 0.12187673058980135, "spearmanr": 0.29081593774938425}, "test_metrics": {"mse": 5418731749777590.0, "mae": 22985742.83680569, "r2": -0.1080373257034335, "kendalltau": 0.12658567106391178, "pearsonr": 0.11098291634478144, "spearmanr": 0.16039014856641093}, "total_time": 6.2206, "epochs": 30}