{"arquitecture": "D", "trainable_params": 18049, "non_trainable_params": 0, "train_metrics": {"mse": 5393460785926122.0, "mae": 36724397.10635451, "r2_score": 0.004558908301070863, "kendalltau": 0.0563599262180793, "pearsonr": 0.10468274233607187, "spearmanr": 0.11664418967548353}, "test_metrics": {"mse": 4874541229674972.0, "mae": 36170067.96420233, "r2": 0.0032402640374528113, "kendalltau": 0.011909274765990633, "pearsonr": 0.0766904564870428, "spearmanr": 0.046143837350325685}, "total_time": 5.8493, "epochs": 30}