{"arquitecture": "D", "trainable_params": 18049, "non_trainable_params": 0, "train_metrics": {"mse": 5349308772724227.0, "mae": 36384075.45752508, "r2_score": 0.012707800073323283, "kendalltau": 0.2897224322200946, "pearsonr": 0.1801950505137803, "spearmanr": 0.4035232689069498}, "test_metrics": {"mse": 4832126615023365.0, "mae": 35503640.01089494, "r2": 0.011913322302652518, "kendalltau": 0.25646271134885223, "pearsonr": 0.16417333939775633, "spearmanr": 0.35811647973925037}, "total_time": 5.4362, "epochs": 50}