{"arquitecture": "B", "trainable_params": 132881, "non_trainable_params": 0, "train_metrics": {"mse": 5970409833830407.0, "mae": 23499960.54481343, "r2_score": -0.10192537199612639, "kendalltau": 0.10066188302649666, "pearsonr": 0.0672746284212658, "spearmanr": 0.15815329837858114}, "test_metrics": {"mse": 5418731647799218.0, "mae": 22985740.618503314, "r2": -0.10803730485061247, "kendalltau": 0.09890159043183655, "pearsonr": 0.08892210259628039, "spearmanr": 0.1499651549758751}, "total_time": 4.8635, "epochs": 30}