{"arquitecture": "C", "trainable_params": 19649, "non_trainable_params": 0, "train_metrics": {"mse": 5419263293627998.0, "mae": 36156197.979264215, "r2_score": -0.00020331718916510866, "kendalltau": 0.17210904083279405, "pearsonr": 0.14519727335412777, "spearmanr": 0.23019014674293814}, "test_metrics": {"mse": 4890459997635546.0, "mae": 35510621.50505836, "r2": -1.4849870012989541e-05, "kendalltau": 0.1822629180068303, "pearsonr": 0.1494861109324548, "spearmanr": 0.2470237096487151}, "total_time": 6.4793, "epochs": 30}