{"arquitecture": "A", "trainable_params": 132881, "non_trainable_params": 0, "train_metrics": {"mse": 5970409834182170.0, "mae": 23499960.552288137, "r2_score": -0.10192537206104935, "kendalltau": 0.20185147394810468, "pearsonr": 0.06714149382826626, "spearmanr": 0.2562437453574315}, "test_metrics": {"mse": 5418731648143299.0, "mae": 22985740.625976216, "r2": -0.10803730492097108, "kendalltau": 0.1913026740483881, "pearsonr": 0.10915532641638606, "spearmanr": 0.24150487854968689}, "total_time": 6.4134, "epochs": 30}