{"arquitecture": "D", "trainable_params": 19649, "non_trainable_params": 0, "train_metrics": {"mse": 5420140681603081.0, "mae": 35919875.21337792, "r2_score": -0.00036525181304147836, "kendalltau": 0.16741702317099055, "pearsonr": 0.14626907813998008, "spearmanr": 0.21996794436678002}, "test_metrics": {"mse": 4891003261824390.0, "mae": 35282272.298832685, "r2": -0.0001259380409641686, "kendalltau": 0.17129676673351052, "pearsonr": 0.15073932833841505, "spearmanr": 0.23182495403763329}, "total_time": 6.0762, "epochs": 30}