{"arquitecture": "C", "trainable_params": 18817, "non_trainable_params": 0, "train_metrics": {"mse": 1604550526103256.5, "mae": 15345748.013494851, "r2_score": 0.7038570241285156, "kendalltau": 0.3203782706821649, "pearsonr": 0.8431193809654903, "spearmanr": 0.45177771094737407}, "test_metrics": {"mse": 1933731275321050.5, "mae": 16422426.526640017, "r2": 0.6045852553923212, "kendalltau": 0.30385488959500523, "pearsonr": 0.7787817035782785, "spearmanr": 0.4273621191502347}, "total_time": 5.7418, "epochs": 50}