{"arquitecture": "B", "trainable_params": 79633, "non_trainable_params": 0, "train_metrics": {"mse": 5970410581799765.0, "mae": 23499975.151963435, "r2_score": -0.1019255100446752, "kendalltau": 0.011423593290885244, "pearsonr": -0.13359558332338542, "spearmanr": -0.018400522792736594}, "test_metrics": {"mse": 5418732383943604.0, "mae": 22985755.12821809, "r2": -0.10803745537946208, "kendalltau": 0.033130766671206006, "pearsonr": -0.16613676478536027, "spearmanr": 0.01599201284056651}, "total_time": 4.0227, "epochs": 50}