{"arquitecture": "D", "trainable_params": 18817, "non_trainable_params": 0, "train_metrics": {"mse": 1557472822294111.5, "mae": 15160844.009386104, "r2_score": 0.7125458943612872, "kendalltau": 0.42990640748521464, "pearsonr": 0.846835701909117, "spearmanr": 0.5960512368171518}, "test_metrics": {"mse": 1972702859892978.8, "mae": 16846838.790995866, "r2": 0.5966162374852663, "kendalltau": 0.42031473846345857, "pearsonr": 0.7760587968718932, "spearmanr": 0.5760540650874694}, "total_time": 5.3388, "epochs": 50}