{"arquitecture": "B", "trainable_params": 79633, "non_trainable_params": 0, "train_metrics": {"mse": 5970410457390806.0, "mae": 23499972.746382825, "r2_score": -0.10192548708320492, "kendalltau": 0.06569594170619615, "pearsonr": -0.10966086718391252, "spearmanr": 0.08879941596788606}, "test_metrics": {"mse": 5418732238792805.0, "mae": 22985752.49497683, "r2": -0.1080374256986234, "kendalltau": 0.10348751996406332, "pearsonr": -0.09613859443274954, "spearmanr": 0.1422579945774424}, "total_time": 3.905, "epochs": 50}