{"arquitecture": "A", "trainable_params": 79633, "non_trainable_params": 0, "train_metrics": {"mse": 5970410098676134.0, "mae": 23499968.170777936, "r2_score": -0.10192542087723089, "kendalltau": 0.0794455520939224, "pearsonr": 0.15904329411779394, "spearmanr": 0.10554772011926304}, "test_metrics": {"mse": 5418731908380142.0, "mae": 22985748.426752415, "r2": -0.10803735813492388, "kendalltau": 0.012050099007798189, "pearsonr": 0.15624972255360395, "spearmanr": 0.007865585938927383}, "total_time": 5.5573, "epochs": 50}