{"arquitecture": "C", "trainable_params": 18817, "non_trainable_params": 0, "train_metrics": {"mse": 1537999053860322.0, "mae": 14483912.667772785, "r2_score": 0.7161400596066909, "kendalltau": 0.35628971727998654, "pearsonr": 0.8463043205063975, "spearmanr": 0.4994963242838548}, "test_metrics": {"mse": 1926490534199572.2, "mae": 15687594.069904491, "r2": 0.6060658622573285, "kendalltau": 0.41455909924493356, "pearsonr": 0.7871969911837934, "spearmanr": 0.5697873953716701}, "total_time": 5.7153, "epochs": 50}