{"arquitecture": "B", "trainable_params": 79633, "non_trainable_params": 0, "train_metrics": {"mse": 5970410517808169.0, "mae": 23499975.330218274, "r2_score": -0.10192549823410202, "kendalltau": 0.0503407070540095, "pearsonr": 0.02019772451331126, "spearmanr": 0.06257840255340118}, "test_metrics": {"mse": 5418732328859129.0, "mae": 22985755.532219213, "r2": -0.10803744411563554, "kendalltau": 0.06734378537632259, "pearsonr": 0.00852445430794568, "spearmanr": 0.08324769671733104}, "total_time": 4.1108, "epochs": 50}