{"arquitecture": "A", "trainable_params": 132881, "non_trainable_params": 0, "train_metrics": {"mse": 5970410200616421.0, "mae": 23499968.373717185, "r2_score": -0.10192543969178325, "kendalltau": -0.05928237552421939, "pearsonr": 0.04008898938754482, "spearmanr": -0.07259566816374693}, "test_metrics": {"mse": 5418732006526438.0, "mae": 22985748.429697767, "r2": -0.10803737820415127, "kendalltau": -0.058171377554738106, "pearsonr": 0.02290396337342522, "spearmanr": -0.07102802230538299}, "total_time": 6.4192, "epochs": 30}