{"arquitecture": "C", "trainable_params": 18817, "non_trainable_params": 0, "train_metrics": {"mse": 1730811657775871.5, "mae": 17217352.000916343, "r2_score": 0.6805537085506406, "kendalltau": 0.3075487347619152, "pearsonr": 0.8371301169385397, "spearmanr": 0.43813195492037077}, "test_metrics": {"mse": 2274235233270053.0, "mae": 19581403.30258998, "r2": 0.5349580598824617, "kendalltau": 0.28175078578769097, "pearsonr": 0.7319476984311138, "spearmanr": 0.3993686367561147}, "total_time": 5.5567, "epochs": 50}