{"arquitecture": "D", "trainable_params": 18817, "non_trainable_params": 0, "train_metrics": {"mse": 1621365929553549.2, "mae": 18317313.809588112, "r2_score": 0.7007534985384907, "kendalltau": 0.34691515287510233, "pearsonr": 0.8373085642327045, "spearmanr": 0.49186237885643375}, "test_metrics": {"mse": 2093843430485448.5, "mae": 19750999.179555267, "r2": 0.5718450769865061, "kendalltau": 0.3154273982365077, "pearsonr": 0.756737013834767, "spearmanr": 0.4503917767062645}, "total_time": 5.2661, "epochs": 50}