{"arquitecture": "D", "trainable_params": 18817, "non_trainable_params": 0, "train_metrics": {"mse": 1618642087333218.5, "mae": 15956239.782021778, "r2_score": 0.7012562229636867, "kendalltau": 0.4341153837132606, "pearsonr": 0.8499662071979027, "spearmanr": 0.6000992214092621}, "test_metrics": {"mse": 2048876134991285.2, "mae": 16497556.193628404, "r2": 0.5810401145237516, "kendalltau": 0.4320097075138658, "pearsonr": 0.7644907233104239, "spearmanr": 0.5953951580195833}, "total_time": 5.0595, "epochs": 50}