{"arquitecture": "C", "trainable_params": 18817, "non_trainable_params": 0, "train_metrics": {"mse": 1744425192862673.0, "mae": 18181395.640544, "r2_score": 0.6780411340151866, "kendalltau": 0.3577527345340501, "pearsonr": 0.8294455582993392, "spearmanr": 0.5056332382856671}, "test_metrics": {"mse": 2018426703125967.8, "mae": 18086410.77430083, "r2": 0.5872664989640997, "kendalltau": 0.37849450882247343, "pearsonr": 0.7670049885682285, "spearmanr": 0.521643669915089}, "total_time": 5.7717, "epochs": 50}