{"arquitecture": "D", "trainable_params": 18817, "non_trainable_params": 0, "train_metrics": {"mse": 1585503358412877.0, "mae": 15708169.495251097, "r2_score": 0.7073724540448616, "kendalltau": 0.35385885784246557, "pearsonr": 0.8434399126525335, "spearmanr": 0.49718356704038535}, "test_metrics": {"mse": 2502798948586484.0, "mae": 18513970.516597763, "r2": 0.4882207162443578, "kendalltau": 0.33269431589208276, "pearsonr": 0.7176544341275579, "spearmanr": 0.47080089122651136}, "total_time": 5.1253, "epochs": 50}