{"arquitecture": "A", "trainable_params": 112401, "non_trainable_params": 0, "train_metrics": {"mse": 5970408970136956.0, "mae": 23499942.176517908, "r2_score": -0.10192521258902487, "kendalltau": 0.00500711753341136, "pearsonr": 0.01640552186805154, "spearmanr": 0.006188424739018908}, "test_metrics": {"mse": 5418730802995104.0, "mae": 22985722.24178317, "r2": -0.10803713210271981, "kendalltau": -0.012419382344829684, "pearsonr": 0.019943486950199492, "spearmanr": -0.015164230301707762}, "total_time": 5.7249, "epochs": 50}