{"arquitecture": "D", "trainable_params": 18817, "non_trainable_params": 0, "train_metrics": {"mse": 1765014679217745.8, "mae": 15971029.240021424, "r2_score": 0.6742410469118753, "kendalltau": 0.3033059847251308, "pearsonr": 0.8270037923862015, "spearmanr": 0.4319722820896647}, "test_metrics": {"mse": 1942419087723679.0, "mae": 15983362.5635214, "r2": 0.6028087473706394, "kendalltau": 0.3378376530660839, "pearsonr": 0.7795181579466564, "spearmanr": 0.47074289270318237}, "total_time": 5.3314, "epochs": 50}