{"arquitecture": "C", "trainable_params": 18817, "non_trainable_params": 0, "train_metrics": {"mse": 1690628177454986.2, "mae": 16401772.484849237, "r2_score": 0.6879701502578395, "kendalltau": 0.2936163089116791, "pearsonr": 0.8401214225540239, "spearmanr": 0.421339699595108}, "test_metrics": {"mse": 2105704723564346.5, "mae": 17757329.74533454, "r2": 0.5694196468177095, "kendalltau": 0.23429737733708564, "pearsonr": 0.7579199582515845, "spearmanr": 0.350957552252968}, "total_time": 5.6362, "epochs": 50}