{"arquitecture": "C", "trainable_params": 18817, "non_trainable_params": 0, "train_metrics": {"mse": 1603168580840185.0, "mae": 15423078.96749582, "r2_score": 0.7041120820877631, "kendalltau": 0.4192444751202293, "pearsonr": 0.8463077105512304, "spearmanr": 0.568901912667529}, "test_metrics": {"mse": 1989602947057115.2, "mae": 16702580.725559339, "r2": 0.5931604607001775, "kendalltau": 0.3784332786180211, "pearsonr": 0.7707858127279333, "spearmanr": 0.5180806508752088}, "total_time": 5.758, "epochs": 50}