{"arquitecture": "B", "trainable_params": 79633, "non_trainable_params": 0, "train_metrics": {"mse": 5970410441039345.0, "mae": 23499974.178568926, "r2_score": -0.10192548406530655, "kendalltau": 0.05944784057680526, "pearsonr": 0.09883132222432517, "spearmanr": 0.09934036511526559}, "test_metrics": {"mse": 5418732228755213.0, "mae": 22985754.12533411, "r2": -0.10803742364610858, "kendalltau": 0.058122259557691486, "pearsonr": 0.12162536099687331, "spearmanr": 0.0996440666679653}, "total_time": 3.828, "epochs": 50}