{"arquitecture": "A", "trainable_params": 132881, "non_trainable_params": 0, "train_metrics": {"mse": 5970410148103567.0, "mae": 23499967.15055784, "r2_score": -0.1019254299997776, "kendalltau": 0.13475524332006164, "pearsonr": -0.12115487092592034, "spearmanr": 0.18051251781290803}, "test_metrics": {"mse": 5418731956292912.0, "mae": 22985747.23116581, "r2": -0.10803736793226015, "kendalltau": 0.0958842433762591, "pearsonr": -0.14691537820331108, "spearmanr": 0.13445980543060457}, "total_time": 6.4422, "epochs": 30}