{"arquitecture": "A", "trainable_params": 79633, "non_trainable_params": 0, "train_metrics": {"mse": 5970410199203076.0, "mae": 23499971.21982924, "r2_score": -0.10192543943093013, "kendalltau": 0.13938276930867102, "pearsonr": 0.19458753126078174, "spearmanr": 0.2136522035442319}, "test_metrics": {"mse": 5418731999547133.0, "mae": 22985751.548979197, "r2": -0.10803737677700354, "kendalltau": 0.03268298909217213, "pearsonr": 0.23118051179491292, "spearmanr": 0.06060424075958632}, "total_time": 5.7112, "epochs": 50}