{"arquitecture": "A", "trainable_params": 79633, "non_trainable_params": 0, "train_metrics": {"mse": 5970410255083867.0, "mae": 23499972.27383271, "r2_score": -0.10192544974453721, "kendalltau": 0.24347580810215635, "pearsonr": 0.23391392092698698, "spearmanr": 0.37078631963683634}, "test_metrics": {"mse": 5418732056551803.0, "mae": 22985752.42797949, "r2": -0.10803738843347688, "kendalltau": 0.20753722766908878, "pearsonr": 0.25092833998167086, "spearmanr": 0.30056542217340565}, "total_time": 5.4839, "epochs": 50}