{"arquitecture": "A", "trainable_params": 79633, "non_trainable_params": 0, "train_metrics": {"mse": 5970409974842036.0, "mae": 23499964.80365181, "r2_score": -0.10192539802185929, "kendalltau": 0.05363997021358252, "pearsonr": 0.12585955672326773, "spearmanr": 0.0912458583035145}, "test_metrics": {"mse": 5418731817672523.0, "mae": 22985744.649349313, "r2": -0.10803733958677797, "kendalltau": -0.0001534204411845793, "pearsonr": 0.04046306215195629, "spearmanr": -0.017424247180827208}, "total_time": 5.3712, "epochs": 50}