{"arquitecture": "A", "trainable_params": 79633, "non_trainable_params": 0, "train_metrics": {"mse": 5970410098354235.0, "mae": 23499968.562562592, "r2_score": -0.10192542081781975, "kendalltau": 0.06794402620934677, "pearsonr": 0.12979835653336141, "spearmanr": 0.09838616358896783}, "test_metrics": {"mse": 5418731928007132.0, "mae": 22985748.475853186, "r2": -0.1080373621483055, "kendalltau": -0.039075833610332816, "pearsonr": 0.09260568064239133, "spearmanr": -0.047445292821244385}, "total_time": 5.6004, "epochs": 50}