{"arquitecture": "A", "trainable_params": 112401, "non_trainable_params": 0, "train_metrics": {"mse": 5970408960341397.0, "mae": 23499941.972853363, "r2_score": -0.10192521078111305, "kendalltau": 0.04336529958286295, "pearsonr": 0.021761933431533313, "spearmanr": 0.052999163523400394}, "test_metrics": {"mse": 5418730793417156.0, "mae": 22985722.038366754, "r2": -0.10803713014419425, "kendalltau": -0.006899656858238712, "pearsonr": 0.02008514382394929, "spearmanr": -0.008424572389837645}, "total_time": 5.7075, "epochs": 50}