{"arquitecture": "B", "trainable_params": 79633, "non_trainable_params": 0, "train_metrics": {"mse": 5970410683969821.0, "mae": 23499979.226456936, "r2_score": -0.10192552890163498, "kendalltau": -0.07595780796242592, "pearsonr": 0.07206800435190819, "spearmanr": -0.11536459948455431}, "test_metrics": {"mse": 5418732461998671.0, "mae": 22985759.049226698, "r2": -0.10803747134037911, "kendalltau": -0.1345378331347254, "pearsonr": 0.08718218285557995, "spearmanr": -0.18331333961939184}, "total_time": 4.0564, "epochs": 50}