{"arquitecture": "A", "trainable_params": 132881, "non_trainable_params": 0, "train_metrics": {"mse": 5970410067627353.0, "mae": 23499965.52056069, "r2_score": -0.10192541514672993, "kendalltau": -0.01124749920669887, "pearsonr": 0.012343545570800498, "spearmanr": -0.013750994534695799}, "test_metrics": {"mse": 5418731876476684.0, "mae": 22985745.592827566, "r2": -0.10803735161121608, "kendalltau": 0.010004502444446133, "pearsonr": 0.020382310451846766, "spearmanr": 0.012215629965264586}, "total_time": 6.3845, "epochs": 30}