{"arquitecture": "B", "trainable_params": 79633, "non_trainable_params": 0, "train_metrics": {"mse": 5970410837890900.0, "mae": 23499981.91966909, "r2_score": -0.10192555730999331, "kendalltau": -0.0199409790090855, "pearsonr": 0.0015095539385362932, "spearmanr": -0.026587803749056834}, "test_metrics": {"mse": 5418732605518388.0, "mae": 22985761.784168396, "r2": -0.10803750068768969, "kendalltau": -0.024778199177511104, "pearsonr": 0.04555823756638496, "spearmanr": -0.040198667005617854}, "total_time": 4.0758, "epochs": 50}