{"arquitecture": "A", "trainable_params": 79633, "non_trainable_params": 0, "train_metrics": {"mse": 5970410343132710.0, "mae": 23499972.551829584, "r2_score": -0.1019254659952229, "kendalltau": 0.21205287796905742, "pearsonr": 0.08027413101284826, "spearmanr": 0.32035249564624685}, "test_metrics": {"mse": 5418732171858126.0, "mae": 22985752.783456728, "r2": -0.1080374120116343, "kendalltau": 0.2131599783203956, "pearsonr": 0.0568135855940104, "spearmanr": 0.3108545759534518}, "total_time": 5.7429, "epochs": 50}