{"arquitecture": "C", "trainable_params": 18817, "non_trainable_params": 0, "train_metrics": {"mse": 1702242669344920.5, "mae": 15260606.181518963, "r2_score": 0.6858265280187359, "kendalltau": 0.36988348044702424, "pearsonr": 0.8340980003666079, "spearmanr": 0.5136834020900856}, "test_metrics": {"mse": 2035203467735173.8, "mae": 16845247.00910445, "r2": 0.5838359395177304, "kendalltau": 0.38553598233449876, "pearsonr": 0.765561052080313, "spearmanr": 0.5267121750147975}, "total_time": 5.591, "epochs": 50}