{"arquitecture": "A", "trainable_params": 112401, "non_trainable_params": 0, "train_metrics": {"mse": 5970408966975183.0, "mae": 23499942.10103831, "r2_score": -0.10192521200547411, "kendalltau": 0.23281481149479383, "pearsonr": 0.08683894802669981, "spearmanr": 0.2860596501901812}, "test_metrics": {"mse": 5418730799912324.0, "mae": 22985722.174726877, "r2": -0.1080371314723445, "kendalltau": 0.26699923709498785, "pearsonr": 0.10774602003733377, "spearmanr": 0.3280475705659992}, "total_time": 5.7575, "epochs": 50}