{"arquitecture": "A", "trainable_params": 79633, "non_trainable_params": 0, "train_metrics": {"mse": 5970410097110321.0, "mae": 23499970.33871148, "r2_score": -0.10192542058823739, "kendalltau": 0.16145525149629156, "pearsonr": 0.24832127477010252, "spearmanr": 0.26156713268891524}, "test_metrics": {"mse": 5418731958957505.0, "mae": 22985750.397612963, "r2": -0.10803736847712364, "kendalltau": 0.15112551733559768, "pearsonr": 0.18932956316350444, "spearmanr": 0.25330383571589277}, "total_time": 5.6408, "epochs": 50}