{"arquitecture": "D", "trainable_params": 18817, "non_trainable_params": 0, "train_metrics": {"mse": 1868214945652975.8, "mae": 17174243.359712876, "r2_score": 0.6551939471068721, "kendalltau": 0.3050390974722523, "pearsonr": 0.8306516395621997, "spearmanr": 0.43520406385525884}, "test_metrics": {"mse": 2140156896340107.5, "mae": 17608042.10963035, "r2": 0.5623747707932238, "kendalltau": 0.3012219908035523, "pearsonr": 0.7581518769063978, "spearmanr": 0.427438153799721}, "total_time": 5.3539, "epochs": 50}