{"arquitecture": "D", "trainable_params": 18817, "non_trainable_params": 0, "train_metrics": {"mse": 1835442194284948.0, "mae": 16673761.59753606, "r2_score": 0.6612426317445532, "kendalltau": 0.3060519555712194, "pearsonr": 0.8469328226377596, "spearmanr": 0.4400816934085132}, "test_metrics": {"mse": 2152069514223078.2, "mae": 17275389.588359006, "r2": 0.5599388455858696, "kendalltau": 0.2840775335568819, "pearsonr": 0.7608310798105631, "spearmanr": 0.4090444879651592}, "total_time": 5.3919, "epochs": 50}