{"arquitecture": "B", "trainable_params": 79633, "non_trainable_params": 0, "train_metrics": {"mse": 5970410536921249.0, "mae": 23499975.86111389, "r2_score": -0.1019255017616969, "kendalltau": 0.08139589747340202, "pearsonr": 0.03700868950300454, "spearmanr": 0.12084645095487043}, "test_metrics": {"mse": 5418732339818772.0, "mae": 22985755.93119356, "r2": -0.10803744635669377, "kendalltau": 0.11431748605611942, "pearsonr": 0.028404516490813717, "spearmanr": 0.1702925765096105}, "total_time": 3.9933, "epochs": 50}