{"arquitecture": "B", "trainable_params": 79633, "non_trainable_params": 0, "train_metrics": {"mse": 5970410467159866.0, "mae": 23499974.72608003, "r2_score": -0.10192548888622599, "kendalltau": 0.2360904487019704, "pearsonr": 0.08219587425104453, "spearmanr": 0.34745398678693185}, "test_metrics": {"mse": 5418732281469812.0, "mae": 22985755.08859225, "r2": -0.10803743442533631, "kendalltau": 0.26903226086904475, "pearsonr": 0.0747250441419585, "spearmanr": 0.3893744100908835}, "total_time": 4.0195, "epochs": 50}