{"arquitecture": "A", "trainable_params": 79633, "non_trainable_params": 0, "train_metrics": {"mse": 5970410353404520.0, "mae": 23499973.631328903, "r2_score": -0.10192546789103396, "kendalltau": -0.038410556035757805, "pearsonr": 0.18005455681013152, "spearmanr": -0.04274695748567958}, "test_metrics": {"mse": 5418732166851698.0, "mae": 22985753.563777696, "r2": -0.10803741098790587, "kendalltau": -0.06523983343906127, "pearsonr": 0.14904029191953194, "spearmanr": -0.08609996233078135}, "total_time": 5.5757, "epochs": 50}