{"arquitecture": "D", "trainable_params": 18817, "non_trainable_params": 0, "train_metrics": {"mse": 1634395696310185.5, "mae": 17224179.43284908, "r2_score": 0.6983486668803736, "kendalltau": 0.20144622190567485, "pearsonr": 0.8410331269584236, "spearmanr": 0.3017855509034189}, "test_metrics": {"mse": 2106536140467036.2, "mae": 19207182.267813716, "r2": 0.5692496363791159, "kendalltau": 0.1753939206538826, "pearsonr": 0.7620028425305369, "spearmanr": 0.2639088417266874}, "total_time": 5.3752, "epochs": 50}