{"arquitecture": "C", "trainable_params": 18817, "non_trainable_params": 0, "train_metrics": {"mse": 1565863441683228.2, "mae": 16030421.51022941, "r2_score": 0.7109972843581278, "kendalltau": 0.4102187840605449, "pearsonr": 0.8539066748858529, "spearmanr": 0.5773508542832777}, "test_metrics": {"mse": 2037346294653570.0, "mae": 17152897.69256871, "r2": 0.5833977683149941, "kendalltau": 0.3586559225798978, "pearsonr": 0.7656816414321991, "spearmanr": 0.5084638591380909}, "total_time": 5.5658, "epochs": 50}