{"arquitecture": "B", "trainable_params": 132881, "non_trainable_params": 0, "train_metrics": {"mse": 5970409854432628.0, "mae": 23499960.983151026, "r2_score": -0.10192537579856387, "kendalltau": 0.23699847110276262, "pearsonr": 0.03864897894053123, "spearmanr": 0.33588090599960885}, "test_metrics": {"mse": 5418731667950566.0, "mae": 22985741.056839533, "r2": -0.1080373089712161, "kendalltau": 0.22898354081275693, "pearsonr": 0.0863384545422484, "spearmanr": 0.3406772795135244}, "total_time": 4.9094, "epochs": 30}