{"arquitecture": "A", "trainable_params": 132881, "non_trainable_params": 0, "train_metrics": {"mse": 5970409863010258.0, "mae": 23499961.16565364, "r2_score": -0.1019253773816895, "kendalltau": 0.23650848026528512, "pearsonr": 0.08134924979683097, "spearmanr": 0.32605366188732293}, "test_metrics": {"mse": 5418731676340549.0, "mae": 22985741.239341628, "r2": -0.1080373106868231, "kendalltau": 0.22446486148517977, "pearsonr": 0.12829106495446865, "spearmanr": 0.32244070473797865}, "total_time": 6.3607, "epochs": 30}