{"arquitecture": "C", "trainable_params": 19649, "non_trainable_params": 0, "train_metrics": {"mse": 5419407928880763.0, "mae": 36254354.02943143, "r2_score": -0.00023001171418823851, "kendalltau": 0.21688166568799463, "pearsonr": 0.012887045168422573, "spearmanr": 0.32331871896989095}, "test_metrics": {"mse": 4890510181571827.0, "mae": 35605361.54396887, "r2": -2.511162075435891e-05, "kendalltau": 0.19897367059894278, "pearsonr": 0.05619159214035914, "spearmanr": 0.31605811361373964}, "total_time": 6.4219, "epochs": 30}