{"arquitecture": "D", "trainable_params": 19649, "non_trainable_params": 0, "train_metrics": {"mse": 5420366191755802.0, "mae": 35969121.551170565, "r2_score": -0.0004068729690158701, "kendalltau": 0.22267499465321455, "pearsonr": 0.025356791149702896, "spearmanr": 0.346909495386297}, "test_metrics": {"mse": 4891143408596366.0, "mae": 35329246.23657587, "r2": -0.00015459564233610834, "kendalltau": 0.23329066741593232, "pearsonr": 0.04997689930596846, "spearmanr": 0.3579970095292434}, "total_time": 6.2818, "epochs": 30}