{"arquitecture": "A", "trainable_params": 79633, "non_trainable_params": 0, "train_metrics": {"mse": 5970408919699083.0, "mae": 23499941.1216976, "r2_score": -0.10192520327998689, "kendalltau": 0.05853283218714739, "pearsonr": 0.03227903807912074, "spearmanr": 0.07165846900706115}, "test_metrics": {"mse": 5418730758000742.0, "mae": 22985721.21801931, "r2": -0.10803712290214751, "kendalltau": -0.06259909195353781, "pearsonr": -0.035610261904637855, "spearmanr": -0.07711231678937436}, "total_time": 5.6555, "epochs": 50}