{"arquitecture": "A", "trainable_params": 112401, "non_trainable_params": 0, "train_metrics": {"mse": 5970408884530168.0, "mae": 23499940.347146038, "r2_score": -0.10192519678905576, "kendalltau": 0.3804967202966214, "pearsonr": 0.12153534297474722, "spearmanr": 0.4707427853572899}, "test_metrics": {"mse": 5418730719271366.0, "mae": 22985720.42092291, "r2": -0.10803711498265711, "kendalltau": 0.4170561821302428, "pearsonr": 0.14483603096938868, "spearmanr": 0.5260937417861827}, "total_time": 5.7181, "epochs": 50}