{"arquitecture": "A", "trainable_params": 79633, "non_trainable_params": 0, "train_metrics": {"mse": 5970409055932742.0, "mae": 23499943.556072496, "r2_score": -0.10192522842387652, "kendalltau": -0.2101568240571036, "pearsonr": -0.10222719993420123, "spearmanr": -0.2734344915633869}, "test_metrics": {"mse": 5418730896453892.0, "mae": 22985723.666087613, "r2": -0.10803715121343238, "kendalltau": -0.2672650384744, "pearsonr": -0.15793125498612717, "spearmanr": -0.3487527380645148}, "total_time": 5.6581, "epochs": 50}