{"arquitecture": "A", "trainable_params": 79633, "non_trainable_params": 0, "train_metrics": {"mse": 5970408956824213.0, "mae": 23499941.78581944, "r2_score": -0.10192521013196587, "kendalltau": -0.05788583643447607, "pearsonr": -0.37614444434825073, "spearmanr": -0.07077020463114993}, "test_metrics": {"mse": 5418730785269806.0, "mae": 22985721.856490612, "r2": -0.10803712847820157, "kendalltau": -0.058846965362934635, "pearsonr": 0.014185885610773113, "spearmanr": -0.07198665214518608}, "total_time": 5.6096, "epochs": 50}