{"arquitecture": "B", "trainable_params": 112401, "non_trainable_params": 0, "train_metrics": {"mse": 5970408907609111.0, "mae": 23499940.837953676, "r2_score": -0.10192520104860803, "kendalltau": 0.3698145576628118, "pearsonr": 0.12388379126640073, "spearmanr": 0.46283774699105407}, "test_metrics": {"mse": 5418730741845288.0, "mae": 22985720.91165103, "r2": -0.10803711959863538, "kendalltau": 0.4085583561015516, "pearsonr": 0.1476599828410214, "spearmanr": 0.5124135985677325}, "total_time": 4.4597, "epochs": 50}