{"arquitecture": "A", "trainable_params": 263953, "non_trainable_params": 0, "train_metrics": {"mse": 5970409934562669.0, "mae": 23499962.688046183, "r2_score": -0.10192539058772043, "kendalltau": 0.02097438312255869, "pearsonr": 0.002314458067745186, "spearmanr": 0.0256203312719361}, "test_metrics": {"mse": 5418731746327310.0, "mae": 22985742.76173411, "r2": -0.10803732499791052, "kendalltau": 0.0026859610746567675, "pearsonr": -0.0005469715050897557, "spearmanr": 0.003135307149180579}, "total_time": 6.7445, "epochs": 30}