{"arquitecture": "C", "trainable_params": 19265, "non_trainable_params": 0, "train_metrics": {"mse": 5274276912424537.0, "mae": 35819705.300752506, "r2_score": 0.026556013658897704, "kendalltau": 0.25923540344118545, "pearsonr": 0.17663322772142898, "spearmanr": 0.39175184696212384}, "test_metrics": {"mse": 4849543754913666.0, "mae": 35902011.51612354, "r2": 0.008351817139337414, "kendalltau": 0.21647938784143897, "pearsonr": 0.09401219378654593, "spearmanr": 0.3257713398477879}, "total_time": 6.0098, "epochs": 50}