{"arquitecture": "A", "trainable_params": 112401, "non_trainable_params": 0, "train_metrics": {"mse": 5970408953052751.0, "mae": 23499941.804817665, "r2_score": -0.10192520943588801, "kendalltau": 0.3239230965045073, "pearsonr": 0.09533260708968652, "spearmanr": 0.39804617271118975}, "test_metrics": {"mse": 5418730786294540.0, "mae": 22985721.87850713, "r2": -0.10803712868774196, "kendalltau": 0.3786505674700301, "pearsonr": 0.11912188817720627, "spearmanr": 0.4686524327802731}, "total_time": 5.7475, "epochs": 50}