{"arquitecture": "A", "trainable_params": 112401, "non_trainable_params": 0, "train_metrics": {"mse": 5970408951479657.0, "mae": 23499941.771345973, "r2_score": -0.10192520914555092, "kendalltau": 0.3023541174336293, "pearsonr": 0.09011910387697483, "spearmanr": 0.37217467996059334}, "test_metrics": {"mse": 5418730784755868.0, "mae": 22985721.845034778, "r2": -0.10803712837311008, "kendalltau": 0.3465160407398068, "pearsonr": 0.11209292752342635, "spearmanr": 0.4306432166552721}, "total_time": 5.8175, "epochs": 50}