{"arquitecture": "D", "trainable_params": 19265, "non_trainable_params": 0, "train_metrics": {"mse": 5366328933328706.0, "mae": 35988784.877257526, "r2_score": 0.00956648359296175, "kendalltau": 0.17262478200062267, "pearsonr": 0.09904915256414411, "spearmanr": 0.25581128534154945}, "test_metrics": {"mse": 4833715012512878.0, "mae": 34978405.092607, "r2": 0.01158852237017649, "kendalltau": 0.22180641562879724, "pearsonr": 0.10841294462992604, "spearmanr": 0.3280346968557515}, "total_time": 5.6299, "epochs": 50}