{"arquitecture": "A", "trainable_params": 79633, "non_trainable_params": 0, "train_metrics": {"mse": 5970409014292703.0, "mae": 23499942.95349602, "r2_score": -0.10192522073860566, "kendalltau": 0.015639268162794998, "pearsonr": -0.08401225773224755, "spearmanr": 0.01931171509367667}, "test_metrics": {"mse": 5418730838400004.0, "mae": 22985723.003976144, "r2": -0.10803713934241199, "kendalltau": -0.015453605878327928, "pearsonr": -0.004767774280332408, "spearmanr": -0.019357595094337824}, "total_time": 5.4193, "epochs": 50}