{"arquitecture": "C", "trainable_params": 19265, "non_trainable_params": 0, "train_metrics": {"mse": 5356340402970453.0, "mae": 36481489.70250836, "r2_score": 0.01141001114585194, "kendalltau": 0.17538200682558863, "pearsonr": 0.10683183448929535, "spearmanr": 0.2559123109691915}, "test_metrics": {"mse": 4814832380418421.0, "mae": 35254501.859143965, "r2": 0.01544969545169006, "kendalltau": 0.2027025918396503, "pearsonr": 0.12456292801037412, "spearmanr": 0.2974995352715949}, "total_time": 6.0831, "epochs": 50}