{"arquitecture": "A", "trainable_params": 79633, "non_trainable_params": 0, "train_metrics": {"mse": 5970408897431757.0, "mae": 23499940.755022112, "r2_score": -0.10192519917023035, "kendalltau": 0.30712374473372556, "pearsonr": 0.08743651941353814, "spearmanr": 0.3789188172218234}, "test_metrics": {"mse": 5418730732903380.0, "mae": 22985720.87607065, "r2": -0.10803711777016933, "kendalltau": 0.3225376838958986, "pearsonr": 0.09414525854803973, "spearmanr": 0.4023255067848242}, "total_time": 5.5021, "epochs": 50}