{"arquitecture": "A", "trainable_params": 112401, "non_trainable_params": 0, "train_metrics": {"mse": 5970408999868149.0, "mae": 23499942.800918635, "r2_score": -0.10192521807634591, "kendalltau": 0.3721814372705796, "pearsonr": 0.10477216529060658, "spearmanr": 0.4634320814854666}, "test_metrics": {"mse": 5418730832085536.0, "mae": 22985722.874618273, "r2": -0.10803713805121218, "kendalltau": 0.41122297851686335, "pearsonr": 0.12826292869616215, "spearmanr": 0.5139604535105928}, "total_time": 5.8046, "epochs": 50}