{"arquitecture": "A", "trainable_params": 112401, "non_trainable_params": 0, "train_metrics": {"mse": 5970408877533876.0, "mae": 23499940.198047027, "r2_score": -0.10192519549778889, "kendalltau": 0.353215368204296, "pearsonr": 0.10536891140968338, "spearmanr": 0.43914566919242043}, "test_metrics": {"mse": 5418730712428152.0, "mae": 22985720.271743223, "r2": -0.10803711358333756, "kendalltau": 0.3814570135187905, "pearsonr": 0.12884263085906544, "spearmanr": 0.47650239466034705}, "total_time": 5.685, "epochs": 50}