{"arquitecture": "A", "trainable_params": 112401, "non_trainable_params": 0, "train_metrics": {"mse": 5970408937773270.0, "mae": 23499941.47971973, "r2_score": -0.10192520661583915, "kendalltau": 0.3768923824276802, "pearsonr": 0.10472158014381042, "spearmanr": 0.46410251392111124}, "test_metrics": {"mse": 5418730771349401.0, "mae": 22985721.553408325, "r2": -0.10803712563171852, "kendalltau": 0.41450363210659424, "pearsonr": 0.1262319823604986, "spearmanr": 0.5136773321213611}, "total_time": 5.8079, "epochs": 50}