{"arquitecture": "D", "trainable_params": 19265, "non_trainable_params": 0, "train_metrics": {"mse": 5285564670551144.0, "mae": 36418321.80411005, "r2_score": 0.024472694855189325, "kendalltau": 0.2786822789413534, "pearsonr": 0.162895086240147, "spearmanr": 0.4151733478479078}, "test_metrics": {"mse": 4844851561042904.0, "mae": 36233486.031322956, "r2": 0.009311289980644788, "kendalltau": 0.2496661586546365, "pearsonr": 0.10038848463148538, "spearmanr": 0.38015980874915356}, "total_time": 5.6898, "epochs": 50}