{"arquitecture": "A", "trainable_params": 112401, "non_trainable_params": 0, "train_metrics": {"mse": 5970408936757233.0, "mae": 23499941.458100226, "r2_score": -0.10192520642831471, "kendalltau": 0.248605362177023, "pearsonr": 0.08415362607776491, "spearmanr": 0.3039405394717659}, "test_metrics": {"mse": 5418730770355596.0, "mae": 22985721.53178827, "r2": -0.10803712542850241, "kendalltau": 0.2669628570241364, "pearsonr": 0.10494315680996952, "spearmanr": 0.326729133969194}, "total_time": 5.6434, "epochs": 50}