{"arquitecture": "A", "trainable_params": 112401, "non_trainable_params": 0, "train_metrics": {"mse": 5970408906206340.0, "mae": 23499940.808079887, "r2_score": -0.10192520078970624, "kendalltau": 0.24385850611923465, "pearsonr": 0.08518821053249184, "spearmanr": 0.2981371168168206}, "test_metrics": {"mse": 5418730740473211.0, "mae": 22985720.881767996, "r2": -0.10803711931806914, "kendalltau": 0.28012100659844574, "pearsonr": 0.10525254946342813, "spearmanr": 0.3420314584463568}, "total_time": 5.7693, "epochs": 50}