{"arquitecture": "A", "trainable_params": 79633, "non_trainable_params": 0, "train_metrics": {"mse": 5970409169843348.0, "mae": 23499946.22302613, "r2_score": -0.10192524944772408, "kendalltau": 0.157345317793121, "pearsonr": -0.07673349237297182, "spearmanr": 0.21048324102705157}, "test_metrics": {"mse": 5418730994470065.0, "mae": 22985726.390042298, "r2": -0.10803717125605194, "kendalltau": 0.22520338366966985, "pearsonr": -0.005540041067235917, "spearmanr": 0.28469193131473475}, "total_time": 5.5898, "epochs": 50}