{"arquitecture": "A", "trainable_params": 79633, "non_trainable_params": 0, "train_metrics": {"mse": 5970408845775669.0, "mae": 23499939.437487874, "r2_score": -0.10192518963635311, "kendalltau": 0.002722386920718566, "pearsonr": -0.11946252487730294, "spearmanr": 0.0033005374728175725}, "test_metrics": {"mse": 5418730676393895.0, "mae": 22985719.527310245, "r2": -0.10803710621495277, "kendalltau": 0.01630171294866584, "pearsonr": 0.04474204246427182, "spearmanr": 0.020140199110923223}, "total_time": 5.6855, "epochs": 50}