{"arquitecture": "B", "trainable_params": 112401, "non_trainable_params": 0, "train_metrics": {"mse": 5970408903121113.0, "mae": 23499940.742440544, "r2_score": -0.10192520022028306, "kendalltau": 0.248605362177023, "pearsonr": 0.08415362607776505, "spearmanr": 0.3039405394717659}, "test_metrics": {"mse": 5418730737455494.0, "mae": 22985720.816130385, "r2": -0.1080371187009983, "kendalltau": 0.28012100659844574, "pearsonr": 0.10525254946342856, "spearmanr": 0.3420314584463568}, "total_time": 4.4559, "epochs": 50}