{"arquitecture": "A", "trainable_params": 79633, "non_trainable_params": 0, "train_metrics": {"mse": 5970408919983778.0, "mae": 23499941.30927008, "r2_score": -0.1019252033325313, "kendalltau": 0.07123672516878966, "pearsonr": 0.06031117158576488, "spearmanr": 0.09024923356961344}, "test_metrics": {"mse": 5418730766594616.0, "mae": 22985721.56496263, "r2": -0.1080371246594467, "kendalltau": -0.08692066267546654, "pearsonr": 0.024330060553761326, "spearmanr": -0.10574510140774512}, "total_time": 5.406, "epochs": 50}