{"arquitecture": "A", "trainable_params": 206609, "non_trainable_params": 0, "train_metrics": {"mse": 2.256456112274922e-05, "mae": 0.0013293464437110264, "r2_score": 0.5266079784997049, "kendalltau": -0.047762992703708956, "pearsonr": 0.7464202142723166, "spearmanr": -0.07012888520516895}, "test_metrics": {"mse": 4.555169977784277e-05, "mae": 0.001773560727777902, "r2": -290.85431544545565, "kendalltau": 0.00598815177164158, "pearsonr": 0.6356286582943801, "spearmanr": 0.009287323886972065}, "total_time": 8.7083, "epochs": 50}