{"arquitecture": "B", "trainable_params": 206609, "non_trainable_params": 0, "train_metrics": {"mse": 4.9467007770091e-05, "mae": 0.0029731032265971316, "r2_score": -0.037790483868319624, "kendalltau": -0.053317575025531916, "pearsonr": 0.4553378576449797, "spearmanr": -0.07754731091887082}, "test_metrics": {"mse": 8.42029996868361e-06, "mae": 0.002757766013016783, "r2": -52.94970758919784, "kendalltau": 0.003423211046562945, "pearsonr": 0.4252706816597409, "spearmanr": 0.005657817101031322}, "total_time": 7.3981, "epochs": 50}