{"arquitecture": "B", "trainable_params": 34577, "non_trainable_params": 0, "train_metrics": {"mse": 4.7724418038229656e-05, "mae": 0.0005497774197744772, "r2_score": -0.0012319143785801678, "kendalltau": 0.03143321826474257, "pearsonr": 0.015518100698125653, "spearmanr": 0.04613138631692204}, "test_metrics": {"mse": 2.651251681157265e-07, "mae": 0.000306414657001551, "r2": -0.6986835798697202, "kendalltau": 0.03807655999942557, "pearsonr": -0.029491925489516426, "spearmanr": 0.05562065876181812}, "total_time": 5.7905, "epochs": 50}