{"arquitecture": "A", "trainable_params": 34577, "non_trainable_params": 0, "train_metrics": {"mse": 3.1183032599478295e-05, "mae": 0.002774998197905517, "r2_score": 0.345797210126368, "kendalltau": 0.012607120087978041, "pearsonr": 0.6601687804210458, "spearmanr": 0.019128810695490075}, "test_metrics": {"mse": 6.122570673833711e-05, "mae": 0.0040270109037063495, "r2": -391.27925225467476, "kendalltau": -0.04068742786047887, "pearsonr": 0.5331042623890119, "spearmanr": -0.06136922800234262}, "total_time": 19.303, "epochs": 100}