{"arquitecture": "D", "trainable_params": 18049, "non_trainable_params": 0, "train_metrics": {"mse": 4.54781543465788e-05, "mae": 0.002114111070770173, "r2_score": 0.04589345641984621, "kendalltau": 0.007005777534046487, "pearsonr": 0.41659854698705623, "spearmanr": 0.01115908790876767}, "test_metrics": {"mse": 4.7589198976223676e-06, "mae": 0.0018934136579258662, "r2": -29.490877744499166, "kendalltau": -0.0046791818386088795, "pearsonr": 0.4293468510462718, "spearmanr": -0.00789805723970255}, "total_time": 23.8074, "epochs": 100}