{"arquitecture": "D", "trainable_params": 18049, "non_trainable_params": 0, "train_metrics": {"mse": 4.0549216193287516e-05, "mae": 0.0016295521013650048, "r2_score": 0.14929985477802554, "kendalltau": 0.030102778675776654, "pearsonr": 0.5792447775660348, "spearmanr": 0.04484714060553268}, "test_metrics": {"mse": 3.7976401188874224e-06, "mae": 0.001468201837307189, "r2": -23.331861656350615, "kendalltau": 0.0049943375535632314, "pearsonr": 0.6269603738448581, "spearmanr": 0.007944960197708822}, "total_time": 7.6572, "epochs": 50}