{"arquitecture": "D", "trainable_params": 20737, "non_trainable_params": 0, "train_metrics": {"mse": 4.276866541270353e-05, "mae": 0.0007688188487097194, "r2_score": 0.10273703678741408, "kendalltau": -0.03711601750152072, "pearsonr": 0.7775312109893764, "spearmanr": -0.04693972014450257}, "test_metrics": {"mse": 1.067736649025584e-06, "mae": 0.0005558922198130096, "r2": -5.841095948058699, "kendalltau": 0.02951397170677682, "pearsonr": 0.48891112839706546, "spearmanr": 0.03754847456626051}, "total_time": 9.6839, "epochs": 50}