{"arquitecture": "C", "trainable_params": 18049, "non_trainable_params": 0, "train_metrics": {"mse": 4.9910798262615224e-05, "mae": 0.0015225425375588117, "r2_score": -0.04710096312983958, "kendalltau": -0.016424600409479264, "pearsonr": 0.8034418370851097, "spearmanr": -0.01992479616271624}, "test_metrics": {"mse": 1.7412478895848592e-06, "mae": 0.001261104595745246, "r2": -10.15635011018463, "kendalltau": 0.0361772523867095, "pearsonr": 0.699562559550868, "spearmanr": 0.04444122406828658}, "total_time": 23.3231, "epochs": 100}