{"arquitecture": "C", "trainable_params": 20737, "non_trainable_params": 0, "train_metrics": {"mse": 4.2888063798863e-05, "mae": 0.0014854553023590305, "r2_score": 0.10023212463421827, "kendalltau": -0.03446773379021669, "pearsonr": 0.5281662781801538, "spearmanr": -0.0427839074851085}, "test_metrics": {"mse": 2.819467618384826e-06, "mae": 0.0012957819750863467, "r2": -17.064612203222197, "kendalltau": -0.04724074985691368, "pearsonr": 0.49479145934512, "spearmanr": -0.05860955375663899}, "total_time": 10.3556, "epochs": 50}