{"arquitecture": "C", "trainable_params": 18049, "non_trainable_params": 0, "train_metrics": {"mse": 4.1087502337968234e-05, "mae": 0.001333140357140251, "r2_score": 0.13800690895958911, "kendalltau": 0.02539910968568498, "pearsonr": 0.7511300345411476, "spearmanr": 0.033339355115392544}, "test_metrics": {"mse": 1.958204764412216e-06, "mae": 0.0011331292938023885, "r2": -11.546414597190306, "kendalltau": 0.026025516776040925, "pearsonr": 0.6729506180939265, "spearmanr": 0.035331369177841805}, "total_time": 7.9398, "epochs": 50}