{"arquitecture": "B", "trainable_params": 34577, "non_trainable_params": 0, "train_metrics": {"mse": 4.757848789284752e-05, "mae": 0.0005676310751269567, "r2_score": 0.0018296194196832927, "kendalltau": 0.025805597772717456, "pearsonr": 0.17527178821572165, "spearmanr": 0.03399045192301923}, "test_metrics": {"mse": 2.0134292938235794e-07, "mae": 0.0002964372149045699, "r2": -0.2900243703584944, "kendalltau": -0.020612220288118314, "pearsonr": 0.22507626878700276, "spearmanr": -0.02951649412614594}, "total_time": 18.2201, "epochs": 100}