{"arquitecture": "A", "trainable_params": 34577, "non_trainable_params": 0, "train_metrics": {"mse": 4.288233945864763e-05, "mae": 0.003707863911035895, "r2_score": 0.10035221812824058, "kendalltau": 0.011784342887309606, "pearsonr": 0.5545581492604365, "spearmanr": 0.017519933744593506}, "test_metrics": {"mse": 4.241353274389024e-05, "mae": 0.004456667890997687, "r2": -270.74776407822833, "kendalltau": 0.01702117402318936, "pearsonr": 0.4861143879405668, "spearmanr": 0.023731931624034513}, "total_time": 7.384, "epochs": 50}