{"arquitecture": "A", "trainable_params": 132881, "non_trainable_params": 0, "train_metrics": {"mse": 4.930670507741445e-05, "mae": 0.001338708814163316, "r2_score": -0.034427421971158, "kendalltau": 0.049759391722689346, "pearsonr": 0.06353885782589777, "spearmanr": 0.07505282196526558}, "test_metrics": {"mse": 1.2839920496596968e-06, "mae": 0.0010430765142787565, "r2": -7.2266660194559496, "kendalltau": 0.051989959052522475, "pearsonr": 0.07282453897127912, "spearmanr": 0.07726544718122527}, "total_time": 7.7555, "epochs": 50}