{"arquitecture": "A", "trainable_params": 132881, "non_trainable_params": 0, "train_metrics": {"mse": 4.742798077741171e-05, "mae": 0.001387124684774651, "r2_score": 0.004987175520098863, "kendalltau": 0.04784061319433805, "pearsonr": 0.17548621912904647, "spearmanr": 0.07170609220395134}, "test_metrics": {"mse": 1.497970092023919e-06, "mae": 0.0011188677600590768, "r2": -8.59764482769234, "kendalltau": 0.016600066303664635, "pearsonr": 0.171328682783773, "spearmanr": 0.02299569676984629}, "total_time": 22.6918, "epochs": 100}