{"arquitecture": "C", "trainable_params": 19649, "non_trainable_params": 0, "train_metrics": {"mse": 4.768468807743983e-05, "mae": 0.0004698620028600891, "r2_score": -0.00039840175894156893, "kendalltau": 0.0041067455920030535, "pearsonr": -0.001339685809832467, "spearmanr": 0.005023536752339302}, "test_metrics": {"mse": 1.7214061770639863e-07, "mae": 0.00020585556097922495, "r2": -0.1029222265268035, "kendalltau": -0.07715697995068091, "pearsonr": -0.008176706444775377, "spearmanr": -0.09446734986388647}, "total_time": 8.734, "epochs": 50}