{"arquitecture": "B", "trainable_params": 132881, "non_trainable_params": 0, "train_metrics": {"mse": 4.762394379993103e-05, "mae": 0.0006522254005956545, "r2_score": 0.0008759796113868568, "kendalltau": 0.05297047780858038, "pearsonr": 0.036918561567262156, "spearmanr": 0.07955107718088242}, "test_metrics": {"mse": 2.680325710572459e-07, "mae": 0.0003950962702065082, "r2": -0.7173116025200186, "kendalltau": 0.05817356908161423, "pearsonr": 0.04837107996715726, "spearmanr": 0.08566498551195187}, "total_time": 6.3306, "epochs": 50}