{"arquitecture": "D", "trainable_params": 19649, "non_trainable_params": 0, "train_metrics": {"mse": 4.7897900361379425e-05, "mae": 0.00060386732838354, "r2_score": -0.004871477639025956, "kendalltau": 0.04557430372759805, "pearsonr": 0.0008834855871799286, "spearmanr": 0.05583987184571387}, "test_metrics": {"mse": 2.450046825932694e-07, "mae": 0.0003275833110309986, "r2": -0.5697696083335078, "kendalltau": -0.009314902755886905, "pearsonr": 0.002565602536646254, "spearmanr": -0.011451284725695794}, "total_time": 23.8118, "epochs": 100}