{"arquitecture": "B", "trainable_params": 206609, "non_trainable_params": 0, "train_metrics": {"mse": 5.326427997296611e-05, "mae": 0.0025429062832945017, "r2_score": -0.11745515602955292, "kendalltau": 0.049200852754688496, "pearsonr": 0.0009795250542117002, "spearmanr": 0.07535933871184496}, "test_metrics": {"mse": 6.367808205675208e-06, "mae": 0.0022196898999946374, "r2": -39.799186722320506, "kendalltau": 0.06473651577590679, "pearsonr": 0.008157333775282884, "spearmanr": 0.09741971491412456}, "total_time": 7.433, "epochs": 50}