{"arquitecture": "B", "trainable_params": 132881, "non_trainable_params": 0, "train_metrics": {"mse": 5.818130226091869e-05, "mae": 0.00380577287524886, "r2_score": -0.22061156611851995, "kendalltau": -0.015754481250310037, "pearsonr": -0.0053419541552578945, "spearmanr": -0.019271516533453208}, "test_metrics": {"mse": 1.2432390157166366e-05, "mae": 0.003516487568972796, "r2": -78.65557237966249, "kendalltau": -0.07032215805583308, "pearsonr": -0.01653021208854478, "spearmanr": -0.08597258865528476}, "total_time": 19.8208, "epochs": 100}