{"arquitecture": "D", "trainable_params": 19649, "non_trainable_params": 0, "train_metrics": {"mse": 4.865487292731312e-05, "mae": 0.0015345300711239838, "r2_score": -0.02075234371296597, "kendalltau": 0.01549378238017854, "pearsonr": 0.001729453449327581, "spearmanr": 0.018944251801337544}, "test_metrics": {"mse": 2.238721625245442e-06, "mae": 0.0012825532789258053, "r2": -13.343714298160245, "kendalltau": -0.049581222896841054, "pearsonr": -0.005860464165586926, "spearmanr": -0.0607938988464279}, "total_time": 8.6027, "epochs": 50}