{"arquitecture": "A", "trainable_params": 206609, "non_trainable_params": 0, "train_metrics": {"mse": 0.002817425164226413, "mae": 0.02932763674911059, "r2_score": -58.10802282674496, "kendalltau": 0.04298784284357236, "pearsonr": 0.07386167084707658, "spearmanr": 0.06508030084628327}, "test_metrics": {"mse": 0.0050674841951840275, "mae": 0.03555539928521391, "r2": -32466.880189522548, "kendalltau": 0.011825899108506139, "pearsonr": 0.08822932387971172, "spearmanr": 0.018635920456923322}, "total_time": 8.7473, "epochs": 50}