{"arquitecture": "A", "trainable_params": 132881, "non_trainable_params": 0, "train_metrics": {"mse": 4.923741342581414e-05, "mae": 0.0012536805526739074, "r2_score": -0.03297372141630461, "kendalltau": -0.015754481250310037, "pearsonr": -0.00534195415525789, "spearmanr": -0.019271516533453208}, "test_metrics": {"mse": 1.141532025509811e-06, "mae": 0.000992700904070465, "r2": -6.313910336805614, "kendalltau": -0.07032215805583308, "pearsonr": -0.016530212088544785, "spearmanr": -0.08597258865528476}, "total_time": 7.8372, "epochs": 50}