{"arquitecture": "C", "trainable_params": 19649, "non_trainable_params": 0, "train_metrics": {"mse": 5.2412324113249733e-05, "mae": 0.0026648880893398647, "r2_score": -0.09958159294688573, "kendalltau": 0.048680980480560014, "pearsonr": -0.0020598914871742344, "spearmanr": 0.05955407615794973}, "test_metrics": {"mse": 5.932438520145873e-06, "mae": 0.0023780909924525566, "r2": -37.00972942093405, "kendalltau": -0.007893395789364786, "pearsonr": -0.005821647661897968, "spearmanr": -0.009650097324283208}, "total_time": 9.4224, "epochs": 50}