{"arquitecture": "D", "trainable_params": 20737, "non_trainable_params": 0, "train_metrics": {"mse": 3710505.563663279, "mae": 1300.919450537897, "r2_score": -77844356023.26822, "kendalltau": -0.006785593816603898, "pearsonr": -0.021144686470208514, "spearmanr": -0.010343628252812802}, "test_metrics": {"mse": 4780891.322426116, "mae": 1358.676183845819, "r2": -30631650869908.043, "kendalltau": -0.033444375084653616, "pearsonr": -0.02175995441075112, "spearmanr": -0.048061499051340814}, "total_time": 8.8641, "epochs": 50}