{"arquitecture": "A", "trainable_params": 132881, "non_trainable_params": 0, "train_metrics": {"mse": 5.4693933094181036e-05, "mae": 0.00321848592114661, "r2_score": -0.14744848837997981, "kendalltau": -0.020668392712799105, "pearsonr": -0.004073847303191816, "spearmanr": -0.02527953092791617}, "test_metrics": {"mse": 8.636176646763015e-06, "mae": 0.0029322186950947278, "r2": -54.33285114715022, "kendalltau": -0.07032215805583308, "pearsonr": -0.016530212088544785, "spearmanr": -0.08597258865528476}, "total_time": 7.8961, "epochs": 50}