{"arquitecture": "D", "trainable_params": 20737, "non_trainable_params": 0, "train_metrics": {"mse": 43432.48943699756, "mae": 52.00935215176644, "r2_score": -911189623.363739, "kendalltau": -0.1023671026440314, "pearsonr": 0.006114472013755451, "spearmanr": -0.12859312403580445}, "test_metrics": {"mse": 161291.27122095565, "mae": 72.18812706879699, "r2": -1033409373943.3027, "kendalltau": -0.028812341889952367, "pearsonr": -0.02669157481592911, "spearmanr": -0.03775367193764694}, "total_time": 9.5375, "epochs": 50}