{"arquitecture": "C", "trainable_params": 20737, "non_trainable_params": 0, "train_metrics": {"mse": 415571703.0753193, "mae": 14438.44294481403, "r2_score": -8718464654683.002, "kendalltau": -0.02397700674844365, "pearsonr": -0.0027239133687269393, "spearmanr": -0.03649336217096901}, "test_metrics": {"mse": 641836106.2885774, "mae": 14831.276168508912, "r2": -4112308395572689.0, "kendalltau": -0.001591787179803458, "pearsonr": 0.006173254343235655, "spearmanr": -0.0044154213942817835}, "total_time": 10.2174, "epochs": 50}