{"arquitecture": "A", "trainable_params": 132881, "non_trainable_params": 0, "train_metrics": {"mse": 4.902416810526447e-05, "mae": 0.0011655345995561556, "r2_score": -0.028499952446399135, "kendalltau": 0.015754481250310037, "pearsonr": 0.005341954155257891, "spearmanr": 0.019271516533453208}, "test_metrics": {"mse": 0.0008586002205703435, "mae": 0.0024201020291218732, "r2": -5500.13784640293, "kendalltau": 0.06543274707224678, "pearsonr": 0.004815261531376878, "spearmanr": 0.08041702428919757}, "total_time": 20.3327, "epochs": 100}