{"arquitecture": "D", "trainable_params": 20737, "non_trainable_params": 0, "train_metrics": {"mse": 13358358.471884996, "mae": 1818.9005139828942, "r2_score": -280250977916.5692, "kendalltau": 0.11197558621703846, "pearsonr": -0.016028364258554167, "spearmanr": 0.15589873896784953}, "test_metrics": {"mse": 16727871.517405378, "mae": 1994.075765136427, "r2": -107177152869860.28, "kendalltau": 0.1296673799735956, "pearsonr": 0.020212724965676106, "spearmanr": 0.17920162874688686}, "total_time": 9.5211, "epochs": 50}