{"arquitecture": "C", "trainable_params": 19649, "non_trainable_params": 0, "train_metrics": {"mse": 4.875729428102114e-05, "mae": 0.0006589739405689392, "r2_score": -0.02290108710810146, "kendalltau": -0.0008081078388897048, "pearsonr": 0.0021548318014042484, "spearmanr": -0.000986616612925502}, "test_metrics": {"mse": 3.0988357439251185e-07, "mae": 0.0003627621350622106, "r2": -0.9854551841797492, "kendalltau": 0.07766125038272567, "pearsonr": 0.005828541986342857, "spearmanr": 0.09487315631172351}, "total_time": 25.4017, "epochs": 100}