{"arquitecture": "C", "trainable_params": 19649, "non_trainable_params": 0, "train_metrics": {"mse": 5.058362250261554e-05, "mae": 0.0008312265391192323, "r2_score": -0.06121644383232194, "kendalltau": -0.022632612942793784, "pearsonr": -0.0010575920994451773, "spearmanr": -0.02782112034238386}, "test_metrics": {"mse": 8.519609664462142e-07, "mae": 0.0005333281092679262, "r2": -4.458599478418499, "kendalltau": -0.01638877055506073, "pearsonr": 0.000433445152711719, "spearmanr": -0.020492260270977655}, "total_time": 24.62, "epochs": 100}