{"arquitecture": "C", "trainable_params": 19649, "non_trainable_params": 0, "train_metrics": {"mse": 4.8353618559711525e-05, "mae": 0.0008294321478758848, "r2_score": -0.014432193576257468, "kendalltau": -0.01946079442696943, "pearsonr": 0.0013353864965663749, "spearmanr": -0.023805228213788047}, "test_metrics": {"mse": 7.970817726575e-07, "mae": 0.0006012339957628258, "r2": -4.106982972041837, "kendalltau": 0.053702747203308664, "pearsonr": 0.0080439052371941, "spearmanr": 0.06558685157167177}, "total_time": 8.5286, "epochs": 50}