{"arquitecture": "D", "trainable_params": 20737, "non_trainable_params": 0, "train_metrics": {"mse": 5.701165783613568, "mae": 0.1683884309025634, "r2_score": -119606.30725190876, "kendalltau": -0.02674227574769271, "pearsonr": -0.0026954437441326757, "spearmanr": -0.03286036342172778}, "test_metrics": {"mse": 4.762653663545572, "mae": 0.11917192346555162, "r2": -30514799.357768595, "kendalltau": -0.06820100759865216, "pearsonr": -0.016746019739687274, "spearmanr": -0.08339540746415046}, "total_time": 9.6201, "epochs": 50}