{"arquitecture": "A", "trainable_params": 132881, "non_trainable_params": 0, "train_metrics": {"mse": 4.767758743014054e-05, "mae": 0.0007085103243300822, "r2_score": -0.00024943410294819834, "kendalltau": -0.0020104593021315034, "pearsonr": 0.0016060476320901955, "spearmanr": -0.0024310971997958414}, "test_metrics": {"mse": 2.9199526196328767e-07, "mae": 0.00043733731228053166, "r2": -0.8708429698393934, "kendalltau": -0.07849557896914498, "pearsonr": 0.002707993161352737, "spearmanr": -0.09599980991236996}, "total_time": 7.9865, "epochs": 50}