{"arquitecture": "D", "trainable_params": 19649, "non_trainable_params": 0, "train_metrics": {"mse": 0.00010404501404360807, "mae": 0.002327951157317058, "r2_score": -1.182806891620554, "kendalltau": -0.012047890164480891, "pearsonr": 0.003329028383067877, "spearmanr": -0.014799429344407105}, "test_metrics": {"mse": 0.0001737657060162068, "mae": 0.0022611200281954335, "r2": -1112.3343305429128, "kendalltau": 0.03168820022126311, "pearsonr": 0.006984523142029116, "spearmanr": 0.038867035163279426}, "total_time": 28.4443, "epochs": 100}