{"arquitecture": "D", "trainable_params": 19649, "non_trainable_params": 0, "train_metrics": {"mse": 9.97009297510464e-05, "mae": 0.002164714223312451, "r2_score": -1.091670404026733, "kendalltau": -0.04853936859067939, "pearsonr": -0.00629725065666981, "spearmanr": -0.06023005326052924}, "test_metrics": {"mse": 2.9788971781954413e-05, "mae": 0.0014766779448854247, "r2": -189.86093405180128, "kendalltau": -0.08690296609446421, "pearsonr": -0.01380654912794871, "spearmanr": -0.10801263267392942}, "total_time": 26.2011, "epochs": 100}