{"arquitecture": "D", "trainable_params": 20737, "non_trainable_params": 0, "train_metrics": {"mse": 2413489.91055294, "mae": 581.2543050592737, "r2_score": -50633684448.34415, "kendalltau": 0.042213235308067386, "pearsonr": 0.006192692783256912, "spearmanr": 0.05468466171206659}, "test_metrics": {"mse": 2486818.5408219537, "mae": 579.4687388990493, "r2": -15933296153783.713, "kendalltau": -0.05259780288125214, "pearsonr": 0.010276653796841003, "spearmanr": -0.06766528110030713}, "total_time": 9.5617, "epochs": 50}