{"arquitecture": "B", "trainable_params": 132881, "non_trainable_params": 0, "train_metrics": {"mse": 4.8505138741453694e-05, "mae": 0.0009162099281304957, "r2_score": -0.01761100324788445, "kendalltau": -0.015754481250310037, "pearsonr": -0.00534195415525789, "spearmanr": -0.019271516533453208}, "test_metrics": {"mse": 5.854037208432248e-07, "mae": 0.0006552303827445171, "r2": -2.7507404342576907, "kendalltau": -0.07032215805583308, "pearsonr": -0.016530212088544785, "spearmanr": -0.08597258865528476}, "total_time": 21.031, "epochs": 100}