{"arquitecture": "C", "trainable_params": 19649, "non_trainable_params": 0, "train_metrics": {"mse": 6.142045829494982e-05, "mae": 0.0031896001431721568, "r2_score": -0.28856726951391765, "kendalltau": 0.007720428048720867, "pearsonr": -0.002425125510378945, "spearmanr": 0.010212149028208115}, "test_metrics": {"mse": 1.2547702463479894e-05, "mae": 0.002970890977564573, "r2": -79.39438990756385, "kendalltau": -0.03485222641589459, "pearsonr": 0.00013885581717527253, "spearmanr": -0.04615588468425925}, "total_time": 8.5735, "epochs": 50}