{"arquitecture": "A", "trainable_params": 132881, "non_trainable_params": 0, "train_metrics": {"mse": 5.013536449806454e-05, "mae": 0.0021484247222747386, "r2_score": -0.05181223863755968, "kendalltau": 0.015754481250310037, "pearsonr": 0.00534195415525789, "spearmanr": 0.019271516533453208}, "test_metrics": {"mse": 0.00020949705082004452, "mae": 0.0025163669324811716, "r2": -1341.2686453660478, "kendalltau": 0.04128844065737545, "pearsonr": -0.003919884410226137, "spearmanr": 0.05054326033220405}, "total_time": 20.302, "epochs": 100}