{"arquitecture": "A", "trainable_params": 206609, "non_trainable_params": 0, "train_metrics": {"mse": 0.0011936949614238857, "mae": 0.01535153115568897, "r2_score": -24.04306056604221, "kendalltau": -0.0372081355150693, "pearsonr": 0.008879347590920503, "spearmanr": -0.05685907086267897}, "test_metrics": {"mse": 0.001323957887685341, "mae": 0.016774336687049442, "r2": -8481.731157641023, "kendalltau": -0.03524125990653732, "pearsonr": -0.011782434569706611, "spearmanr": -0.05203051618189167}, "total_time": 8.6863, "epochs": 50}