{"arquitecture": "B", "trainable_params": 132881, "non_trainable_params": 0, "train_metrics": {"mse": 5.614041961478334e-05, "mae": 0.0034764689298210213, "r2_score": -0.17779497614616524, "kendalltau": 0.015754481250310037, "pearsonr": 0.00534195415525789, "spearmanr": 0.019271516533453208}, "test_metrics": {"mse": 1.0218403170688172e-05, "mae": 0.0031889251003425494, "r2": -64.47033539629867, "kendalltau": 0.07032215805583308, "pearsonr": 0.016530212088544785, "spearmanr": 0.08597258865528476}, "total_time": 6.264, "epochs": 50}