{"arquitecture": "A", "trainable_params": 132881, "non_trainable_params": 0, "train_metrics": {"mse": 4.8773669568304876e-05, "mae": 0.0016367405558978265, "r2_score": -0.023244631585112252, "kendalltau": 0.015754481250310037, "pearsonr": 0.005341954155257891, "spearmanr": 0.019271516533453208}, "test_metrics": {"mse": 1.881574278519826e-06, "mae": 0.001359944122680275, "r2": -11.055435377722082, "kendalltau": 0.07032215805583308, "pearsonr": 0.01653021208854479, "spearmanr": 0.08597258865528476}, "total_time": 7.9764, "epochs": 50}