{"arquitecture": "B", "trainable_params": 132881, "non_trainable_params": 0, "train_metrics": {"mse": 4.804412176261757e-05, "mae": 0.001206358172217134, "r2_score": -0.007939121824178663, "kendalltau": -0.015754481250310037, "pearsonr": -0.005341954155257892, "spearmanr": -0.019271516533453208}, "test_metrics": {"mse": 9.236988785667599e-07, "mae": 0.0009312024968598052, "r2": -4.918231486346605, "kendalltau": -0.07032215805583308, "pearsonr": -0.016530212088544792, "spearmanr": -0.08597258865528476}, "total_time": 6.4377, "epochs": 50}