{"arquitecture": "C", "trainable_params": 19649, "non_trainable_params": 0, "train_metrics": {"mse": 4.913610513902155e-05, "mae": 0.0017229538903787201, "r2_score": -0.030848329549891362, "kendalltau": -0.011460971765507392, "pearsonr": 0.0015733061040483739, "spearmanr": -0.014051607923077731}, "test_metrics": {"mse": 2.177597769538229e-06, "mae": 0.001437293224182848, "r2": -12.952087615691354, "kendalltau": -0.009476740967998038, "pearsonr": 0.007259954823638392, "spearmanr": -0.011737062657159974}, "total_time": 9.2239, "epochs": 50}