{"arquitecture": "B", "trainable_params": 132881, "non_trainable_params": 0, "train_metrics": {"mse": 5.2610505703023896e-05, "mae": 0.0022236922460993837, "r2_score": -0.10373933317045902, "kendalltau": -0.015754481250310037, "pearsonr": -0.00534195415525789, "spearmanr": -0.019271516533453208}, "test_metrics": {"mse": 4.008317680936758e-06, "mae": 0.0019627125974959413, "r2": -24.68169395572696, "kendalltau": -0.07032215805583308, "pearsonr": -0.016530212088544785, "spearmanr": -0.08597258865528476}, "total_time": 6.3729, "epochs": 50}