{"arquitecture": "B", "trainable_params": 206609, "non_trainable_params": 0, "train_metrics": {"mse": 6.28874413619996e-05, "mae": 0.004059570430249386, "r2_score": -0.31934376349665494, "kendalltau": -0.045301033634911114, "pearsonr": 0.028581425070065537, "spearmanr": -0.06729746463862175}, "test_metrics": {"mse": 2.473910810356981e-05, "mae": 0.0038564341863012775, "r2": -157.50595028312296, "kendalltau": -0.01837977061668716, "pearsonr": 0.02412054851012167, "spearmanr": -0.02917151015384842}, "total_time": 7.4161, "epochs": 50}