{"arquitecture": "A", "trainable_params": 206609, "non_trainable_params": 0, "train_metrics": {"mse": 0.001682779551674915, "mae": 0.01825294461555265, "r2_score": -34.30378496498276, "kendalltau": 0.013462905131702256, "pearsonr": 0.042652509889446764, "spearmanr": 0.020131685622204958}, "test_metrics": {"mse": 0.002409856421120201, "mae": 0.021601338691364724, "r2": -15439.192123192375, "kendalltau": -0.0041354170184111335, "pearsonr": 0.08247665751161005, "spearmanr": -0.006306838949603197}, "total_time": 9.0001, "epochs": 50}