{"arquitecture": "B", "trainable_params": 132881, "non_trainable_params": 0, "train_metrics": {"mse": 7.044761824194144e-05, "mae": 0.0047759306915791735, "r2_score": -0.4779520961217132, "kendalltau": -0.01643985186607287, "pearsonr": 0.02454591648251253, "spearmanr": -0.020332411105674398}, "test_metrics": {"mse": 2.0409282522715916e-05, "mae": 0.004498152119471023, "r2": -129.764322922095, "kendalltau": -0.02623025783705546, "pearsonr": -0.04662454501212034, "spearmanr": -0.032895542417684324}, "total_time": 21.1276, "epochs": 100}