{"arquitecture": "B", "trainable_params": 206609, "non_trainable_params": 0, "train_metrics": {"mse": 9.649386813071109e-05, "mae": 0.006837145318381595, "r2_score": -1.024388023692913, "kendalltau": -0.07737790256722722, "pearsonr": -0.03460763607348325, "spearmanr": -0.1165847174573186}, "test_metrics": {"mse": 5.12349639787555e-05, "mae": 0.006528397036592425, "r2": -327.2675599773285, "kendalltau": -0.048950179249237745, "pearsonr": -0.039079123087472016, "spearmanr": -0.07402627770251417}, "total_time": 7.4011, "epochs": 50}