{"arquitecture": "C", "trainable_params": 20737, "non_trainable_params": 0, "train_metrics": {"mse": 1482053.4931884632, "mae": 844.140483057585, "r2_score": -31092663193.0883, "kendalltau": -0.026811711463410184, "pearsonr": -0.06425857878493212, "spearmanr": -0.039185193519286066}, "test_metrics": {"mse": 12960612.258015145, "mae": 1001.5447795856205, "r2": -83039944431599.02, "kendalltau": -0.018587694739821334, "pearsonr": -0.028587197385430297, "spearmanr": -0.02813075417500483}, "total_time": 10.2957, "epochs": 50}