{"arquitecture": "A", "trainable_params": 132881, "non_trainable_params": 0, "train_metrics": {"mse": 0.00016674691249029806, "mae": 0.005469680266049005, "r2_score": -2.4982580672988304, "kendalltau": -0.03519498292442686, "pearsonr": 0.004017943744818797, "spearmanr": -0.04319857266862719}, "test_metrics": {"mse": 0.0006332214417642389, "mae": 0.006021678772284664, "r2": -4056.1133747544754, "kendalltau": -0.012905138533873078, "pearsonr": 0.009151567294044073, "spearmanr": -0.015984484240608325}, "total_time": 22.2407, "epochs": 100}