{"arquitecture": "D", "trainable_params": 19649, "non_trainable_params": 0, "train_metrics": {"mse": 5.018721294128162e-05, "mae": 0.0014425825533033153, "r2_score": -0.0528999903209475, "kendalltau": -0.0070093773475082026, "pearsonr": -0.00014904570321287372, "spearmanr": -0.008572816295949323}, "test_metrics": {"mse": 1.8502312086634265e-06, "mae": 0.0011782522534838171, "r2": -10.854617181222022, "kendalltau": 0.06091070417459827, "pearsonr": 0.005829674340603523, "spearmanr": 0.07446658435238541}, "total_time": 8.2567, "epochs": 50}