{"arquitecture": "B", "trainable_params": 206609, "non_trainable_params": 0, "train_metrics": {"mse": 0.0002264073432626077, "mae": 0.01207947071272642, "r2_score": -3.74990093210989, "kendalltau": -0.035866353177478105, "pearsonr": -0.05888124345981874, "spearmanr": -0.05411739446246779}, "test_metrics": {"mse": 0.00016857205545947956, "mae": 0.011425720714357114, "r2": -1079.058089803509, "kendalltau": -0.0025014430092367983, "pearsonr": -0.06196743848278752, "spearmanr": -0.004784572273408565}, "total_time": 7.6667, "epochs": 50}