{"arquitecture": "A", "trainable_params": 206609, "non_trainable_params": 0, "train_metrics": {"mse": 0.001862925393111303, "mae": 0.024586426978383685, "r2_score": -38.08314515632571, "kendalltau": -0.008609041543479154, "pearsonr": 0.01809084617001684, "spearmanr": -0.013268093949375136}, "test_metrics": {"mse": 0.002332155281600096, "mae": 0.02612987244598792, "r2": -14941.353118400662, "kendalltau": 1.6852252804908047e-05, "pearsonr": 0.03369690600268884, "spearmanr": 0.001963168037121976}, "total_time": 8.7926, "epochs": 50}