{"arquitecture": "C", "trainable_params": 20737, "non_trainable_params": 0, "train_metrics": {"mse": 57048.871511660596, "mae": 167.666576880945, "r2_score": -1196853793.8645551, "kendalltau": -0.03655775538485591, "pearsonr": 0.03792572581391463, "spearmanr": -0.05470547970679647}, "test_metrics": {"mse": 75162.37478094603, "mae": 167.9086574466277, "r2": -481572884126.98376, "kendalltau": -0.059637275239091465, "pearsonr": 0.015312559123986423, "spearmanr": -0.08857083417220031}, "total_time": 10.4792, "epochs": 50}