{"arquitecture": "B", "trainable_params": 132881, "non_trainable_params": 0, "train_metrics": {"mse": 6.0667747564729304e-05, "mae": 0.004166274710266627, "r2_score": -0.2727758143978327, "kendalltau": 0.015754481250310037, "pearsonr": 0.00534195415525789, "spearmanr": 0.019271516533453208}, "test_metrics": {"mse": 1.5108334490436727e-05, "mae": 0.0038759736160566436, "r2": -95.80061648044604, "kendalltau": 0.07032215805583308, "pearsonr": 0.016530212088544785, "spearmanr": 0.08597258865528476}, "total_time": 21.4164, "epochs": 100}