{"arquitecture": "A", "trainable_params": 132881, "non_trainable_params": 0, "train_metrics": {"mse": 5.185686356298704e-05, "mae": 0.0008203664656144677, "r2_score": -0.08792833759119345, "kendalltau": 0.006133670739506378, "pearsonr": 0.0012270986670733827, "spearmanr": 0.007488817126232505}, "test_metrics": {"mse": 3.3381193175638985e-07, "mae": 0.0004883009572722979, "r2": -1.1387665730462038, "kendalltau": 0.07032215805583308, "pearsonr": 0.016530212088544792, "spearmanr": 0.08597258865528476}, "total_time": 7.8867, "epochs": 50}