{"arquitecture": "B", "trainable_params": 132881, "non_trainable_params": 0, "train_metrics": {"mse": 0.0006819217493798152, "mae": 0.005139620780271125, "r2_score": -13.306341421303792, "kendalltau": 0.014069340812105847, "pearsonr": -0.002912695695185908, "spearmanr": 0.017215898813980737}, "test_metrics": {"mse": 0.0008000041901192349, "mae": 0.005224850051562374, "r2": -5124.707194231134, "kendalltau": -0.040856197379949916, "pearsonr": -0.008902357605644557, "spearmanr": -0.05012948959143084}, "total_time": 6.3272, "epochs": 50}