{"arquitecture": "D", "trainable_params": 20737, "non_trainable_params": 0, "train_metrics": {"mse": 78581883.67591022, "mae": 3390.4361901172274, "r2_score": -1648604489325.217, "kendalltau": -0.07231424744319295, "pearsonr": 0.018449585451858833, "spearmanr": -0.09803116008076895}, "test_metrics": {"mse": 76898070.90270482, "mae": 3412.8714625417697, "r2": -492693663504115.9, "kendalltau": -0.10166979149571898, "pearsonr": 0.013513620293021302, "spearmanr": -0.135401055165545}, "total_time": 9.3663, "epochs": 50}