{"arquitecture": "A", "trainable_params": 132881, "non_trainable_params": 0, "train_metrics": {"mse": 5.384699277550879e-05, "mae": 0.002486220863021281, "r2_score": -0.12968014857645738, "kendalltau": -0.014227586766896236, "pearsonr": -0.005079203502113708, "spearmanr": -0.017443545453828656}, "test_metrics": {"mse": 5.120057617820719e-06, "mae": 0.0022274717530746694, "r2": -31.804723388548894, "kendalltau": -0.05298821352084703, "pearsonr": -0.0018152774897792147, "spearmanr": -0.06499508583640207}, "total_time": 21.3779, "epochs": 100}