{"arquitecture": "C", "trainable_params": 19649, "non_trainable_params": 0, "train_metrics": {"mse": 4.9415834863277164e-05, "mae": 0.0008341116488556032, "r2_score": -0.036716904565320174, "kendalltau": -0.006474134126739303, "pearsonr": -0.0032236114665792404, "spearmanr": -0.00807481216275974}, "test_metrics": {"mse": 2.9141720542354684e-06, "mae": 0.0006223826464005916, "r2": -17.671393035323703, "kendalltau": -0.08624554132294229, "pearsonr": -0.01326886217775559, "spearmanr": -0.10602823128756896}, "total_time": 23.9103, "epochs": 100}