{"arquitecture": "C", "trainable_params": 19649, "non_trainable_params": 0, "train_metrics": {"mse": 0.0005299808924659848, "mae": 0.005266781000311633, "r2_score": -10.118706217071564, "kendalltau": 0.012289180191303473, "pearsonr": -0.0009779642765647845, "spearmanr": 0.015091436672756158}, "test_metrics": {"mse": 0.0002881356289066951, "mae": 0.005216596953419452, "r2": -1845.113913204927, "kendalltau": 0.041439840897633654, "pearsonr": -0.001016785626262387, "spearmanr": 0.050805184343220594}, "total_time": 8.7833, "epochs": 50}