{"arquitecture": "C", "trainable_params": 19649, "non_trainable_params": 0, "train_metrics": {"mse": 0.00030826427335932713, "mae": 0.008267511880626873, "r2_score": -5.467214085310411, "kendalltau": 0.009466119199165386, "pearsonr": 0.002220342240836301, "spearmanr": 0.013707876684564394}, "test_metrics": {"mse": 0.0005012972222801645, "mae": 0.008845071477804705, "r2": -3210.8616507578, "kendalltau": 0.021328155455063374, "pearsonr": 0.0013107782272109656, "spearmanr": 0.033952978474108754}, "total_time": 26.3735, "epochs": 100}