{"arquitecture": "C", "trainable_params": 19649, "non_trainable_params": 0, "train_metrics": {"mse": 0.00020405991495444219, "mae": 0.009617237555635585, "r2_score": -3.2810642370558156, "kendalltau": 0.03620781465709789, "pearsonr": -0.0013749403097858919, "spearmanr": 0.045007784741401005}, "test_metrics": {"mse": 8.766072605520891e-05, "mae": 0.008971648760440022, "r2": -560.6510760096651, "kendalltau": 0.036990227931411296, "pearsonr": 0.006003082556256139, "spearmanr": 0.045293593232212}, "total_time": 28.605, "epochs": 100}