{"arquitecture": "B", "trainable_params": 132881, "non_trainable_params": 0, "train_metrics": {"mse": 5.1634268542114416e-05, "mae": 0.0019921267549735566, "r2_score": -0.08325841707585258, "kendalltau": -0.015754481250310037, "pearsonr": -0.005341954155257891, "spearmanr": -0.019271516533453208}, "test_metrics": {"mse": 3.152946489647108e-06, "mae": 0.0017311468311235441, "r2": -19.201244824231843, "kendalltau": -0.07032215805583308, "pearsonr": -0.016530212088544795, "spearmanr": -0.08597258865528476}, "total_time": 6.496, "epochs": 50}