{"arquitecture": "A", "trainable_params": 132881, "non_trainable_params": 0, "train_metrics": {"mse": 4.804639472411609e-05, "mae": 0.0006170058560943317, "r2_score": -0.007986807300210286, "kendalltau": -0.015754481250310037, "pearsonr": -0.00534195415525789, "spearmanr": -0.019271516533453208}, "test_metrics": {"mse": 2.8283160098783823e-07, "mae": 0.0003560262074908894, "r2": -0.8121304736206478, "kendalltau": -0.07032215805583308, "pearsonr": -0.01653021208854479, "spearmanr": -0.08597258865528476}, "total_time": 7.9121, "epochs": 50}