{"arquitecture": "B", "trainable_params": 132881, "non_trainable_params": 0, "train_metrics": {"mse": 4.772639419340423e-05, "mae": 0.0008442530494367592, "r2_score": -0.0012733730219722794, "kendalltau": -0.015754481250310037, "pearsonr": -0.00534195415525789, "spearmanr": -0.019271516533453208}, "test_metrics": {"mse": 4.1347591127031686e-07, "mae": 0.0005713729892769232, "r2": -1.649181690815472, "kendalltau": -0.07032215805583308, "pearsonr": -0.016530212088544785, "spearmanr": -0.08597258865528476}, "total_time": 21.3816, "epochs": 100}