{"arquitecture": "C", "trainable_params": 20737, "non_trainable_params": 0, "train_metrics": {"mse": 5271055.325205971, "mae": 1511.6216364725142, "r2_score": -110583827544.55125, "kendalltau": 0.020012145936820144, "pearsonr": -0.033013213877092176, "spearmanr": 0.03155809246542746}, "test_metrics": {"mse": 6492243.769410327, "mae": 1559.0440136511147, "r2": -41596457876812.14, "kendalltau": -0.02212499958382902, "pearsonr": -0.021334749447819226, "spearmanr": -0.031827313998999816}, "total_time": 9.7252, "epochs": 50}