{"arquitecture": "B", "trainable_params": 206609, "non_trainable_params": 0, "train_metrics": {"mse": 0.00020597313558983724, "mae": 0.010139452237493251, "r2_score": -3.321202548598362, "kendalltau": 0.07259499119016262, "pearsonr": 0.015017307688133036, "spearmanr": 0.10870738736854879}, "test_metrics": {"mse": 0.00018784224437077754, "mae": 0.01024025621332855, "r2": -1202.5241255527862, "kendalltau": 0.04818536395250322, "pearsonr": 0.038006538596078956, "spearmanr": 0.07234742836913909}, "total_time": 7.5441, "epochs": 50}