{"arquitecture": "A", "trainable_params": 132881, "non_trainable_params": 0, "train_metrics": {"mse": 5.874962394144272e-05, "mae": 0.000550848074122988, "r2_score": -0.2325346408790776, "kendalltau": 0.024835651879593728, "pearsonr": 2.7181483576265556e-06, "spearmanr": 0.030426500343657036}, "test_metrics": {"mse": 0.0003187338496096323, "mae": 0.0009373067444414781, "r2": -2041.1597863700936, "kendalltau": 0.007893395789364786, "pearsonr": 0.005821647661897947, "spearmanr": 0.009650097324283208}, "total_time": 22.7502, "epochs": 100}