{"arquitecture": "A", "trainable_params": 132881, "non_trainable_params": 0, "train_metrics": {"mse": 4.819531129255945e-05, "mae": 0.0013170308521452917, "r2_score": -0.011110994603778845, "kendalltau": 0.015754481250310037, "pearsonr": 0.005341954155257891, "spearmanr": 0.019271516533453208}, "test_metrics": {"mse": 1.1336539048733758e-06, "mae": 0.0010414801063949317, "r2": -6.26343442665172, "kendalltau": 0.07032215805583308, "pearsonr": 0.01653021208854479, "spearmanr": 0.08597258865528476}, "total_time": 23.1871, "epochs": 100}