{"arquitecture": "B", "trainable_params": 206609, "non_trainable_params": 0, "train_metrics": {"mse": 0.00013035791367183768, "mae": 0.008654823433307889, "r2_score": -1.7348369833551422, "kendalltau": 0.05745505862815202, "pearsonr": -0.03186835385427782, "spearmanr": 0.08644445926778335}, "test_metrics": {"mse": 7.872439880684139e-05, "mae": 0.00845877873558576, "r2": -503.3951298125155, "kendalltau": 0.04346599910101875, "pearsonr": -0.006866968539681117, "spearmanr": 0.06495512163086171}, "total_time": 6.9127, "epochs": 50}