{"arquitecture": "A", "trainable_params": 206609, "non_trainable_params": 0, "train_metrics": {"mse": 0.003030849893797381, "mae": 0.02992962430935986, "r2_score": -62.585555698762306, "kendalltau": -0.03624969093823904, "pearsonr": 0.04045535897361664, "spearmanr": -0.053812722711536504}, "test_metrics": {"mse": 0.005192765193705858, "mae": 0.03557419187003699, "r2": -33269.56812960459, "kendalltau": -0.04561726754188483, "pearsonr": 0.06805091798810803, "spearmanr": -0.06843063491333211}, "total_time": 9.1283, "epochs": 50}