{"arquitecture": "C", "trainable_params": 20737, "non_trainable_params": 0, "train_metrics": {"mse": 1983528676.896836, "mae": 30723.146974141826, "r2_score": -41613335395799.28, "kendalltau": -0.014460719835658959, "pearsonr": -0.010940173313999721, "spearmanr": -0.020445524482725186}, "test_metrics": {"mse": 1643388960.2624948, "mae": 27685.581114879056, "r2": -1.0529358121589368e+16, "kendalltau": -0.043399361574218094, "pearsonr": -0.07465862493180095, "spearmanr": -0.06454164643505297}, "total_time": 10.3006, "epochs": 50}