{"arquitecture": "A", "trainable_params": 132881, "non_trainable_params": 0, "train_metrics": {"mse": 7.597671305466766e-05, "mae": 0.0021717188766754146, "r2_score": -0.5939494495036237, "kendalltau": 0.004687513024341409, "pearsonr": 0.0015621698295070526, "spearmanr": 0.005712866853242024}, "test_metrics": {"mse": 3.241721982153585e-05, "mae": 0.0021268290976763533, "r2": -206.70038320855954, "kendalltau": 0.08682663390535812, "pearsonr": 0.008347292748342379, "spearmanr": 0.10679684276878816}, "total_time": 7.7765, "epochs": 50}