{"arquitecture": "A", "trainable_params": 206609, "non_trainable_params": 0, "train_metrics": {"mse": 0.006245055826021709, "mae": 0.04676009526260445, "r2_score": -130.01781974753584, "kendalltau": 0.0053745594905142795, "pearsonr": -0.0147241102161937, "spearmanr": 0.008407147065652943}, "test_metrics": {"mse": 0.006744918946429419, "mae": 0.04761726222826651, "r2": -43214.37311331628, "kendalltau": 0.011151260879144736, "pearsonr": -0.04583322492808526, "spearmanr": 0.01645686593524689}, "total_time": 8.5872, "epochs": 50}