{"arquitecture": "A", "trainable_params": 206609, "non_trainable_params": 0, "train_metrics": {"mse": 0.0016432983540651967, "mae": 0.020438382285680214, "r2_score": -33.475491259377556, "kendalltau": 0.018172324068091637, "pearsonr": 0.0017353743402703011, "spearmanr": 0.02736212352965373}, "test_metrics": {"mse": 0.0037582455693574122, "mae": 0.027620316258551096, "r2": -24078.45682093422, "kendalltau": 0.014967491016330894, "pearsonr": -0.01558868738202513, "spearmanr": 0.02174246053211519}, "total_time": 8.9447, "epochs": 50}