{"arquitecture": "A", "trainable_params": 132881, "non_trainable_params": 0, "train_metrics": {"mse": 4.85280907902307e-05, "mae": 0.0009286510007434966, "r2_score": -0.01809252454621668, "kendalltau": -0.015754481250310037, "pearsonr": -0.00534195415525789, "spearmanr": -0.019271516533453208}, "test_metrics": {"mse": 0.0002911952923574551, "mae": 0.0014380807485175754, "r2": -1864.7174842301602, "kendalltau": -0.06878189240381337, "pearsonr": -0.005821649499405865, "spearmanr": -0.08426920697588923}, "total_time": 22.3708, "epochs": 100}