{"arquitecture": "C", "trainable_params": 20737, "non_trainable_params": 0, "train_metrics": {"mse": 82319597.70675984, "mae": 3051.8958200728866, "r2_score": -1727019663953.6316, "kendalltau": 0.0009814582763591963, "pearsonr": 0.05006828907600462, "spearmanr": 0.001772825816622157}, "test_metrics": {"mse": 44891672.552132934, "mae": 2359.298789393882, "r2": -287625454720731.3, "kendalltau": 0.03382390023468867, "pearsonr": -0.03237217743138183, "spearmanr": 0.04517881983244752}, "total_time": 10.3168, "epochs": 50}