{"arquitecture": "B", "trainable_params": 206609, "non_trainable_params": 0, "train_metrics": {"mse": 7.154149910534473e-05, "mae": 0.0026542129746365685, "r2_score": -0.5009011120759785, "kendalltau": 0.021620962634414136, "pearsonr": 0.013927124375230013, "spearmanr": 0.033692378456833}, "test_metrics": {"mse": 2.949705146565727e-05, "mae": 0.002583006991267483, "r2": -187.990571266372, "kendalltau": 0.05355248148435919, "pearsonr": 0.028980682576163777, "spearmanr": 0.08151286896085788}, "total_time": 7.4632, "epochs": 50}