{"arquitecture": "C", "trainable_params": 20737, "non_trainable_params": 0, "train_metrics": {"mse": 318743.7669358905, "mae": 247.5500886778046, "r2_score": -6687068067.799023, "kendalltau": -0.046213759397502045, "pearsonr": 0.002979355251824941, "spearmanr": -0.07016206173203192}, "test_metrics": {"mse": 1217810.4175392468, "mae": 320.7492316111018, "r2": -7802633655530.469, "kendalltau": -0.021804957716990227, "pearsonr": -0.005576121959537408, "spearmanr": -0.0334529164266976}, "total_time": 10.3812, "epochs": 50}