{"arquitecture": "B", "trainable_params": 132881, "non_trainable_params": 0, "train_metrics": {"mse": 5.019903986714502e-05, "mae": 0.0015916474573739196, "r2_score": -0.05314811268912245, "kendalltau": -0.015754481250310037, "pearsonr": -0.00534195415525789, "spearmanr": -0.019271516533453208}, "test_metrics": {"mse": 1.9267538915253722e-06, "mae": 0.0013306678775821198, "r2": -11.34490569584703, "kendalltau": -0.07032215805583308, "pearsonr": -0.016530212088544785, "spearmanr": -0.08597258865528476}, "total_time": 19.2677, "epochs": 100}