{"arquitecture": "D", "trainable_params": 20737, "non_trainable_params": 0, "train_metrics": {"mse": 109427.98588715507, "mae": 225.62043826894356, "r2_score": -2295738664.867507, "kendalltau": 0.08530039428985, "pearsonr": -0.01141311506313049, "spearmanr": 0.1277289777010339}, "test_metrics": {"mse": 168966.5405043675, "mae": 259.00064255097976, "r2": -1082585595105.0715, "kendalltau": 0.10291030449745214, "pearsonr": 0.0321546599064928, "spearmanr": 0.15426523542540807}, "total_time": 9.7149, "epochs": 50}