{"arquitecture": "D", "trainable_params": 20737, "non_trainable_params": 0, "train_metrics": {"mse": 8901.573165950591, "mae": 25.885256833837303, "r2_score": -186750084.35015175, "kendalltau": 0.012061660336262976, "pearsonr": -0.004871345162935203, "spearmanr": 0.01622652022175149}, "test_metrics": {"mse": 7989.726147573561, "mae": 23.51511770240176, "r2": -51190977871.8167, "kendalltau": 0.07192957550885043, "pearsonr": 0.009473443843187275, "spearmanr": 0.0921958794089541}, "total_time": 9.7346, "epochs": 50}