{"arquitecture": "B", "trainable_params": 132881, "non_trainable_params": 0, "train_metrics": {"mse": 5.1582025595819486e-05, "mae": 0.0019799677796404763, "r2_score": -0.08216238893592309, "kendalltau": 0.004338719062046682, "pearsonr": 0.019366589548010613, "spearmanr": 0.005514551486109252}, "test_metrics": {"mse": 3.111789633182675e-06, "mae": 0.0017192947456095196, "r2": -18.93754871128993, "kendalltau": -0.057591602267208115, "pearsonr": 0.04094881385708827, "spearmanr": -0.07457489239137911}, "total_time": 6.2862, "epochs": 50}