{"arquitecture": "C", "trainable_params": 20737, "non_trainable_params": 0, "train_metrics": {"mse": 67.70651434769381, "mae": 1.2469611170915564, "r2_score": -1420444.2513583119, "kendalltau": 0.001197606123101261, "pearsonr": -0.0003297288266231586, "spearmanr": 0.0015287291982947517}, "test_metrics": {"mse": 151925.92028542777, "mae": 18.661282151258387, "r2": -973404629893.6747, "kendalltau": 0.013012461941470346, "pearsonr": 0.005790324580661574, "spearmanr": 0.016366115684156662}, "total_time": 10.3765, "epochs": 50}