{"arquitecture": "B", "trainable_params": 206609, "non_trainable_params": 0, "train_metrics": {"mse": 5.539682066553291e-05, "mae": 0.0022650457462244445, "r2_score": -0.1621946811589845, "kendalltau": -0.07367512202580234, "pearsonr": 0.017299588473386498, "spearmanr": -0.11141565257846951}, "test_metrics": {"mse": 6.7761904092647e-06, "mae": 0.0019737878077787266, "r2": -42.415732516440215, "kendalltau": -0.06475088528457518, "pearsonr": 0.013241218472852383, "spearmanr": -0.09874751256358362}, "total_time": 7.3831, "epochs": 50}