{"arquitecture": "B", "trainable_params": 132881, "non_trainable_params": 0, "train_metrics": {"mse": 8.635143994190254e-05, "mae": 0.0062197863068856616, "r2_score": -0.8116054857519901, "kendalltau": -0.015754481250310037, "pearsonr": -0.00534195415525789, "spearmanr": -0.019271516533453208}, "test_metrics": {"mse": 3.5663454501955535e-05, "mae": 0.005958806727093862, "r2": -227.49933484043768, "kendalltau": -0.07032215805583308, "pearsonr": -0.016530212088544785, "spearmanr": -0.08597258865528476}, "total_time": 19.9089, "epochs": 100}