{"arquitecture": "B", "trainable_params": 132881, "non_trainable_params": 0, "train_metrics": {"mse": 4.7572689047312546e-05, "mae": 0.00046692362052502606, "r2_score": 0.0019512759941338054, "kendalltau": -0.06594817546311449, "pearsonr": 0.24599284908505553, "spearmanr": -0.08108251131504561}, "test_metrics": {"mse": 1.7704638043735317e-07, "mae": 0.00020495321400281556, "r2": -0.13435394105256981, "kendalltau": -0.03736585325347126, "pearsonr": 0.30350045542613296, "spearmanr": -0.04576859936168946}, "total_time": 6.4201, "epochs": 50}