{"arquitecture": "D", "trainable_params": 19649, "non_trainable_params": 0, "train_metrics": {"mse": 5.0162444636734744e-05, "mae": 0.0011575031720372833, "r2_score": -0.05238036498036136, "kendalltau": -0.07541548501926786, "pearsonr": 0.0007626526890048472, "spearmanr": -0.09361398578547733}, "test_metrics": {"mse": 3.466706935858449e-06, "mae": 0.0008475491556443561, "r2": -21.211539515527075, "kendalltau": -0.025491418838297086, "pearsonr": -0.00046876450859287223, "spearmanr": -0.031071846627398307}, "total_time": 24.4123, "epochs": 100}