{"arquitecture": "B", "trainable_params": 132881, "non_trainable_params": 0, "train_metrics": {"mse": 4.819708371008807e-05, "mae": 0.0007289610249218603, "r2_score": -0.011148178943959364, "kendalltau": -0.015754481250310037, "pearsonr": -0.005341954155257889, "spearmanr": -0.019271516533453208}, "test_metrics": {"mse": 3.7508344969843797e-07, "mae": 0.0004679811010718479, "r2": -1.4031973335911778, "kendalltau": -0.07032215805583308, "pearsonr": -0.016530212088544792, "spearmanr": -0.08597258865528476}, "total_time": 21.5267, "epochs": 100}