{"arquitecture": "C", "trainable_params": 19649, "non_trainable_params": 0, "train_metrics": {"mse": 4.809404281808105e-05, "mae": 0.0011951103848343852, "r2_score": -0.008986437977713813, "kendalltau": -0.007614624514859241, "pearsonr": -0.0013939256679219242, "spearmanr": -0.00933550413460402}, "test_metrics": {"mse": 9.582331277088268e-07, "mae": 0.0009225458516203064, "r2": -5.1394958890348965, "kendalltau": -0.050649289648424044, "pearsonr": -0.005829573484227633, "spearmanr": -0.06192145783081725}, "total_time": 24.4172, "epochs": 100}