{"arquitecture": "A", "trainable_params": 132881, "non_trainable_params": 0, "train_metrics": {"mse": 4.771581529444906e-05, "mae": 0.0003880723323673614, "r2_score": -0.0010514335685793963, "kendalltau": 0.015754481250310037, "pearsonr": 0.005341954155257893, "spearmanr": 0.019271516533453208}, "test_metrics": {"mse": 1.5745393657910645e-07, "mae": 0.0001244871699069217, "r2": -0.008823185492630614, "kendalltau": 0.07032215805583308, "pearsonr": 0.01653021208854479, "spearmanr": 0.08597258865528476}, "total_time": 21.0286, "epochs": 100}