{"arquitecture": "A", "trainable_params": 206609, "non_trainable_params": 0, "train_metrics": {"mse": 0.002051606548319641, "mae": 0.02250683268180358, "r2_score": -42.04157151335489, "kendalltau": -0.05102267911027739, "pearsonr": 0.0008676764964026572, "spearmanr": -0.07576450815835709}, "test_metrics": {"mse": 0.0022396201457766194, "mae": 0.023418716000847592, "r2": -14348.47120944609, "kendalltau": 0.031113925960930593, "pearsonr": 0.03191507367727417, "spearmanr": 0.047645394596342025}, "total_time": 8.7048, "epochs": 50}