{"arquitecture": "D", "trainable_params": 19649, "non_trainable_params": 0, "train_metrics": {"mse": 5.804169526463357e-05, "mae": 0.0017452479493251548, "r2_score": -0.21768268849366912, "kendalltau": 0.011829193475238205, "pearsonr": -0.0010410736479595992, "spearmanr": 0.015668527235139392}, "test_metrics": {"mse": 7.317563737090587e-06, "mae": 0.0013530952473407077, "r2": -45.88436580045891, "kendalltau": 0.05282856038709891, "pearsonr": 0.017751076545933872, "spearmanr": 0.07095683417240338}, "total_time": 8.2828, "epochs": 50}