{"arquitecture": "A", "trainable_params": 132881, "non_trainable_params": 0, "train_metrics": {"mse": 7.319561101019793e-05, "mae": 0.0013162041863433772, "r2_score": -0.5356034656545159, "kendalltau": 0.020267921225012458, "pearsonr": -0.0051833549634095, "spearmanr": 0.024875758925544993}, "test_metrics": {"mse": 4.434665688970927e-05, "mae": 0.0014947358702717488, "r2": -283.13348463312906, "kendalltau": 0.025158109113000517, "pearsonr": -0.019898417091682524, "spearmanr": 0.03154274258173489}, "total_time": 7.7938, "epochs": 50}