{"arquitecture": "B", "trainable_params": 132881, "non_trainable_params": 0, "train_metrics": {"mse": 5.1729495648803046e-05, "mae": 0.0020158866286230552, "r2_score": -0.08525622914459707, "kendalltau": 0.015754481250310037, "pearsonr": 0.0053419541552578945, "spearmanr": 0.019271516533453208}, "test_metrics": {"mse": 3.2357767459491456e-06, "mae": 0.0017549074444982006, "r2": -19.73194659538642, "kendalltau": 0.07032215805583308, "pearsonr": 0.016530212088544785, "spearmanr": 0.08597258865528476}, "total_time": 6.3014, "epochs": 50}