{"arquitecture": "C", "trainable_params": 19649, "non_trainable_params": 0, "train_metrics": {"mse": 4.9063565070257825e-05, "mae": 0.0011823691703258157, "r2_score": -0.029326478998266348, "kendalltau": -0.040340732192939946, "pearsonr": 0.0017687263859006096, "spearmanr": -0.049417749784543934}, "test_metrics": {"mse": 1.0053539649797245e-06, "mae": 0.0009215460896422502, "r2": -5.441403825994122, "kendalltau": 0.014090264295297278, "pearsonr": 0.006823755977461846, "spearmanr": 0.017239234722497186}, "total_time": 9.3738, "epochs": 50}