{"arquitecture": "B", "trainable_params": 132881, "non_trainable_params": 0, "train_metrics": {"mse": 5.0949130694453174e-05, "mae": 0.0018120433796084377, "r2_score": -0.06888460369005966, "kendalltau": -0.007571499466319942, "pearsonr": 0.002176812447578265, "spearmanr": -0.009334084097239143}, "test_metrics": {"mse": 2.561785356947675e-06, "mae": 0.001551015989500835, "r2": -15.413616073967805, "kendalltau": -0.10118105241551198, "pearsonr": 0.0009985944323817671, "spearmanr": -0.12380698670830562}, "total_time": 21.5696, "epochs": 100}