{"arquitecture": "A", "trainable_params": 132881, "non_trainable_params": 0, "train_metrics": {"mse": 4.718617844527797e-05, "mae": 0.0016690636079110756, "r2_score": 0.010060054810309138, "kendalltau": 0.09006926491619234, "pearsonr": 0.265038723423843, "spearmanr": 0.13423059134577048}, "test_metrics": {"mse": 2.74094820374657e-06, "mae": 0.0014133512272426476, "r2": -16.561530427565323, "kendalltau": 0.011428863507901019, "pearsonr": 0.30296998873307013, "spearmanr": 0.01781489574050747}, "total_time": 22.0707, "epochs": 100}