{"arquitecture": "A", "trainable_params": 132881, "non_trainable_params": 0, "train_metrics": {"mse": 2.4893440684753355e-05, "mae": 0.002125326168014391, "r2_score": 0.47774937240094206, "kendalltau": 0.03494530661195015, "pearsonr": 0.7497715577893882, "spearmanr": 0.05228595935161281}, "test_metrics": {"mse": 3.0617688054319766e-05, "mae": 0.0023980297949766473, "r2": -195.17060244067108, "kendalltau": 0.023761697311406073, "pearsonr": 0.7424837735437658, "spearmanr": 0.03795629331844514}, "total_time": 7.8967, "epochs": 50}