{"arquitecture": "B", "trainable_params": 132881, "non_trainable_params": 0, "train_metrics": {"mse": 4.790446911260033e-05, "mae": 0.0005112161593310358, "r2_score": -0.005009286409259905, "kendalltau": 0.044110509468341476, "pearsonr": 0.026474136597057225, "spearmanr": 0.06384606884477584}, "test_metrics": {"mse": 2.2910698989848623e-07, "mae": 0.00025099976731553616, "r2": -0.4679114945589027, "kendalltau": 0.04755846744253273, "pearsonr": 0.04070547367408919, "spearmanr": 0.06853903311356466}, "total_time": 6.3653, "epochs": 50}