{"arquitecture": "D", "trainable_params": 19649, "non_trainable_params": 0, "train_metrics": {"mse": 4.767054013648912e-05, "mae": 0.0006724154825658548, "r2_score": -0.00010158577700014604, "kendalltau": -0.030901191541230204, "pearsonr": 0.0024241496308562926, "spearmanr": -0.03780230213300402}, "test_metrics": {"mse": 2.662954291433728e-07, "mae": 0.00040200513173520986, "r2": -0.7061815598086012, "kendalltau": -0.001251716848656963, "pearsonr": 0.006673365226901346, "spearmanr": -0.001705380366769249}, "total_time": 8.439, "epochs": 50}