{"arquitecture": "A", "trainable_params": 206609, "non_trainable_params": 0, "train_metrics": {"mse": 4.775422785063948e-05, "mae": 0.00032151794751332795, "r2_score": -0.0018573077678185612, "kendalltau": 0.010501752566714668, "pearsonr": 0.000989797343443694, "spearmanr": 0.012859459237865318}, "test_metrics": {"mse": 1.5745274557824494e-07, "mae": 6.0104875686291043e-05, "r2": -0.008815554630493105, "kendalltau": 0.031835743596069166, "pearsonr": 0.008146822718509337, "spearmanr": 0.03893561126006216}, "total_time": 8.7912, "epochs": 50}