{"arquitecture": "B", "trainable_params": 202513, "non_trainable_params": 0, "train_metrics": {"mse": 4.7725286010911726e-05, "mae": 0.0008420887331956905, "r2_score": -0.0012501239657436436, "kendalltau": -0.02217970142090138, "pearsonr": 0.0020983054545803946, "spearmanr": -0.027216478200255433}, "test_metrics": {"mse": 4.1125908079706646e-07, "mae": 0.0005692480471677589, "r2": -1.6349782353267739, "kendalltau": 0.03531159109895433, "pearsonr": 0.010168414492794816, "spearmanr": 0.043141147806833986}, "total_time": 7.4401, "epochs": 50}