{"arquitecture": "A", "trainable_params": 202513, "non_trainable_params": 0, "train_metrics": {"mse": 4.766572214102423e-05, "mae": 0.0005983177476199302, "r2_score": -5.068949293640657e-07, "kendalltau": -0.03573205521481165, "pearsonr": 0.0017007293261111663, "spearmanr": -0.043925398009600665}, "test_metrics": {"mse": 2.215795129047772e-07, "mae": 0.00032920972233934276, "r2": -0.41968219344072577, "kendalltau": -0.039541086525487566, "pearsonr": 0.014442444696740829, "spearmanr": -0.04877320146456316}, "total_time": 8.8067, "epochs": 50}