{"arquitecture": "D", "trainable_params": 20801, "non_trainable_params": 0, "train_metrics": {"mse": 4.838087411355195e-05, "mae": 0.0014133061880726007, "r2_score": -0.015004000032383003, "kendalltau": 0.05201115778976227, "pearsonr": 0.0032351890547951943, "spearmanr": 0.06394473168194678}, "test_metrics": {"mse": 1.433270702292746e-06, "mae": 0.0011516359672563885, "r2": -8.183109339624446, "kendalltau": -0.006784613920905344, "pearsonr": 0.01145274857330711, "spearmanr": -0.008387102200466888}, "total_time": 10.9772, "epochs": 50}