{"arquitecture": "B", "trainable_params": 210705, "non_trainable_params": 0, "train_metrics": {"mse": 4.8994594446807186e-05, "mae": 0.0011527775495252777, "r2_score": -0.027879513436569026, "kendalltau": -0.015754481250310037, "pearsonr": -0.005341954155257891, "spearmanr": -0.019271516533453208}, "test_metrics": {"mse": 9.513804732830715e-07, "mae": 0.0008917979353276566, "r2": -5.095590243885164, "kendalltau": -0.07032215805583308, "pearsonr": -0.01653021208854479, "spearmanr": -0.08597258865528476}, "total_time": 6.8725, "epochs": 50}