{"arquitecture": "A", "trainable_params": 263953, "non_trainable_params": 0, "train_metrics": {"mse": 0.0001819918001966041, "mae": 0.0028100290070025334, "r2_score": -2.818087385918165, "kendalltau": -0.044281820320898696, "pearsonr": 0.008452762644305374, "spearmanr": -0.061712668307365943}, "test_metrics": {"mse": 0.00046211012999890927, "mae": 0.004797968019170995, "r2": -2959.7860147700785, "kendalltau": -0.07299219422130454, "pearsonr": 0.01041270186619571, "spearmanr": -0.10432311390152073}, "total_time": 22.4205, "epochs": 100}