{"arquitecture": "B", "trainable_params": 206609, "non_trainable_params": 0, "train_metrics": {"mse": 0.0026764737780541766, "mae": 0.034127963455386094, "r2_score": -55.15094064507237, "kendalltau": 0.032975960959334014, "pearsonr": 0.02175823380504638, "spearmanr": 0.05014165417096329}, "test_metrics": {"mse": 0.0030105059010641206, "mae": 0.03664298272231183, "r2": -19287.61366721063, "kendalltau": 0.02317506894910856, "pearsonr": 0.01593638827001276, "spearmanr": 0.03478120885193046}, "total_time": 6.8986, "epochs": 50}