{"arquitecture": "B", "trainable_params": 206609, "non_trainable_params": 0, "train_metrics": {"mse": 0.0018291076920818672, "mae": 0.01274375937568532, "r2_score": -37.37366847890534, "kendalltau": -0.0066991471646354606, "pearsonr": 0.031184145010630628, "spearmanr": -0.008981644544545538}, "test_metrics": {"mse": 0.0015848932622974264, "mae": 0.012330055047282292, "r2": -10153.57030973249, "kendalltau": -0.0039138413091260645, "pearsonr": 0.04770060178004768, "spearmanr": -0.006573470215423826}, "total_time": 7.4838, "epochs": 50}