{"arquitecture": "B", "trainable_params": 210705, "non_trainable_params": 0, "train_metrics": {"mse": 4.7700873152658616e-05, "mae": 0.0004223135997508436, "r2_score": -0.0007379556919548946, "kendalltau": -0.015754481250310037, "pearsonr": -0.005341954155257889, "spearmanr": -0.019271516533453208}, "test_metrics": {"mse": 1.6146915097033918e-07, "mae": 0.00015805701346104063, "r2": -0.034549067363892405, "kendalltau": -0.07032215805583308, "pearsonr": -0.016530212088544792, "spearmanr": -0.08597258865528476}, "total_time": 6.8197, "epochs": 50}