{"arquitecture": "C", "trainable_params": 20737, "non_trainable_params": 0, "train_metrics": {"mse": 0.029385869760709078, "mae": 0.10347994210004305, "r2_score": -615.4993067621239, "kendalltau": -0.0038329057728654827, "pearsonr": -0.035893154524719584, "spearmanr": -0.006319309650280937}, "test_metrics": {"mse": 0.03663482971317364, "mae": 0.10950972156458132, "r2": -234722.03337843696, "kendalltau": -0.03748700919209097, "pearsonr": -0.06658162480828224, "spearmanr": -0.05574921589975141}, "total_time": 10.0472, "epochs": 50}