{"arquitecture": "B", "trainable_params": 263953, "non_trainable_params": 0, "train_metrics": {"mse": 0.00033593162529870884, "mae": 0.013650631840776679, "r2_score": -6.047659837961869, "kendalltau": 0.07046445718980818, "pearsonr": 0.0025295643185328106, "spearmanr": 0.09384323920352833}, "test_metrics": {"mse": 0.0004069874395799203, "mae": 0.01420692948261098, "r2": -2606.6094010277475, "kendalltau": -0.0017322507358926657, "pearsonr": 0.0010264948677555208, "spearmanr": -0.004611663836208858}, "total_time": 23.0829, "epochs": 100}