{"arquitecture": "B", "trainable_params": 206609, "non_trainable_params": 0, "train_metrics": {"mse": 0.0005200985642962857, "mae": 0.014470374112259302, "r2_score": -9.91138043378094, "kendalltau": -0.003557453828821443, "pearsonr": -0.057225356184161406, "spearmanr": -0.005357227591754281}, "test_metrics": {"mse": 0.0006906516511358336, "mae": 0.015909067901884184, "r2": -4424.074494181, "kendalltau": 0.009821630358256922, "pearsonr": -0.04928942491105262, "spearmanr": 0.012527006474048674}, "total_time": 7.3752, "epochs": 50}