{"arquitecture": "A", "trainable_params": 263953, "non_trainable_params": 0, "train_metrics": {"mse": 5.370159302123819e-05, "mae": 0.0018476568917162141, "r2_score": -0.12662974209058042, "kendalltau": -0.03344651265079789, "pearsonr": 0.0016592131396741016, "spearmanr": -0.0467450338075098}, "test_metrics": {"mse": 0.0012482428308259051, "mae": 0.006902055990465165, "r2": -7996.617183927728, "kendalltau": -0.018123336178413076, "pearsonr": -0.004708165180138755, "spearmanr": -0.02729850564629105}, "total_time": 25.3339, "epochs": 100}