{"arquitecture": "D", "trainable_params": 21697, "non_trainable_params": 0, "train_metrics": {"mse": 4.7670121741217194e-05, "mae": 0.000538116361598367, "r2_score": -9.280807543143865e-05, "kendalltau": 0.011710788983031998, "pearsonr": 0.0013559475237951847, "spearmanr": 0.014316681026288133}, "test_metrics": {"mse": 1.9362841711055227e-07, "mae": 0.0002707038654315461, "r2": -0.2405967154287305, "kendalltau": -0.04374400552089267, "pearsonr": 0.005948461841561881, "spearmanr": -0.05354292933276511}, "total_time": 26.596, "epochs": 100}