{"arquitecture": "D", "trainable_params": 21697, "non_trainable_params": 0, "train_metrics": {"mse": 4.779773255367612e-05, "mae": 0.000371461162765512, "r2_score": -0.0027700123935920917, "kendalltau": 0.05782376754301884, "pearsonr": 0.029068783036379282, "spearmanr": 0.07081121231625515}, "test_metrics": {"mse": 1.6792124361250357e-07, "mae": 0.00011068461653412528, "r2": -0.07588827293587674, "kendalltau": 0.020992337504433765, "pearsonr": 0.02711844646948461, "spearmanr": 0.025786502388594205}, "total_time": 25.9386, "epochs": 100}