{"arquitecture": "D", "trainable_params": 20737, "non_trainable_params": 0, "train_metrics": {"mse": 0.0010966087988718753, "mae": 0.02139459325849456, "r2_score": -22.00624653273639, "kendalltau": -0.009353283629613015, "pearsonr": -0.028445899442055167, "spearmanr": -0.014354772187926551}, "test_metrics": {"mse": 0.0012614722268601973, "mae": 0.021834047795362146, "r2": -8081.379253009138, "kendalltau": 0.039289350231656785, "pearsonr": -0.025753281650387327, "spearmanr": 0.059530034859933995}, "total_time": 9.4766, "epochs": 50}