{"arquitecture": "D", "trainable_params": 20737, "non_trainable_params": 0, "train_metrics": {"mse": 0.015299996139051489, "mae": 0.07886488083686781, "r2_score": -319.985463081315, "kendalltau": 0.021341010797724498, "pearsonr": 0.0003614963563928888, "spearmanr": 0.03352580414688576}, "test_metrics": {"mse": 0.026169407752472992, "mae": 0.09269850566677006, "r2": -167669.0237852838, "kendalltau": 0.01964888619302364, "pearsonr": 0.008721623530309381, "spearmanr": 0.027015249949227077}, "total_time": 9.5599, "epochs": 50}