{"arquitecture": "C", "trainable_params": 20737, "non_trainable_params": 0, "train_metrics": {"mse": 5.055095945652331, "mae": 1.3317931440161097, "r2_score": -106052.11911773359, "kendalltau": -0.04002584428586097, "pearsonr": -0.019912495246574846, "spearmanr": -0.060173195881146016}, "test_metrics": {"mse": 6.309302559128493, "mae": 1.499636720608944, "r2": -40424334.16890184, "kendalltau": -0.012709030975256183, "pearsonr": -0.03081896715862371, "spearmanr": -0.015598498401415863}, "total_time": 10.3053, "epochs": 50}