{"arquitecture": "D", "trainable_params": 20737, "non_trainable_params": 0, "train_metrics": {"mse": 0.044330400927077136, "mae": 0.14526625999362974, "r2_score": -929.0273111729264, "kendalltau": 0.012132101504634972, "pearsonr": -0.021954222387454057, "spearmanr": 0.018386179490044684}, "test_metrics": {"mse": 0.04874124399143014, "mae": 0.14089288421058843, "r2": -312289.0455626521, "kendalltau": -0.07397178201171309, "pearsonr": -0.02444485854160222, "spearmanr": -0.11187122168482301}, "total_time": 9.9232, "epochs": 50}