{"arquitecture": "D", "trainable_params": 20737, "non_trainable_params": 0, "train_metrics": {"mse": 0.08610375702205594, "mae": 0.1915042567742811, "r2_score": -1805.4092349816144, "kendalltau": 0.023533016853328412, "pearsonr": 0.05465256814067227, "spearmanr": 0.03547691550183026}, "test_metrics": {"mse": 0.10062922526985146, "mae": 0.19583724297004482, "r2": -644740.5529645005, "kendalltau": 0.06258502927576454, "pearsonr": 0.08482008259670425, "spearmanr": 0.09451208423150675}, "total_time": 9.3137, "epochs": 50}