{"arquitecture": "B", "trainable_params": 206609, "non_trainable_params": 0, "train_metrics": {"mse": 0.0029584713011960567, "mae": 0.03136749094731188, "r2_score": -61.06709282778081, "kendalltau": 0.012603359228769852, "pearsonr": -0.012692576805488706, "spearmanr": 0.02068524347700975}, "test_metrics": {"mse": 0.004428310887783139, "mae": 0.03463057202523235, "r2": -28371.632613860544, "kendalltau": -0.024418451880795562, "pearsonr": -0.03632704144797461, "spearmanr": -0.03796829538262652}, "total_time": 7.4131, "epochs": 50}