{"arquitecture": "D", "trainable_params": 21697, "non_trainable_params": 0, "train_metrics": {"mse": 4.7676779034045595e-05, "mae": 0.0007063259484561835, "r2_score": -0.00023247439965601302, "kendalltau": 0.004423946961951787, "pearsonr": 0.0023091090338439864, "spearmanr": 0.0053715577330085895}, "test_metrics": {"mse": 2.905980351630036e-07, "mae": 0.00043527109478310545, "r2": -0.861890797399995, "kendalltau": 0.010889465204137111, "pearsonr": -0.004337634973584985, "spearmanr": 0.013359429192733053}, "total_time": 27.2343, "epochs": 100}