{"arquitecture": "C", "trainable_params": 20737, "non_trainable_params": 0, "train_metrics": {"mse": 9.789931818398244, "mae": 1.8571396932518551, "r2_score": -205386.35890542995, "kendalltau": -0.03011524466902288, "pearsonr": -0.011894372626912945, "spearmanr": -0.0440521587748304}, "test_metrics": {"mse": 9.352915348713243, "mae": 1.8443905343718812, "r2": -59925066.99594275, "kendalltau": -0.05591468299849291, "pearsonr": -0.026896113286061035, "spearmanr": -0.08353924202986036}, "total_time": 10.9107, "epochs": 50}