{"arquitecture": "A", "trainable_params": 210705, "non_trainable_params": 0, "train_metrics": {"mse": 4.827805974047987e-05, "mae": 0.0003947019900331727, "r2_score": -0.012847011308201317, "kendalltau": -0.0698983169985151, "pearsonr": -0.02130209580846302, "spearmanr": -0.08794529439572413}, "test_metrics": {"mse": 8.994799958098534e-07, "mae": 0.0001799711846091109, "r2": -4.763058672108202, "kendalltau": -0.07729072068715757, "pearsonr": -0.012278149386960643, "spearmanr": -0.0960075387046639}, "total_time": 8.5874, "epochs": 50}