{"arquitecture": "A", "trainable_params": 210705, "non_trainable_params": 0, "train_metrics": {"mse": 4.640343331722128e-05, "mae": 0.0013816969479455506, "r2_score": 0.026481614993754676, "kendalltau": 0.0038309995532878256, "pearsonr": 0.22128339004258368, "spearmanr": 0.004586297218831113}, "test_metrics": {"mse": 2.464091859694065e-06, "mae": 0.001166160500627988, "r2": -14.787684025252167, "kendalltau": 0.013013888610154121, "pearsonr": 0.23817897125716497, "spearmanr": 0.01642339856037575}, "total_time": 8.5288, "epochs": 50}