{"arquitecture": "C", "trainable_params": 20737, "non_trainable_params": 0, "train_metrics": {"mse": 0.0023438173279499356, "mae": 0.030259727541718906, "r2_score": -48.17199217258499, "kendalltau": -0.007602162644682976, "pearsonr": 0.016066319853362366, "spearmanr": -0.011338616462407216}, "test_metrics": {"mse": 0.002623484544830851, "mae": 0.032417211509702316, "r2": -16807.928967471376, "kendalltau": -0.007049343224843886, "pearsonr": 0.018884922434758287, "spearmanr": -0.010541504607725245}, "total_time": 11.4262, "epochs": 50}