{"arquitecture": "B", "trainable_params": 206609, "non_trainable_params": 0, "train_metrics": {"mse": 0.000402835084462915, "mae": 0.010500048159739244, "r2_score": -7.451257435398642, "kendalltau": 0.010244784763388365, "pearsonr": 0.009541564154837324, "spearmanr": 0.015360509490518988}, "test_metrics": {"mse": 0.0006941628514976492, "mae": 0.011103382917428389, "r2": -4446.5711075453155, "kendalltau": 0.006004301537908382, "pearsonr": -0.014644228648593166, "spearmanr": 0.012230441743422143}, "total_time": 7.0091, "epochs": 50}