{"arquitecture": "A", "trainable_params": 263953, "non_trainable_params": 0, "train_metrics": {"mse": 9.88177398736099e-05, "mae": 0.005493813480452508, "r2_score": -1.0731415685145391, "kendalltau": -0.030957824006415818, "pearsonr": 0.0018093910467006683, "spearmanr": -0.04363082155104472}, "test_metrics": {"mse": 0.00031403068027801765, "mae": 0.006120798685935519, "r2": -2011.026108101294, "kendalltau": -0.06422804391515638, "pearsonr": 0.004472901964160673, "spearmanr": -0.08868480089751454}, "total_time": 23.1762, "epochs": 100}