{"arquitecture": "A", "trainable_params": 210705, "non_trainable_params": 0, "train_metrics": {"mse": 0.00017855385818602934, "mae": 0.0023698579012673793, "r2_score": -2.7459612625987995, "kendalltau": -0.00860393423812109, "pearsonr": -0.0026963074194953224, "spearmanr": -0.010612434856211368}, "test_metrics": {"mse": 0.0003739164479443896, "mae": 0.0033810293643464773, "r2": -2394.7202361455825, "kendalltau": 0.03100521021834067, "pearsonr": -0.013087232650085249, "spearmanr": 0.038515620649777337}, "total_time": 8.5549, "epochs": 50}