{"arquitecture": "C", "trainable_params": 20737, "non_trainable_params": 0, "train_metrics": {"mse": 4.314603956755102, "mae": 1.105294345661258, "r2_score": -90517.00644162565, "kendalltau": 0.016162163629527153, "pearsonr": 0.003160503462928198, "spearmanr": 0.023605332787215823}, "test_metrics": {"mse": 4.463447286764764, "mae": 1.0787118007287655, "r2": -28597754.051047586, "kendalltau": 0.002459279430371138, "pearsonr": -0.012708142255391065, "spearmanr": 0.0026280642098699355}, "total_time": 10.398, "epochs": 50}