{"arquitecture": "C", "trainable_params": 21697, "non_trainable_params": 0, "train_metrics": {"mse": 4.773183734280651e-05, "mae": 0.0004694144138749159, "r2_score": -0.0013875672881431544, "kendalltau": 0.013940756162649923, "pearsonr": 0.00581250644422081, "spearmanr": 0.017590256394252712}, "test_metrics": {"mse": 1.8837534026803818e-07, "mae": 0.0001986142430424741, "r2": -0.20693972450783238, "kendalltau": 0.0125353573986995, "pearsonr": -0.010818169487167193, "spearmanr": 0.017151353939776487}, "total_time": 27.1275, "epochs": 100}