{"arquitecture": "C", "trainable_params": 21697, "non_trainable_params": 0, "train_metrics": {"mse": 4.766934783340555e-05, "mae": 0.000660731121194334, "r2_score": -7.657191726218038e-05, "kendalltau": -0.05889385469325172, "pearsonr": 0.00030544077760740113, "spearmanr": -0.07223242367066338}, "test_metrics": {"mse": 2.5899409190653504e-07, "mae": 0.00039069283723094814, "r2": -0.6594011588249649, "kendalltau": 0.009576496136082227, "pearsonr": -0.001587736587885602, "spearmanr": 0.011537521812771786}, "total_time": 27.3566, "epochs": 100}