{"arquitecture": "D", "trainable_params": 21697, "non_trainable_params": 0, "train_metrics": {"mse": 4.7651526609950025e-05, "mae": 0.0004327235030271743, "r2_score": 0.0002973075015010318, "kendalltau": 0.0146768827752651, "pearsonr": 0.03866545694020474, "spearmanr": 0.019673470007390743}, "test_metrics": {"mse": 1.740439598516159e-07, "mae": 0.00016625910077891552, "r2": -0.11511713081270392, "kendalltau": 0.09787469947992646, "pearsonr": 0.041598871727647965, "spearmanr": 0.13891759617094787}, "total_time": 26.8516, "epochs": 100}