{"arquitecture": "B", "trainable_params": 263953, "non_trainable_params": 0, "train_metrics": {"mse": 5.455529448028095e-05, "mae": 0.0013884781517876413, "r2_score": -0.14453992688236705, "kendalltau": 0.01794205089462333, "pearsonr": 0.002877018878352142, "spearmanr": 0.026366391839403824}, "test_metrics": {"mse": 1.743304454949588e-05, "mae": 0.0014099332629559488, "r2": -110.6952673102686, "kendalltau": 0.025619325534753965, "pearsonr": 0.009682029732763246, "spearmanr": 0.03861482185982977}, "total_time": 21.3119, "epochs": 100}