{"arquitecture": "A", "trainable_params": 206609, "non_trainable_params": 0, "train_metrics": {"mse": 0.0018198821654370134, "mae": 0.01979197135736699, "r2_score": -37.18012202860859, "kendalltau": 0.013878059471024405, "pearsonr": 0.02752067510862999, "spearmanr": 0.020915092557014597}, "test_metrics": {"mse": 0.00318270689578379, "mae": 0.022357171649105993, "r2": -20390.922735325403, "kendalltau": 0.09601229196680573, "pearsonr": -0.007098718141573861, "spearmanr": 0.14722005695828996}, "total_time": 8.7868, "epochs": 50}