{"arquitecture": "C", "trainable_params": 20801, "non_trainable_params": 0, "train_metrics": {"mse": 4.816084871766188e-05, "mae": 0.0012827046791367557, "r2_score": -0.010387988829010153, "kendalltau": 0.014949426565347645, "pearsonr": 0.002365155284472629, "spearmanr": 0.02016700022024461}, "test_metrics": {"mse": 1.322562254748413e-06, "mae": 0.0010287037112168356, "r2": -7.473789197244228, "kendalltau": -0.0688714934907965, "pearsonr": -0.002075115176118633, "spearmanr": -0.09138884169448944}, "total_time": 11.6393, "epochs": 50}