{"arquitecture": "C", "trainable_params": 21697, "non_trainable_params": 0, "train_metrics": {"mse": 4.7674746839385255e-05, "mae": 0.0006956990727467766, "r2_score": -0.00018984007882405507, "kendalltau": -0.007126476762782325, "pearsonr": 0.0012475790968922628, "spearmanr": -0.008919559252617282}, "test_metrics": {"mse": 2.830785991947089e-07, "mae": 0.00042536098645046104, "r2": -0.8137130159392454, "kendalltau": 0.007086645748872798, "pearsonr": -0.006684193901997146, "spearmanr": 0.008758589287545466}, "total_time": 27.8273, "epochs": 100}