{"arquitecture": "A", "trainable_params": 263953, "non_trainable_params": 0, "train_metrics": {"mse": 0.00024019593722397352, "mae": 0.0049857980369334455, "r2_score": -4.039178012816631, "kendalltau": 0.0013181283672850216, "pearsonr": 0.1334825005027948, "spearmanr": 0.0015430012786762312}, "test_metrics": {"mse": 0.0005883169065713213, "mae": 0.007764007672625464, "r2": -3768.4055078023816, "kendalltau": -0.01786935870461469, "pearsonr": 0.1016125333486986, "spearmanr": -0.027835034580441013}, "total_time": 23.0486, "epochs": 100}