{"arquitecture": "C", "trainable_params": 21697, "non_trainable_params": 0, "train_metrics": {"mse": 5.0691116026801265e-05, "mae": 0.0013873435548815614, "r2_score": -0.06347159856082074, "kendalltau": 0.019031506109322156, "pearsonr": -0.06956044612098844, "spearmanr": 0.028413242320176862}, "test_metrics": {"mse": 2.144976653710414e-06, "mae": 0.0011136788586476115, "r2": -12.74308085029234, "kendalltau": -0.04039775243189009, "pearsonr": -0.10121043100450455, "spearmanr": -0.0592345042840228}, "total_time": 27.3613, "epochs": 100}