{"arquitecture": "D", "trainable_params": 20737, "non_trainable_params": 0, "train_metrics": {"mse": 8.968936112718882, "mae": 1.3858823825841886, "r2_score": -188162.32274357518, "kendalltau": 0.03963153158180758, "pearsonr": 0.0022322180181260204, "spearmanr": 0.05895284268655272}, "test_metrics": {"mse": 11.651369176906739, "mae": 1.6372545319809575, "r2": -74651491.5175738, "kendalltau": -0.015134611439718596, "pearsonr": -0.003377708518082565, "spearmanr": -0.01945536742753248}, "total_time": 9.5828, "epochs": 50}