{"arquitecture": "B", "trainable_params": 263953, "non_trainable_params": 0, "train_metrics": {"mse": 5.329281844692327e-05, "mae": 0.0029428807531629068, "r2_score": -0.11805387744069051, "kendalltau": -0.029268651552886254, "pearsonr": 0.012456576370814095, "spearmanr": -0.03717704273226176}, "test_metrics": {"mse": 7.085179741751832e-06, "mae": 0.0026537569095046653, "r2": -44.39545820291932, "kendalltau": 0.0448247371719922, "pearsonr": 0.03698683938476897, "spearmanr": 0.056983096809735664}, "total_time": 24.4617, "epochs": 100}