{"arquitecture": "C", "trainable_params": 21697, "non_trainable_params": 0, "train_metrics": {"mse": 4.766516884999757e-05, "mae": 0.0005879044475898097, "r2_score": 1.1100845020317607e-05, "kendalltau": 0.01663942266655055, "pearsonr": 0.004770756556576264, "spearmanr": 0.021225778298969288}, "test_metrics": {"mse": 2.1858822663525883e-07, "mae": 0.0003195397073980094, "r2": -0.4005167218831456, "kendalltau": 0.08110375676619919, "pearsonr": 0.003330561659030533, "spearmanr": 0.10128677977788031}, "total_time": 27.8448, "epochs": 100}