{"arquitecture": "C", "trainable_params": 21697, "non_trainable_params": 0, "train_metrics": {"mse": 4.774098824852964e-05, "mae": 0.0004840821549061897, "r2_score": -0.0015795482327429777, "kendalltau": -0.006074312625973651, "pearsonr": -0.026980975474209676, "spearmanr": -0.00853640699493229}, "test_metrics": {"mse": 1.967948523389967e-07, "mae": 0.00022596381452786297, "r2": -0.2608843839571735, "kendalltau": -0.007464378950151248, "pearsonr": -0.04495381890333662, "spearmanr": -0.00874324892202198}, "total_time": 27.8978, "epochs": 100}