{"arquitecture": "B", "trainable_params": 263953, "non_trainable_params": 0, "train_metrics": {"mse": 5.20600101022349e-05, "mae": 0.0017210832028567832, "r2_score": -0.09219023971072438, "kendalltau": -0.003822641101280018, "pearsonr": 0.004108733559195976, "spearmanr": -0.006266843691775816}, "test_metrics": {"mse": 9.772663804474259e-06, "mae": 0.001556968236918689, "r2": -61.61443850929091, "kendalltau": 0.004161847458667797, "pearsonr": 0.0017122227627262715, "spearmanr": 0.005782317523324068}, "total_time": 20.6381, "epochs": 100}