{"arquitecture": "D", "trainable_params": 21697, "non_trainable_params": 0, "train_metrics": {"mse": 4.773472210477657e-05, "mae": 0.0005000598806742363, "r2_score": -0.0014480879999407836, "kendalltau": -0.007247704281224351, "pearsonr": -0.00678460717751905, "spearmanr": -0.010093332699860407}, "test_metrics": {"mse": 2.1209729767607037e-07, "mae": 0.00022975907985486418, "r2": -0.35892868812747647, "kendalltau": 0.049433701634913195, "pearsonr": 0.004875148917148055, "spearmanr": 0.06525178100255541}, "total_time": 26.4466, "epochs": 100}