{"arquitecture": "B", "trainable_params": 263953, "non_trainable_params": 0, "train_metrics": {"mse": 4.9660108175457106e-05, "mae": 0.00170245093550029, "r2_score": -0.041841623651252435, "kendalltau": -0.010243092698459267, "pearsonr": 0.007599683861909985, "spearmanr": -0.014480748167828251}, "test_metrics": {"mse": 4.724481030721659e-06, "mae": 0.001511791413203094, "r2": -29.270224465410937, "kendalltau": -0.02964536917440963, "pearsonr": -0.014060190619151643, "spearmanr": -0.04219066683433188}, "total_time": 21.8563, "epochs": 100}