{"arquitecture": "A", "trainable_params": 206609, "non_trainable_params": 0, "train_metrics": {"mse": 0.00503862595372623, "mae": 0.04621875104354614, "r2_score": -104.70758778966666, "kendalltau": -0.0038621425748368667, "pearsonr": -0.0038403552272505905, "spearmanr": -0.004980060057195195}, "test_metrics": {"mse": 0.012028853142006975, "mae": 0.07146930921252363, "r2": -77069.07019443922, "kendalltau": -0.052139017565638435, "pearsonr": 0.06584701796208274, "spearmanr": -0.0800751043844077}, "total_time": 8.5327, "epochs": 50}