{"arquitecture": "C", "trainable_params": 21697, "non_trainable_params": 0, "train_metrics": {"mse": 4.7717831134154424e-05, "mae": 0.0007694854587714351, "r2_score": -0.0010937247714950527, "kendalltau": -0.039868548235935795, "pearsonr": 0.01375271581821945, "spearmanr": -0.05390808035943366}, "test_metrics": {"mse": 3.9010770201845676e-07, "mae": 0.0004909628813630787, "r2": -1.4994592271609934, "kendalltau": -0.06837644658036673, "pearsonr": 0.02528261206018994, "spearmanr": -0.09202403590479219}, "total_time": 26.791, "epochs": 100}