{"arquitecture": "C", "trainable_params": 20737, "non_trainable_params": 0, "train_metrics": {"mse": 0.023275479371998576, "mae": 0.1027416196564904, "r2_score": -487.3066934632391, "kendalltau": -0.0009392093935130081, "pearsonr": 0.06243063165509034, "spearmanr": -0.0013010055699090638}, "test_metrics": {"mse": 0.0269115752338577, "mae": 0.10732627835174463, "r2": -172424.16537784348, "kendalltau": 0.008548486706351905, "pearsonr": 0.06700205781093835, "spearmanr": 0.011556228298062928}, "total_time": 10.884, "epochs": 50}