{"arquitecture": "B", "trainable_params": 206609, "non_trainable_params": 0, "train_metrics": {"mse": 0.0003809142649607155, "mae": 0.011600867507419186, "r2_score": -6.991370757317975, "kendalltau": 0.020574341739694545, "pearsonr": 0.015598560459443266, "spearmanr": 0.029651860315620945}, "test_metrics": {"mse": 0.0002932663995170862, "mae": 0.010798471304564104, "r2": -1877.9872758128301, "kendalltau": 0.014767693848349656, "pearsonr": 0.02741694084401401, "spearmanr": 0.02338813455656486}, "total_time": 6.8988, "epochs": 50}