{"arquitecture": "A", "trainable_params": 210705, "non_trainable_params": 0, "train_metrics": {"mse": 4.781813035012077e-05, "mae": 0.0007586852387040649, "r2_score": -0.0031979468896612406, "kendalltau": -0.052729873076556265, "pearsonr": -0.01552150749105103, "spearmanr": -0.0791505537798994}, "test_metrics": {"mse": 1.8054006546096072e-06, "mae": 0.0005488598727368166, "r2": -10.5673833188584, "kendalltau": -0.04229060581631766, "pearsonr": 0.004531267641609521, "spearmanr": -0.059833759981826676}, "total_time": 8.4595, "epochs": 50}