{"arquitecture": "B", "trainable_params": 210705, "non_trainable_params": 0, "train_metrics": {"mse": 4.767575052103337e-05, "mae": 0.000701137908452098, "r2_score": -0.0002108967650924498, "kendalltau": -0.00453011790349282, "pearsonr": 0.0015021633638710036, "spearmanr": -0.0055827549731391046}, "test_metrics": {"mse": 2.8657480227231813e-07, "mae": 0.0004301852167518763, "r2": -0.8361135401974042, "kendalltau": 0.04585459493587558, "pearsonr": 0.006173649145687349, "spearmanr": 0.05603572662826427}, "total_time": 6.8993, "epochs": 50}