{"arquitecture": "D", "trainable_params": 20737, "non_trainable_params": 0, "train_metrics": {"mse": 6.153534290095317, "mae": 1.4013927378370028, "r2_score": -129096.7485054089, "kendalltau": 0.007993370524295006, "pearsonr": -0.00720994897395021, "spearmanr": 0.009830540646038884}, "test_metrics": {"mse": 9.846606308397087, "mae": 1.4758333231051548, "r2": -63088194.55831363, "kendalltau": 0.07592572183030781, "pearsonr": -0.013838653417285943, "spearmanr": 0.11622078981427189}, "total_time": 9.4861, "epochs": 50}