{"arquitecture": "B", "trainable_params": 263953, "non_trainable_params": 0, "train_metrics": {"mse": 4.9816914405324265e-05, "mae": 0.001448901549256061, "r2_score": -0.045131331691078413, "kendalltau": -0.025358082383107928, "pearsonr": 0.01710715302224711, "spearmanr": -0.036692276961703046}, "test_metrics": {"mse": 1.7054357531332177e-06, "mae": 0.0011761121353995542, "r2": -9.926898155159735, "kendalltau": 0.009882055999532766, "pearsonr": 0.03313319114348154, "spearmanr": 0.017818841529443356}, "total_time": 21.5822, "epochs": 100}