{"arquitecture": "A", "trainable_params": 263953, "non_trainable_params": 0, "train_metrics": {"mse": 8.256187764872283e-05, "mae": 0.0020734391028379637, "r2_score": -0.7321025632350968, "kendalltau": -0.011336144135123837, "pearsonr": 0.032965505095263956, "spearmanr": -0.017505318400744055}, "test_metrics": {"mse": 0.001585943338701412, "mae": 0.010676091815260509, "r2": -10160.298254716878, "kendalltau": 0.03509688694501387, "pearsonr": 0.013885838792380353, "spearmanr": 0.05240730690536563}, "total_time": 22.4176, "epochs": 100}