{"arquitecture": "C", "trainable_params": 20801, "non_trainable_params": 0, "train_metrics": {"mse": 4.7682744979346585e-05, "mae": 0.0006880051493799693, "r2_score": -0.00035763663484567054, "kendalltau": -0.004196761174865987, "pearsonr": -0.0010944881311130317, "spearmanr": -0.005170524251393422}, "test_metrics": {"mse": 2.730582659597429e-07, "mae": 0.0004104244381675328, "r2": -0.7495117345142026, "kendalltau": 0.018158658499970434, "pearsonr": 0.009448819280290266, "spearmanr": 0.0226421869942364}, "total_time": 10.2512, "epochs": 50}