{"arquitecture": "B", "trainable_params": 210705, "non_trainable_params": 0, "train_metrics": {"mse": 4.798747113963989e-05, "mae": 0.0011538534591443383, "r2_score": -0.006750623063455308, "kendalltau": -0.04887582612050214, "pearsonr": 0.030302402241057652, "spearmanr": -0.07176655323649514}, "test_metrics": {"mse": 1.0489387140864544e-06, "mae": 0.0009067881145171439, "r2": -5.720655690939765, "kendalltau": 0.0019831646333722352, "pearsonr": 0.009815921332538207, "spearmanr": 0.0016731345069732667}, "total_time": 6.9257, "epochs": 50}