{"arquitecture": "A", "trainable_params": 210705, "non_trainable_params": 0, "train_metrics": {"mse": 4.8499079858787976e-05, "mae": 0.0009127433421908769, "r2_score": -0.017483891238147198, "kendalltau": -0.1190517658001002, "pearsonr": -0.002538101480811832, "spearmanr": -0.14723699188287076}, "test_metrics": {"mse": 5.80208214654964e-07, "mae": 0.0006510650730647158, "r2": -2.7174523043006826, "kendalltau": -0.08879992899897758, "pearsonr": -0.011864624185676792, "spearmanr": -0.11035493397242016}, "total_time": 8.5479, "epochs": 50}