{"arquitecture": "D", "trainable_params": 20737, "non_trainable_params": 0, "train_metrics": {"mse": 0.005618772185207384, "mae": 0.04885044941295459, "r2_score": -116.87873509417851, "kendalltau": 0.024545189621213506, "pearsonr": 0.03991871848035664, "spearmanr": 0.03549763316771114}, "test_metrics": {"mse": 0.00475082075748186, "mae": 0.04445693084823438, "r2": -30437.985740184664, "kendalltau": -0.0028045774120346646, "pearsonr": 0.05410410621614971, "spearmanr": -0.003881935086544972}, "total_time": 10.3521, "epochs": 50}