{"arquitecture": "C", "trainable_params": 20737, "non_trainable_params": 0, "train_metrics": {"mse": 0.01777194208458639, "mae": 0.08561491893664702, "r2_score": -371.8455228374274, "kendalltau": 0.009834531418024638, "pearsonr": -0.007971100700201959, "spearmanr": 0.01500076063359491}, "test_metrics": {"mse": 0.020711716770142136, "mae": 0.08742926562771906, "r2": -132701.0495202312, "kendalltau": -0.023977873549737808, "pearsonr": -0.014771803771599479, "spearmanr": -0.035753676160722135}, "total_time": 10.2707, "epochs": 50}