{"arquitecture": "A", "trainable_params": 206609, "non_trainable_params": 0, "train_metrics": {"mse": 0.002688119181688647, "mae": 0.03624363129237236, "r2_score": -55.395254777207235, "kendalltau": 0.00998949990331873, "pearsonr": -0.004937165713795713, "spearmanr": 0.014427696428852096}, "test_metrics": {"mse": 0.003179554861255166, "mae": 0.03991782796219092, "r2": -20370.727333527037, "kendalltau": 0.04073835146304601, "pearsonr": -0.0064038822230926785, "spearmanr": 0.06094292701886074}, "total_time": 8.5188, "epochs": 50}