{"arquitecture": "A", "trainable_params": 206609, "non_trainable_params": 0, "train_metrics": {"mse": 0.00359842007342824, "mae": 0.03656417189188731, "r2_score": -74.49286438591669, "kendalltau": -0.0011810600770657616, "pearsonr": 0.024156831421220853, "spearmanr": -0.0017753031496373591}, "test_metrics": {"mse": 0.0028881581941009164, "mae": 0.03206342403755269, "r2": -18503.71962074881, "kendalltau": 0.025998527547653916, "pearsonr": 0.03165214142229896, "spearmanr": 0.038810827401598774}, "total_time": 8.6242, "epochs": 50}