{"arquitecture": "B", "trainable_params": 206609, "non_trainable_params": 0, "train_metrics": {"mse": 0.0007051135858031303, "mae": 0.015903864969302784, "r2_score": -13.792893331930967, "kendalltau": -0.009757027793612894, "pearsonr": 0.036615648971892005, "spearmanr": -0.01508794891187335}, "test_metrics": {"mse": 0.0009197300525722187, "mae": 0.018748543683787856, "r2": -5891.802819591948, "kendalltau": -0.004622328492392071, "pearsonr": 0.04531395753603538, "spearmanr": -0.007648450840622961}, "total_time": 7.6402, "epochs": 50}