{"arquitecture": "C", "trainable_params": 20801, "non_trainable_params": 0, "train_metrics": {"mse": 4.820030654965849e-05, "mae": 0.0011800607732319862, "r2_score": -0.01121579233696579, "kendalltau": -0.002633756213137762, "pearsonr": -0.010495454035763697, "spearmanr": -0.0032790745407576876}, "test_metrics": {"mse": 1.0003892338297797e-06, "mae": 0.0008828580114866668, "r2": -5.409594294885414, "kendalltau": -0.028087515555421248, "pearsonr": -0.0166827625109716, "spearmanr": -0.037728190371525396}, "total_time": 10.1013, "epochs": 50}