{"arquitecture": "A", "trainable_params": 210705, "non_trainable_params": 0, "train_metrics": {"mse": 1.9640884129733362e-05, "mae": 0.001239918489652663, "r2_score": 0.587945105971788, "kendalltau": 0.05535509466551427, "pearsonr": 0.7770590632268511, "spearmanr": 0.08047694314645808}, "test_metrics": {"mse": 6.404874252018308e-05, "mae": 0.001874229813707491, "r2": -409.36672603955975, "kendalltau": 0.06970873882714622, "pearsonr": 0.6507136999008217, "spearmanr": 0.10247955345982647}, "total_time": 8.5737, "epochs": 50}