{"arquitecture": "D", "trainable_params": 21697, "non_trainable_params": 0, "train_metrics": {"mse": 4.6487597933227925e-05, "mae": 0.001597432687352494, "r2_score": 0.02471588786556289, "kendalltau": -0.040613417199930606, "pearsonr": 0.18638043358324433, "spearmanr": -0.06265971097300962}, "test_metrics": {"mse": 2.605366246300825e-06, "mae": 0.0012690724229117753, "r2": -15.692843209084607, "kendalltau": 0.015036899445891509, "pearsonr": 0.2636013508962522, "spearmanr": 0.02192798107121251}, "total_time": 26.2329, "epochs": 100}