{"arquitecture": "D", "trainable_params": 20737, "non_trainable_params": 0, "train_metrics": {"mse": 112.20492347757529, "mae": 6.5734325191769045, "r2_score": -2353996.281772243, "kendalltau": 0.02106778624688435, "pearsonr": -0.01999047338971992, "spearmanr": 0.031235266046682794}, "test_metrics": {"mse": 96.65744062941708, "mae": 6.307983535512603, "r2": -619293928.8684553, "kendalltau": 0.02128278414477957, "pearsonr": -0.03588789153228249, "spearmanr": 0.032768878868272656}, "total_time": 9.6414, "epochs": 50}