{"arquitecture": "A", "trainable_params": 210705, "non_trainable_params": 0, "train_metrics": {"mse": 4.779338571986818e-05, "mae": 0.0009531536843562753, "r2_score": -0.00267881822268512, "kendalltau": 0.02736697362996421, "pearsonr": 0.0013800058765905743, "spearmanr": 0.033670148432226876}, "test_metrics": {"mse": 5.390455502187858e-07, "mae": 0.000679674042940303, "r2": -2.45371897910048, "kendalltau": -0.0512550013643869, "pearsonr": 0.00776025845771053, "spearmanr": -0.06278831893187314}, "total_time": 8.4802, "epochs": 50}