{"arquitecture": "A", "trainable_params": 210705, "non_trainable_params": 0, "train_metrics": {"mse": 4.917132697353147e-05, "mae": 0.0012282239519432196, "r2_score": -0.031587264171703655, "kendalltau": -0.10382056140264623, "pearsonr": 0.007807045081389688, "spearmanr": -0.14551731482388178}, "test_metrics": {"mse": 1.0905724893246159e-06, "mae": 0.0009662933746079087, "r2": -5.987407470364121, "kendalltau": -0.09492349848620014, "pearsonr": 0.01982996900699019, "spearmanr": -0.13602141742223392}, "total_time": 8.3798, "epochs": 50}