{"arquitecture": "D", "trainable_params": 20801, "non_trainable_params": 0, "train_metrics": {"mse": 4.9640443403219075e-05, "mae": 0.0010966089317491698, "r2_score": -0.041429067597914315, "kendalltau": -0.016477755105257806, "pearsonr": -0.013008039573701528, "spearmanr": -0.024309592620320435}, "test_metrics": {"mse": 1.8481990509054972e-06, "mae": 0.0008829359702707027, "r2": -10.841596942367925, "kendalltau": -0.053026612663708346, "pearsonr": -0.0056831362760311815, "spearmanr": -0.0767287583001886}, "total_time": 9.3504, "epochs": 50}