{"arquitecture": "D", "trainable_params": 20801, "non_trainable_params": 0, "train_metrics": {"mse": 4.168936427208604e-05, "mae": 0.0005861675855103149, "r2_score": 0.12538017821547287, "kendalltau": -0.037068730697451424, "pearsonr": 0.7222679104036991, "spearmanr": -0.049113633011931064}, "test_metrics": {"mse": 3.648746051015673e-07, "mae": 0.0003390796229476668, "r2": -1.3377882409373396, "kendalltau": -0.0005629023039642316, "pearsonr": 0.7835075543017731, "spearmanr": 0.0006920903539512027}, "total_time": 9.4586, "epochs": 50}