{"arquitecture": "B", "trainable_params": 210705, "non_trainable_params": 0, "train_metrics": {"mse": 4.8084426411820244e-05, "mae": 0.0006471197452348939, "r2_score": -0.008784691089103625, "kendalltau": 0.061649788938400896, "pearsonr": 0.0009258761910493591, "spearmanr": 0.07686174971026281}, "test_metrics": {"mse": 3.049747684209339e-07, "mae": 0.00038576780306644485, "r2": -0.9540039713056621, "kendalltau": 0.04105180827930178, "pearsonr": -0.008309975167124416, "spearmanr": 0.05187529312359897}, "total_time": 6.739, "epochs": 50}