{"arquitecture": "C", "trainable_params": 21697, "non_trainable_params": 0, "train_metrics": {"mse": 4.768429158030858e-05, "mae": 0.00047696254216728583, "r2_score": -0.0003900834682617482, "kendalltau": -0.018841151310573453, "pearsonr": 0.0009386287804494331, "spearmanr": -0.023240802790326292}, "test_metrics": {"mse": 1.7281076882329456e-07, "mae": 0.00021019954493373163, "r2": -0.10721595203914536, "kendalltau": -0.027933049675292226, "pearsonr": 0.0017457662787253242, "spearmanr": -0.03423257268939075}, "total_time": 27.1079, "epochs": 100}