{"arquitecture": "B", "trainable_params": 210705, "non_trainable_params": 0, "train_metrics": {"mse": 5.120267121778095e-05, "mae": 0.0009002803962502341, "r2_score": -0.07420374374412297, "kendalltau": -0.10088348008598871, "pearsonr": -0.04015320875256008, "spearmanr": -0.14910937010576064}, "test_metrics": {"mse": 4.312675056958819e-06, "mae": 0.0006973559946562942, "r2": -26.631742231925454, "kendalltau": -0.11070029424670282, "pearsonr": -0.0493707508990736, "spearmanr": -0.1656018835062201}, "total_time": 6.825, "epochs": 50}