{"arquitecture": "B", "trainable_params": 210705, "non_trainable_params": 0, "train_metrics": {"mse": 4.7718597360618076e-05, "mae": 0.00038235597940019904, "r2_score": -0.0011097997792288705, "kendalltau": -0.06239005362926916, "pearsonr": -0.0036272181508542802, "spearmanr": -0.07643377718608967}, "test_metrics": {"mse": 1.5703794575945767e-07, "mae": 0.00011890720816463197, "r2": -0.006157890531250265, "kendalltau": -0.020124423830595768, "pearsonr": -0.014106044667088485, "spearmanr": -0.02467081679380352}, "total_time": 6.8526, "epochs": 50}