{"arquitecture": "A", "trainable_params": 206609, "non_trainable_params": 0, "train_metrics": {"mse": 0.0031371752282970708, "mae": 0.03213118799026739, "r2_score": -64.81620245327674, "kendalltau": -0.023194712358264404, "pearsonr": -0.01154395167842002, "spearmanr": -0.034526601263241474}, "test_metrics": {"mse": 0.005327699613434958, "mae": 0.038609138010991424, "r2": -34134.10650889954, "kendalltau": 0.04412022171205611, "pearsonr": -0.005044327039918496, "spearmanr": 0.06691938861961894}, "total_time": 8.7239, "epochs": 50}