{"arquitecture": "D", "trainable_params": 20801, "non_trainable_params": 0, "train_metrics": {"mse": 4.785481076069629e-05, "mae": 0.0004295907999714118, "r2_score": -0.0039674816312123, "kendalltau": 0.03808532065047127, "pearsonr": 0.004974319895247434, "spearmanr": 0.05548237923895086}, "test_metrics": {"mse": 2.2874910181331156e-07, "mae": 0.00015052327602452635, "r2": -0.4656184696528256, "kendalltau": -0.0499764275376728, "pearsonr": 0.0038200760139831726, "spearmanr": -0.07300482507840884}, "total_time": 10.0412, "epochs": 50}