{"arquitecture": "A", "trainable_params": 206609, "non_trainable_params": 0, "train_metrics": {"mse": 0.0042157397704001036, "mae": 0.04948046716083504, "r2_score": -87.44389045160138, "kendalltau": -0.022331548568269254, "pearsonr": 0.012662612206751996, "spearmanr": -0.034958408805286105}, "test_metrics": {"mse": 0.006457592886486766, "mae": 0.06160303410118525, "r2": -41373.446189772745, "kendalltau": 0.030476676457611287, "pearsonr": -0.0016812506285473815, "spearmanr": 0.04213059132859312}, "total_time": 8.8129, "epochs": 50}