{"arquitecture": "A", "trainable_params": 206609, "non_trainable_params": 0, "train_metrics": {"mse": 0.003850381305525196, "mae": 0.0402267887777874, "r2_score": -79.77887178279136, "kendalltau": 0.003513191037309634, "pearsonr": 0.02307849039742203, "spearmanr": 0.004475319638724008}, "test_metrics": {"mse": 0.011139586831435922, "mae": 0.06952187863208542, "r2": -71371.45162946386, "kendalltau": -0.03267547058424299, "pearsonr": -0.004762030124288005, "spearmanr": -0.04970826765038637}, "total_time": 8.6488, "epochs": 50}