{"arquitecture": "B", "trainable_params": 263953, "non_trainable_params": 0, "train_metrics": {"mse": 4.947718947620417e-05, "mae": 0.0015349500195878671, "r2_score": -0.03800409043540576, "kendalltau": -0.07434585705937206, "pearsonr": -0.004086688876811833, "spearmanr": -0.10721229598418133}, "test_metrics": {"mse": 3.7598687560663527e-06, "mae": 0.0013636096444139426, "r2": -23.08985674120259, "kendalltau": -0.0597645376168978, "pearsonr": -0.01131703347033328, "spearmanr": -0.08768900979618884}, "total_time": 21.1895, "epochs": 100}