{"arquitecture": "D", "trainable_params": 21697, "non_trainable_params": 0, "train_metrics": {"mse": 4.82247883315264e-05, "mae": 0.0009173495601496866, "r2_score": -0.0117294065901008, "kendalltau": 0.04445222584363554, "pearsonr": -0.06460981742872496, "spearmanr": 0.06043752217636374}, "test_metrics": {"mse": 5.87723575812916e-07, "mae": 0.0006538823508565169, "r2": -2.7656039780423143, "kendalltau": 0.011985406979700686, "pearsonr": -0.15482228936732967, "spearmanr": 0.014953092631227873}, "total_time": 26.7943, "epochs": 100}