{"arquitecture": "B", "trainable_params": 206609, "non_trainable_params": 0, "train_metrics": {"mse": 0.002552061786871239, "mae": 0.035002947048776205, "r2_score": -52.540845829375286, "kendalltau": 0.03054511787633737, "pearsonr": -0.005428850382393872, "spearmanr": 0.04546590500789575}, "test_metrics": {"mse": 0.0033488155518418086, "mae": 0.03922119207436739, "r2": -21455.197577753104, "kendalltau": 0.02074110511540299, "pearsonr": -0.014461430977126974, "spearmanr": 0.031368777736825816}, "total_time": 7.2987, "epochs": 50}