{"arquitecture": "B", "trainable_params": 210705, "non_trainable_params": 0, "train_metrics": {"mse": 5.353767027503244e-05, "mae": 0.002955213644378621, "r2_score": -0.12319073347108689, "kendalltau": -0.01869121206237058, "pearsonr": 0.02103255441114996, "spearmanr": -0.026719776725698995}, "test_metrics": {"mse": 8.060471954415274e-06, "mae": 0.00272219246848521, "r2": -50.64425336258159, "kendalltau": -0.037598167803166216, "pearsonr": 0.0003550065344802726, "spearmanr": -0.051672746911008545}, "total_time": 6.8563, "epochs": 50}