{"arquitecture": "C", "trainable_params": 20737, "non_trainable_params": 0, "train_metrics": {"mse": 0.002303992619990617, "mae": 0.0309194315638321, "r2_score": -47.336491809694536, "kendalltau": 0.04003826358362643, "pearsonr": 0.012110283631813516, "spearmanr": 0.05963181077498443}, "test_metrics": {"mse": 0.0023255531443196484, "mae": 0.030501074782884163, "r2": -14899.05256176152, "kendalltau": 0.00155809856224148, "pearsonr": 0.00130373642695421, "spearmanr": 0.004726953028936183}, "total_time": 10.1442, "epochs": 50}