{"arquitecture": "A", "trainable_params": 263953, "non_trainable_params": 0, "train_metrics": {"mse": 9.303725911036807e-05, "mae": 0.0039884830217540345, "r2_score": -0.9518702768253873, "kendalltau": 0.016832831820019514, "pearsonr": 0.42259594462960154, "spearmanr": 0.025381942317688245}, "test_metrics": {"mse": 0.0038816843165733824, "mae": 0.01663491939737215, "r2": -24869.341271873756, "kendalltau": 0.00632503794726136, "pearsonr": 0.010080616320606644, "spearmanr": 0.008569056054470904}, "total_time": 23.7502, "epochs": 100}