{"arquitecture": "D", "trainable_params": 21697, "non_trainable_params": 0, "train_metrics": {"mse": 4.8177151067783984e-05, "mae": 0.0008775628131832904, "r2_score": -0.01073000312468042, "kendalltau": 0.02174576701908127, "pearsonr": -0.017634642448135333, "spearmanr": 0.03277614258661885}, "test_metrics": {"mse": 6.754664502480655e-07, "mae": 0.0006134992553886459, "r2": -3.327781386972802, "kendalltau": 0.07049145099598211, "pearsonr": 0.011361310431790572, "spearmanr": 0.10346001104601567}, "total_time": 26.5959, "epochs": 100}