{"arquitecture": "C", "trainable_params": 20801, "non_trainable_params": 0, "train_metrics": {"mse": 4.766957790584861e-05, "mae": 0.0005458906689563693, "r2_score": -8.139870996237697e-05, "kendalltau": 0.014633683308455658, "pearsonr": -0.0009165278680614736, "spearmanr": 0.017914239669102928}, "test_metrics": {"mse": 1.9753873100036214e-07, "mae": 0.00027913416676031546, "r2": -0.2656504892517315, "kendalltau": 0.049421419003391504, "pearsonr": 0.005340225906810139, "spearmanr": 0.06044100082020833}, "total_time": 10.2472, "epochs": 50}