{"arquitecture": "C", "trainable_params": 20801, "non_trainable_params": 0, "train_metrics": {"mse": 5.09612497259294e-05, "mae": 0.0012896457198347318, "r2_score": -0.0691388542725524, "kendalltau": -0.019262169038445784, "pearsonr": -0.0009111090071695856, "spearmanr": -0.028303759107239534}, "test_metrics": {"mse": 3.4648363353843654e-06, "mae": 0.0010548970545813867, "r2": -21.199554390416527, "kendalltau": 0.020488820615121424, "pearsonr": 0.01019280023240477, "spearmanr": 0.030259838106008508}, "total_time": 10.2682, "epochs": 50}