{"arquitecture": "A", "trainable_params": 263953, "non_trainable_params": 0, "train_metrics": {"mse": 8.745194715527012e-05, "mae": 0.002516028057579828, "r2_score": -0.8346935188662925, "kendalltau": -0.02072564629281805, "pearsonr": -0.0003236362206116275, "spearmanr": -0.03340157625105322}, "test_metrics": {"mse": 0.0009854252645957753, "mae": 0.00798514390601069, "r2": -6312.718641102203, "kendalltau": -0.027062321406693637, "pearsonr": -0.017395232924361636, "spearmanr": -0.042382106041489585}, "total_time": 22.5399, "epochs": 100}