{"arquitecture": "A", "trainable_params": 206609, "non_trainable_params": 0, "train_metrics": {"mse": 0.002099946302668224, "mae": 0.03371606046373323, "r2_score": -43.05571284344405, "kendalltau": -0.0026209606477309924, "pearsonr": 0.01018300813520606, "spearmanr": -0.003723260826703671}, "test_metrics": {"mse": 0.002925475659351533, "mae": 0.038833732883041226, "r2": -18742.816368575903, "kendalltau": -0.006739518345411482, "pearsonr": 0.0454097819889651, "spearmanr": -0.01356118370385694}, "total_time": 9.1392, "epochs": 50}