{"arquitecture": "A", "trainable_params": 263953, "non_trainable_params": 0, "train_metrics": {"mse": 0.0002448646142993565, "mae": 0.004546700493100865, "r2_score": -4.137124277599925, "kendalltau": 0.03942953229638061, "pearsonr": 0.006292814288781289, "spearmanr": 0.05796709330478294}, "test_metrics": {"mse": 0.002150457817116356, "mae": 0.01283470579017355, "r2": -13777.199214732917, "kendalltau": 0.06473818382115741, "pearsonr": 0.004475351559667563, "spearmanr": 0.09185770427886256}, "total_time": 23.175, "epochs": 100}