{"arquitecture": "D", "trainable_params": 20801, "non_trainable_params": 0, "train_metrics": {"mse": 4.770814331692428e-05, "mae": 0.0007358754717375354, "r2_score": -0.0008904797202149428, "kendalltau": -0.010166850517815174, "pearsonr": 0.00011573431682664108, "spearmanr": -0.012679120503820085}, "test_metrics": {"mse": 3.0553567572496327e-07, "mae": 0.00045337478237816615, "r2": -0.9575977607371045, "kendalltau": 0.02440558371759254, "pearsonr": 0.00046486470626778124, "spearmanr": 0.029697339920502396}, "total_time": 10.1544, "epochs": 50}