{"arquitecture": "B", "trainable_params": 263953, "non_trainable_params": 0, "train_metrics": {"mse": 5.1028041203986464e-05, "mae": 0.0022735983240771865, "r2_score": -0.0705401025682506, "kendalltau": 0.058759258975472406, "pearsonr": 0.0023717231809943927, "spearmanr": 0.08602817930593544}, "test_metrics": {"mse": 8.140999686013816e-06, "mae": 0.0021676130647721777, "r2": -51.16020262670762, "kendalltau": 0.08134764355643839, "pearsonr": 0.004592792037101969, "spearmanr": 0.12286790638924937}, "total_time": 21.4991, "epochs": 100}