{"arquitecture": "A", "trainable_params": 263953, "non_trainable_params": 0, "train_metrics": {"mse": 1.3567822268586778, "mae": 0.7763218493846213, "r2_score": 0.9665003944822541, "kendalltau": 0.8062775845318273, "pearsonr": 0.9832656879748087, "spearmanr": 0.9358683609348628}, "test_metrics": {"mse": 3.654768514936674, "mae": 1.3241345601539265, "r2": 0.907108362953235, "kendalltau": 0.6377010579795142, "pearsonr": 0.9534526575660865, "spearmanr": 0.8061795591634827}, "total_time": 22.262, "epochs": 100}