{"arquitecture": "D", "trainable_params": 21697, "non_trainable_params": 0, "train_metrics": {"mse": 4.651552027695399, "mae": 1.7542751465793025, "r2_score": 0.8851509439846917, "kendalltau": 0.6587929470845728, "pearsonr": 0.9534251172248372, "spearmanr": 0.8341004578764506}, "test_metrics": {"mse": 5.501913049933292, "mae": 1.8566868258738924, "r2": 0.8601603061839559, "kendalltau": 0.5931367318650145, "pearsonr": 0.9383423283502641, "spearmanr": 0.7709622755066429}, "total_time": 30.2892, "epochs": 100}