{"arquitecture": "B", "trainable_params": 263953, "non_trainable_params": 0, "train_metrics": {"mse": 3.3808800291080727, "mae": 1.3730085275434334, "r2_score": 0.9165244465648925, "kendalltau": 0.6371375992954298, "pearsonr": 0.9576713692054494, "spearmanr": 0.8092194958104978}, "test_metrics": {"mse": 4.715164675265278, "mae": 1.577803473608189, "r2": 0.880156742119122, "kendalltau": 0.5657987005662293, "pearsonr": 0.9398938161878245, "spearmanr": 0.7403176262599982}, "total_time": 21.7236, "epochs": 100}