{"arquitecture": "C", "trainable_params": 21697, "non_trainable_params": 0, "train_metrics": {"mse": 6.116653552041545, "mae": 1.96229731309285, "r2_score": 0.8489768829324045, "kendalltau": 0.6405098610122032, "pearsonr": 0.9501191607533535, "spearmanr": 0.8174047096267795}, "test_metrics": {"mse": 6.474382229153856, "mae": 1.9738336013144693, "r2": 0.835443486591652, "kendalltau": 0.5780912548045549, "pearsonr": 0.9350739625889042, "spearmanr": 0.7540199909172964}, "total_time": 31.1881, "epochs": 100}