description,test_r2_score,test_mean_squared_error,fit_time,score_time,train_test_score
SVR,-44482.47944023333,0.0001437578136743587,0.049625825881958005,0.013804054260253907,-11544.402189546197
KNN,-0.17072993537858783,3.783462490592132e-09,0.03104267120361328,0.09838109016418457,-1.611220763179746
DT,-5.344026213210639,2.050206840337935e-08,0.47745537757873535,0.012070512771606446,-0.3085661171744919
bagging,-2.7315297390256346,1.2059231060464047e-08,2.8674949169158936,0.02618131637573242,-1.9986506840500016
RF,-1.4075387911816537,7.780473050034136e-09,27.638339042663574,0.025887203216552735,-0.4025894229252106
Adaboost,-2.835526374204866,1.2395318279606673e-08,5.066819858551026,0.03540558815002441,-0.4511429731245218
GradientBoostingRegressor,-0.9606549730047063,6.336273057677814e-09,6.127412414550781,0.013675737380981445,-0.21000419581257165
