{"arquitecture": "B", "trainable_params": 304913, "non_trainable_params": 0, "train_metrics": {"mse": 3.187773980579627e-07, "mae": 0.00023856657443554788, "r2_score": -0.14548714203658486, "kendalltau": 0.05552750072888368, "pearsonr": -0.0013571809141503834, "spearmanr": 0.07606145957033578}, "test_metrics": {"mse": 5.120365125918518e-08, "mae": 0.00022370530349417992, "r2": -14.844123598125538, "kendalltau": 0.09473654558224603, "pearsonr": -0.006821354154928978, "spearmanr": 0.13488771612288092}, "total_time": 14.007, "epochs": 50}