{"arquitecture": "A", "trainable_params": 34577, "non_trainable_params": 0, "train_metrics": {"mse": 7.031991303615692e-07, "mae": 0.000586762404483289, "r2_score": -1.5268590779262912, "kendalltau": 0.04840682577808617, "pearsonr": 0.04734517362028341, "spearmanr": 0.0728392520068288}, "test_metrics": {"mse": 9.323068601587248e-07, "mae": 0.0006935340006452237, "r2": -287.4869488889305, "kendalltau": 0.06662418731630518, "pearsonr": 0.05848742629989918, "spearmanr": 0.10042890208544343}, "total_time": 11.7069, "epochs": 50}