{"arquitecture": "B", "trainable_params": 34577, "non_trainable_params": 0, "train_metrics": {"mse": 4.6980170362497746e-07, "mae": 0.00040535473883521303, "r2_score": -0.68817429995913, "kendalltau": -0.018797306043742537, "pearsonr": 0.04031985695696003, "spearmanr": -0.030695437918378057}, "test_metrics": {"mse": 1.8086025192111586e-07, "mae": 0.0003760386709566586, "r2": -54.96421573378012, "kendalltau": -0.013112065607560262, "pearsonr": -0.010862436622714942, "spearmanr": -0.021444256419589414}, "total_time": 10.3527, "epochs": 50}