{"arquitecture": "C", "trainable_params": 22273, "non_trainable_params": 0, "train_metrics": {"mse": 2.784075304669224e-07, "mae": 7.080693673006487e-05, "r2_score": -0.0004230172492694084, "kendalltau": 0.16162372860666308, "pearsonr": 0.1332978555362079, "spearmanr": 0.20382631773663076}, "test_metrics": {"mse": 4.9618516928899905e-09, "mae": 5.3449365544338156e-05, "r2": -0.5353629978411913, "kendalltau": 0.20433608788263916, "pearsonr": 0.1354990670007016, "spearmanr": 0.2562894640339478}, "total_time": 19.6015, "epochs": 50}