{"arquitecture": "A", "trainable_params": 34577, "non_trainable_params": 0, "train_metrics": {"mse": 6.263241188164185e-06, "mae": 0.001980242727730074, "r2_score": -21.506182346125737, "kendalltau": 0.11369502357121922, "pearsonr": 0.05901153779772212, "spearmanr": 0.16994540499098976}, "test_metrics": {"mse": 9.240803854837803e-06, "mae": 0.002248266132072512, "r2": -2858.414022663488, "kendalltau": 0.11475495417461799, "pearsonr": 0.06419143363206598, "spearmanr": 0.17148798007777313}, "total_time": 11.6436, "epochs": 30}