{"arquitecture": "D", "trainable_params": 18049, "non_trainable_params": 0, "train_metrics": {"mse": 2.8402931901670444e-07, "mae": 7.5698939866817e-05, "r2_score": -0.02062421889736399, "kendalltau": 0.04066309987520583, "pearsonr": -0.005838084245669825, "spearmanr": 0.05035949702948941}, "test_metrics": {"mse": 6.631837300066392e-09, "mae": 5.827754596943485e-05, "r2": -1.0521124427833075, "kendalltau": -0.02693570233013593, "pearsonr": -0.01841569210207003, "spearmanr": -0.035049158003926065}, "total_time": 13.7266, "epochs": 50}