{"arquitecture": "D", "trainable_params": 22273, "non_trainable_params": 0, "train_metrics": {"mse": 2.8217887338086597e-07, "mae": 6.355372340113604e-05, "r2_score": -0.01397487143482734, "kendalltau": 0.06147745879019976, "pearsonr": 0.042045599481676806, "spearmanr": 0.0797853838484632}, "test_metrics": {"mse": 5.3578256451538e-09, "mae": 4.608883626338997e-05, "r2": -0.6578905927884484, "kendalltau": -0.007769301525507473, "pearsonr": 0.007307390248901774, "spearmanr": -0.011289511514049111}, "total_time": 19.3879, "epochs": 50}