{"arquitecture": "A", "trainable_params": 304913, "non_trainable_params": 0, "train_metrics": {"mse": 2.9321069905319606e-07, "mae": 0.00016688890652288233, "r2_score": -0.05361637217430415, "kendalltau": 0.1582691677318169, "pearsonr": 0.10030228127752304, "spearmanr": 0.2390984354204353}, "test_metrics": {"mse": 3.306133843502863e-08, "mae": 0.00015702160138671736, "r2": -9.23028474732229, "kendalltau": 0.149481094123782, "pearsonr": 0.14210983460217436, "spearmanr": 0.22515050636981843}, "total_time": 15.2211, "epochs": 50}