{"arquitecture": "B", "trainable_params": 34577, "non_trainable_params": 0, "train_metrics": {"mse": 4.4851157113602705e-07, "mae": 0.0003139555067104882, "r2_score": -0.6116708427914619, "kendalltau": -0.1244316267848406, "pearsonr": -0.056808183684357146, "spearmanr": -0.19817168057022044}, "test_metrics": {"mse": 1.5878410034723797e-07, "mae": 0.00030127081685258033, "r2": -48.133115499600436, "kendalltau": -0.15936168717288673, "pearsonr": -0.0970327973577278, "spearmanr": -0.25019913906340663}, "total_time": 10.884, "epochs": 30}