{"arquitecture": "C", "trainable_params": 18049, "non_trainable_params": 0, "train_metrics": {"mse": 2.786614603167872e-07, "mae": 6.599349191771688e-05, "r2_score": -0.001335482749557082, "kendalltau": -0.052743663141963236, "pearsonr": -0.007447270129394506, "spearmanr": -0.06482086140670756}, "test_metrics": {"mse": 4.577277399341834e-09, "mae": 4.865537734068431e-05, "r2": -0.41636283887214187, "kendalltau": -0.05306958213001712, "pearsonr": -0.017371095131156828, "spearmanr": -0.06504832367541265}, "total_time": 14.2088, "epochs": 50}