{"arquitecture": "C", "trainable_params": 19649, "non_trainable_params": 0, "train_metrics": {"mse": 2.784156372260818e-07, "mae": 6.148436181817757e-05, "r2_score": -0.00045214788537228934, "kendalltau": 0.15194684875303213, "pearsonr": 0.019700717705395807, "spearmanr": 0.18652679117270546}, "test_metrics": {"mse": 4.1720026603410324e-09, "mae": 4.38989472362871e-05, "r2": -0.29095726919072407, "kendalltau": 0.13943281720009215, "pearsonr": 0.1877293183571424, "spearmanr": 0.17067236619308995}, "total_time": 15.1531, "epochs": 50}