{"arquitecture": "A", "trainable_params": 132881, "non_trainable_params": 0, "train_metrics": {"mse": 2.76268896186287e-07, "mae": 7.50633643873937e-05, "r2_score": 0.007261900454780368, "kendalltau": 0.20016588561282334, "pearsonr": 0.0987291781103822, "spearmanr": 0.29444461709550157}, "test_metrics": {"mse": 7.458976394725906e-09, "mae": 5.806774471473564e-05, "r2": -1.3080569648309632, "kendalltau": 0.2145937147152129, "pearsonr": 0.24555514307665913, "spearmanr": 0.3163909940783329}, "total_time": 14.0398, "epochs": 30}