{"arquitecture": "B", "trainable_params": 132881, "non_trainable_params": 0, "train_metrics": {"mse": 8.998932722480403e-06, "mae": 0.002972699489786775, "r2_score": -31.336551425704492, "kendalltau": 0.11276237099610241, "pearsonr": 0.03396427669452236, "spearmanr": 0.1391752259165436}, "test_metrics": {"mse": 8.827142790173737e-06, "mae": 0.002970508342968976, "r2": -2730.4134431131392, "kendalltau": 0.11522558821276088, "pearsonr": 0.09671447472110323, "spearmanr": 0.14163566912384}, "total_time": 11.0742, "epochs": 50}