{"arquitecture": "D", "trainable_params": 19649, "non_trainable_params": 0, "train_metrics": {"mse": 2.794259129076539e-07, "mae": 3.3883464994012906e-05, "r2_score": -0.004082448559771468, "kendalltau": 0.10247646416678456, "pearsonr": 0.013452552045178682, "spearmanr": 0.1256265291007334}, "test_metrics": {"mse": 3.489635710683786e-09, "mae": 1.646079209846162e-05, "r2": -0.07981009464805133, "kendalltau": 0.08736569290026427, "pearsonr": 0.175479895647132, "spearmanr": 0.10691854459713941}, "total_time": 14.756, "epochs": 50}