{"arquitecture": "A", "trainable_params": 132881, "non_trainable_params": 0, "train_metrics": {"mse": 2.9098363288371786e-07, "mae": 0.0001160857204464189, "r2_score": -0.04561368541814326, "kendalltau": -0.04925370782657163, "pearsonr": 0.04852487257102325, "spearmanr": -0.06049868494508408}, "test_metrics": {"mse": 1.2779087322067335e-08, "mae": 9.849271892079803e-05, "r2": -2.954277361533924, "kendalltau": -0.06264676754169722, "pearsonr": 0.21738541115085366, "spearmanr": -0.07800263282028916}, "total_time": 12.5014, "epochs": 50}