{"arquitecture": "C", "trainable_params": 21697, "non_trainable_params": 0, "train_metrics": {"mse": 47.328904131133754, "mae": 0.829393967091444, "r2_score": -170070560.64953756, "kendalltau": 0.123679918286666, "pearsonr": 0.00204634775642978, "spearmanr": 0.15737471614973078}, "test_metrics": {"mse": 13.126228216911821, "mae": 0.4981335956741087, "r2": -4061694372.9660854, "kendalltau": 0.1339756234463792, "pearsonr": -0.0064866706530631365, "spearmanr": 0.17038702449515405}, "total_time": 22.8449, "epochs": 50}