{"arquitecture": "B", "trainable_params": 272145, "non_trainable_params": 0, "train_metrics": {"mse": 1.3619332056608391e-06, "mae": 0.0008808204845641113, "r2_score": -3.893938481527769, "kendalltau": 0.14668969705755538, "pearsonr": 0.04367569030283857, "spearmanr": 0.21447743366226443}, "test_metrics": {"mse": 1.0068964777048075e-06, "mae": 0.0008229948232943787, "r2": -310.56747323581584, "kendalltau": 0.1400573244170317, "pearsonr": 0.040812750279762215, "spearmanr": 0.20767168087059976}, "total_time": 13.4128, "epochs": 50}