{"arquitecture": "C", "trainable_params": 21697, "non_trainable_params": 0, "train_metrics": {"mse": 12.04121258192757, "mae": 0.3452037178917726, "r2_score": -43268606.72174072, "kendalltau": -0.07785254196070956, "pearsonr": 0.002348941155720672, "spearmanr": -0.09888004628927045}, "test_metrics": {"mse": 19.34029930721415, "mae": 0.4762807254543694, "r2": -5984535966.896892, "kendalltau": -0.05811910865696332, "pearsonr": -0.027237265648474365, "spearmanr": -0.07245829778705223}, "total_time": 19.9843, "epochs": 50}