{"arquitecture": "C", "trainable_params": 19649, "non_trainable_params": 0, "train_metrics": {"mse": 7.171984953291673e-07, "mae": 0.0006609451142042279, "r2_score": -1.5771640639910345, "kendalltau": 0.12498871589492618, "pearsonr": 0.007928598553781937, "spearmanr": 0.1553594869351256}, "test_metrics": {"mse": 4.1986797006214676e-07, "mae": 0.0006428906783465234, "r2": -128.92120383925504, "kendalltau": 0.13293215708045736, "pearsonr": 0.02604741069611116, "spearmanr": 0.1653598193863306}, "total_time": 15.3555, "epochs": 50}