{"arquitecture": "A", "trainable_params": 268049, "non_trainable_params": 0, "train_metrics": {"mse": 0.00026931067705674485, "mae": 0.007463820281924044, "r2_score": -966.734599946687, "kendalltau": -0.01422269972590423, "pearsonr": -0.008777973910996275, "spearmanr": -0.01709916251339137}, "test_metrics": {"mse": 0.00029001799831648026, "mae": 0.007622360108684203, "r2": -89740.27621773822, "kendalltau": -0.019102400594901797, "pearsonr": -0.02332028037275357, "spearmanr": -0.02441788159808129}, "total_time": 14.6397, "epochs": 50}