{"arquitecture": "B", "trainable_params": 272145, "non_trainable_params": 0, "train_metrics": {"mse": 1.2998673858825022e-06, "mae": 0.0009046826062495699, "r2_score": -3.6709126366931937, "kendalltau": 0.15291847899622849, "pearsonr": 0.029690724550097063, "spearmanr": 0.22557922351459558}, "test_metrics": {"mse": 9.69795704153093e-07, "mae": 0.0008571643505631385, "r2": -299.0872520546362, "kendalltau": 0.13276260510502186, "pearsonr": 0.06264139100789792, "spearmanr": 0.19952773146696626}, "total_time": 13.2538, "epochs": 50}