{"arquitecture": "B", "trainable_params": 268049, "non_trainable_params": 0, "train_metrics": {"mse": 2.9238334470041485e-06, "mae": 0.001531495817595347, "r2_score": -9.506433766646083, "kendalltau": 0.07915649483269076, "pearsonr": 0.026653768130924876, "spearmanr": 0.1214586875287343}, "test_metrics": {"mse": 2.806382796144995e-06, "mae": 0.0015486700392481562, "r2": -867.3887729158404, "kendalltau": 0.09723870546782624, "pearsonr": 0.06614535570825214, "spearmanr": 0.15006009839128195}, "total_time": 13.2734, "epochs": 50}