{"arquitecture": "D", "trainable_params": 19649, "non_trainable_params": 0, "train_metrics": {"mse": 2.8013104858756817e-05, "mae": 0.0030721820237683732, "r2_score": -99.66162663889332, "kendalltau": 0.10838781769865456, "pearsonr": 0.011239606737007123, "spearmanr": 0.15059315338931847}, "test_metrics": {"mse": 2.0322795138564173e-05, "mae": 0.002996894686026575, "r2": -6287.553064407376, "kendalltau": 0.09610746555579673, "pearsonr": 0.02183830501343324, "spearmanr": 0.13509882849107996}, "total_time": 15.0639, "epochs": 50}