{"arquitecture": "A", "trainable_params": 132881, "non_trainable_params": 0, "train_metrics": {"mse": 7.0551658284883746e-06, "mae": 0.00048181798146440817, "r2_score": -24.351865567331913, "kendalltau": -0.03131556777039481, "pearsonr": -0.0020581989008192805, "spearmanr": -0.041296530312207945}, "test_metrics": {"mse": 1.4334874632326271e-05, "mae": 0.0006167598876409213, "r2": -4434.69003094226, "kendalltau": -0.023804466741110076, "pearsonr": 0.006937714606133342, "spearmanr": -0.031068417009252718}, "total_time": 12.5821, "epochs": 50}