{"arquitecture": "B", "trainable_params": 263953, "non_trainable_params": 0, "train_metrics": {"mse": 3.384863979920258e-06, "mae": 0.001200854528275798, "r2_score": -11.163089949797605, "kendalltau": -0.01793142645952924, "pearsonr": 0.03705124123378903, "spearmanr": -0.025754932070225247}, "test_metrics": {"mse": 3.0766141867018243e-06, "mae": 0.0011897646763882278, "r2": -951.0074103915748, "kendalltau": -0.021200176556004816, "pearsonr": -0.01158541063097509, "spearmanr": -0.02995124849872979}, "total_time": 12.8261, "epochs": 50}