{"arquitecture": "B", "trainable_params": 132881, "non_trainable_params": 0, "train_metrics": {"mse": 8.673207108157264e-05, "mae": 0.0091829133834392, "r2_score": -310.66096728124955, "kendalltau": 0.03318047076864665, "pearsonr": 0.007159055931275296, "spearmanr": 0.04429462338186072}, "test_metrics": {"mse": 8.567003819590889e-05, "mae": 0.009142303303532622, "r2": -26508.177381927908, "kendalltau": 0.045299601983559104, "pearsonr": -0.05764713307364465, "spearmanr": 0.06107737836981391}, "total_time": 11.3916, "epochs": 50}