{"arquitecture": "B", "trainable_params": 268049, "non_trainable_params": 0, "train_metrics": {"mse": 1.07083200289767e-05, "mae": 0.0027956788686467333, "r2_score": -37.479023232931006, "kendalltau": -0.005454029101923686, "pearsonr": -0.010925047670137581, "spearmanr": -0.007012506598778424}, "test_metrics": {"mse": 1.0391456322046719e-05, "mae": 0.002820417960160137, "r2": -3214.4644108802026, "kendalltau": 0.024991084046848282, "pearsonr": 0.058482192959396065, "spearmanr": 0.035262603661886036}, "total_time": 13.3181, "epochs": 50}