{"arquitecture": "A", "trainable_params": 132881, "non_trainable_params": 0, "train_metrics": {"mse": 7.099931380321288e-07, "mae": 9.411869396982748e-05, "r2_score": -1.5512725039625646, "kendalltau": -0.17357841460047385, "pearsonr": 0.0024789572458484136, "spearmanr": -0.22691441694900705}, "test_metrics": {"mse": 5.3952907770338785e-05, "mae": 0.0003507185978905291, "r2": -16693.835586322966, "kendalltau": -0.1446377717216425, "pearsonr": 0.006840575832379248, "spearmanr": -0.1898171174251928}, "total_time": 12.856, "epochs": 50}