{"arquitecture": "B", "trainable_params": 132881, "non_trainable_params": 0, "train_metrics": {"mse": 3.4932780274109436e-07, "mae": 0.00022598726975858494, "r2_score": -0.25526624168962386, "kendalltau": 0.061752830165648746, "pearsonr": 0.03048333310313648, "spearmanr": 0.0870909338652606}, "test_metrics": {"mse": 7.933936044401991e-08, "mae": 0.00020284743048843627, "r2": -23.55025378382143, "kendalltau": 0.06287541821096083, "pearsonr": 0.051648903913306746, "spearmanr": 0.09204085823049078}, "total_time": 11.4674, "epochs": 50}