{"arquitecture": "C", "trainable_params": 21761, "non_trainable_params": 0, "train_metrics": {"mse": 89315915.24180456, "mae": 6596.912395620578, "r2_score": -320945691608014.7, "kendalltau": -0.08989839073073147, "pearsonr": 0.01900353538974412, "spearmanr": -0.13407815226618333}, "test_metrics": {"mse": 87996386.35374561, "mae": 6364.301414255418, "r2": -2.722902736993877e+16, "kendalltau": -0.08731625028320555, "pearsonr": -0.008254522763834732, "spearmanr": -0.13132748344467302}, "total_time": 18.1209, "epochs": 50}