{"arquitecture": "A", "trainable_params": 132881, "non_trainable_params": 0, "train_metrics": {"mse": 6.977476729077611e-05, "mae": 0.0037053123774894677, "r2_score": -249.7269939998886, "kendalltau": 0.10208494340657115, "pearsonr": 0.0018154731452843546, "spearmanr": 0.1367818624635759}, "test_metrics": {"mse": 3.287447552766722e-05, "mae": 0.0036858794874688166, "r2": -10171.46310907324, "kendalltau": 0.07968344490374166, "pearsonr": 0.003841682651119256, "spearmanr": 0.10835709630361999}, "total_time": 12.7173, "epochs": 50}