{"arquitecture": "D", "trainable_params": 21761, "non_trainable_params": 0, "train_metrics": {"mse": 101.12106049383492, "mae": 1.0684695353576097, "r2_score": -363366019.58509153, "kendalltau": -0.03121089795326286, "pearsonr": 0.0059299892015022, "spearmanr": -0.041518574421890754}, "test_metrics": {"mse": 49.184549890810345, "mae": 1.0892329459405239, "r2": -15219346049.998241, "kendalltau": -0.032979553024211315, "pearsonr": -0.0033609536275761125, "spearmanr": -0.046319952453141064}, "total_time": 18.5424, "epochs": 50}