{"arquitecture": "A", "trainable_params": 272145, "non_trainable_params": 0, "train_metrics": {"mse": 0.0023211715571899083, "mae": 0.025214561058372022, "r2_score": -8339.84282455502, "kendalltau": -0.034939474487066545, "pearsonr": -0.003877881909592471, "spearmanr": -0.054367536327778826}, "test_metrics": {"mse": 0.0030363485559962286, "mae": 0.028332734443921953, "r2": -939546.8764722727, "kendalltau": -0.022318545860723474, "pearsonr": 0.028786105576800163, "spearmanr": -0.03506861113749915}, "total_time": 14.4557, "epochs": 50}