{"arquitecture": "B", "trainable_params": 132881, "non_trainable_params": 0, "train_metrics": {"mse": 3.2451407174747416e-07, "mae": 0.00020860883311309782, "r2_score": -0.16610116922116003, "kendalltau": 0.1022120539645933, "pearsonr": 0.004941592721783196, "spearmanr": 0.1334790311091645}, "test_metrics": {"mse": 4.177110598335749e-08, "mae": 0.00019020988417519445, "r2": -11.925378361801794, "kendalltau": 0.09154836212292362, "pearsonr": 0.03895640125789735, "spearmanr": 0.12084428906736334}, "total_time": 11.3203, "epochs": 50}