{"arquitecture": "D", "trainable_params": 21697, "non_trainable_params": 0, "train_metrics": {"mse": 10864319.026686132, "mae": 1962.1873411011586, "r2_score": -39039586331616.99, "kendalltau": -0.06561002752808169, "pearsonr": -0.022013921044904836, "spearmanr": -0.09711710817685927}, "test_metrics": {"mse": 11397500.174205787, "mae": 2036.1469111485753, "r2": -3526768053232919.0, "kendalltau": -0.04948718743840526, "pearsonr": 0.029178365206596, "spearmanr": -0.0737666679810351}, "total_time": 18.3905, "epochs": 50}