{"arquitecture": "D", "trainable_params": 21697, "non_trainable_params": 0, "train_metrics": {"mse": 74511.4758029466, "mae": 157.59633371146893, "r2_score": -267747770030.44397, "kendalltau": 0.0004027122480697925, "pearsonr": 0.006211941474197586, "spearmanr": 0.0004871354534240467}, "test_metrics": {"mse": 56993.39164596512, "mae": 144.90536155321, "r2": -17635663069106.016, "kendalltau": -0.07862806617542391, "pearsonr": 0.008447546172666817, "spearmanr": -0.1197923073717982}, "total_time": 18.8024, "epochs": 50}