{"arquitecture": "B", "trainable_params": 268049, "non_trainable_params": 0, "train_metrics": {"mse": 1.1279195751031413e-06, "mae": 0.0008952680992356445, "r2_score": -3.053039451363774, "kendalltau": 0.09482700416338843, "pearsonr": 0.00712583777617682, "spearmanr": 0.13751824802778442}, "test_metrics": {"mse": 8.57892600058745e-07, "mae": 0.0008753904161492652, "r2": -264.4606860054679, "kendalltau": 0.11463937698923307, "pearsonr": 0.03388975938686104, "spearmanr": 0.17550137458332318}, "total_time": 13.2876, "epochs": 50}