{"arquitecture": "A", "trainable_params": 132881, "non_trainable_params": 0, "train_metrics": {"mse": 2.867186895989333e-07, "mae": 8.460774812086068e-05, "r2_score": -0.030288139366262623, "kendalltau": 0.16716498690816894, "pearsonr": 0.0161737853147205, "spearmanr": 0.2301189037968336}, "test_metrics": {"mse": 0.0006778655520706909, "mae": 0.0016347163605375003, "r2": -209753.2914577405, "kendalltau": 0.11615370768932874, "pearsonr": -0.0022081470782117753, "spearmanr": 0.1620868737020691}, "total_time": 12.7166, "epochs": 50}