{"arquitecture": "C", "trainable_params": 21761, "non_trainable_params": 0, "train_metrics": {"mse": 630.1680038411295, "mae": 4.117913125059922, "r2_score": -2264430758.89855, "kendalltau": -0.159594678875478, "pearsonr": -0.002005698245295177, "spearmanr": -0.23688552236082686}, "test_metrics": {"mse": 97.6660306531443, "mae": 2.9819025933396386, "r2": -30221138979.379826, "kendalltau": -0.1389590584166587, "pearsonr": -0.014862749127369687, "spearmanr": -0.204104690301169}, "total_time": 18.7177, "epochs": 50}