{"arquitecture": "A", "trainable_params": 272145, "non_trainable_params": 0, "train_metrics": {"mse": 0.0003185586831296495, "mae": 0.010506884273718915, "r2_score": -1143.7012170002413, "kendalltau": -0.1029857074243375, "pearsonr": -0.05771385166597414, "spearmanr": -0.15444734034934668}, "test_metrics": {"mse": 0.00034437832721696864, "mae": 0.010913187748837407, "r2": -106561.18153900848, "kendalltau": -0.14417689310455142, "pearsonr": -0.043226607627175, "spearmanr": -0.21519756065158083}, "total_time": 14.6456, "epochs": 50}