{"arquitecture": "D", "trainable_params": 21697, "non_trainable_params": 0, "train_metrics": {"mse": 7420333.37315545, "mae": 1894.6761615766216, "r2_score": -26664049962001.04, "kendalltau": -0.06364766680152115, "pearsonr": -0.005942218437366089, "spearmanr": -0.09152829484416905}, "test_metrics": {"mse": 7452836.908768087, "mae": 1963.4861714429492, "r2": -2306157202373549.5, "kendalltau": -0.07808727104218444, "pearsonr": 0.008878360438754248, "spearmanr": -0.1156682345508588}, "total_time": 19.1886, "epochs": 50}