{"arquitecture": "A", "trainable_params": 132881, "non_trainable_params": 0, "train_metrics": {"mse": 9.315019545336588e-05, "mae": 0.0006957247693247398, "r2_score": -333.7237031862086, "kendalltau": -0.00015964321378495575, "pearsonr": -0.001912652411674204, "spearmanr": -0.00020068664059870244}, "test_metrics": {"mse": 0.00027678861311683544, "mae": 0.001404635172225175, "r2": -85646.66162042406, "kendalltau": 0.0068202276214763885, "pearsonr": -0.002015773090576602, "spearmanr": 0.00837921491607459}, "total_time": 12.8558, "epochs": 30}