{"arquitecture": "A", "trainable_params": 268049, "non_trainable_params": 0, "train_metrics": {"mse": 0.00036311795909615475, "mae": 0.010103844291428963, "r2_score": -1303.8194624876792, "kendalltau": -0.01346318688709157, "pearsonr": 0.011756900451171753, "spearmanr": -0.0211435042445872}, "test_metrics": {"mse": 0.0004717523601113632, "mae": 0.010582760265915493, "r2": -145974.9708048369, "kendalltau": -0.023906363730245777, "pearsonr": -0.03148501139303715, "spearmanr": -0.03451716863429485}, "total_time": 14.4649, "epochs": 50}