{"arquitecture": "A", "trainable_params": 268049, "non_trainable_params": 0, "train_metrics": {"mse": 0.0008947833501582433, "mae": 0.015875449423130582, "r2_score": -3214.2932697202077, "kendalltau": 0.018100547520080435, "pearsonr": 0.0164579715082282, "spearmanr": 0.02549375534178573}, "test_metrics": {"mse": 0.001078404381667927, "mae": 0.01602509106209136, "r2": -333693.41224841826, "kendalltau": 0.02629385769165806, "pearsonr": 0.03550986335514163, "spearmanr": 0.03579530780856017}, "total_time": 14.3349, "epochs": 50}