{"arquitecture": "B", "trainable_params": 132881, "non_trainable_params": 0, "train_metrics": {"mse": 2.990484349654673e-07, "mae": 0.00014623175128274853, "r2_score": -0.07459355395334644, "kendalltau": 0.09502730301702103, "pearsonr": 0.0008864686782025506, "spearmanr": 0.12838628597717672}, "test_metrics": {"mse": 1.998942978803852e-08, "mae": 0.00012982404703403632, "r2": -5.18539866648515, "kendalltau": 0.11587637048117619, "pearsonr": 0.06561367221418016, "spearmanr": 0.15467316386378863}, "total_time": 11.2193, "epochs": 50}