{"arquitecture": "A", "trainable_params": 132881, "non_trainable_params": 0, "train_metrics": {"mse": 2.797255514978226e-07, "mae": 8.379726275317223e-05, "r2_score": -0.005159162763435976, "kendalltau": 0.29551983608821397, "pearsonr": 0.020883661970415666, "spearmanr": 0.3623875718630434}, "test_metrics": {"mse": 6.317472056764356e-09, "mae": 6.658341475859608e-05, "r2": -0.954837314011338, "kendalltau": 0.30813009113039386, "pearsonr": 0.2350899263996826, "spearmanr": 0.3769939321998654}, "total_time": 13.5872, "epochs": 30}