{"arquitecture": "A", "trainable_params": 132881, "non_trainable_params": 0, "train_metrics": {"mse": 0.00011197534747140539, "mae": 0.002131209117364437, "r2_score": -401.36955798933803, "kendalltau": -0.0228295184198546, "pearsonr": 0.00442485829131365, "spearmanr": -0.03393521954097313}, "test_metrics": {"mse": 0.00010427195575114968, "mae": 0.001827780476390534, "r2": -32264.23332050721, "kendalltau": -0.020163631906230186, "pearsonr": 0.015147918778380474, "spearmanr": -0.028792455425247852}, "total_time": 13.126, "epochs": 50}