{"arquitecture": "C", "trainable_params": 19649, "non_trainable_params": 0, "train_metrics": {"mse": 2.9587947511211913e-05, "mae": 0.0037667842184339086, "r2_score": -105.32062887715769, "kendalltau": -0.034230176074850106, "pearsonr": 0.004524214247071657, "spearmanr": -0.05320916977541646}, "test_metrics": {"mse": 2.9478806968904447e-05, "mae": 0.003699445049728625, "r2": -9120.729596516261, "kendalltau": -0.055808284651515785, "pearsonr": -0.02428205118196155, "spearmanr": -0.08440369741602505}, "total_time": 15.2854, "epochs": 50}