{"arquitecture": "D", "trainable_params": 19649, "non_trainable_params": 0, "train_metrics": {"mse": 0.00015160395546390612, "mae": 0.007434387075683264, "r2_score": -543.770058115021, "kendalltau": 0.09813245243107213, "pearsonr": 0.011247625796044323, "spearmanr": 0.14566132915280638}, "test_metrics": {"mse": 0.00019692729889503977, "mae": 0.0080064462261147, "r2": -60934.89786682085, "kendalltau": 0.07865022991039274, "pearsonr": -0.005644525784309879, "spearmanr": 0.11712432108392216}, "total_time": 14.9274, "epochs": 50}