{"arquitecture": "A", "trainable_params": 132881, "non_trainable_params": 0, "train_metrics": {"mse": 8.898515437333866e-07, "mae": 0.0008110569725064126, "r2_score": -2.19757143347616, "kendalltau": -0.1805461923386621, "pearsonr": -0.013144000036705364, "spearmanr": -0.23063020795139325}, "test_metrics": {"mse": 6.40486426878575e-07, "mae": 0.000798099239840179, "r2": -197.18793896198068, "kendalltau": -0.14303831716418802, "pearsonr": -0.07880640763500484, "spearmanr": -0.1841651848150074}, "total_time": 13.5814, "epochs": 50}