{"arquitecture": "A", "trainable_params": 268049, "non_trainable_params": 0, "train_metrics": {"mse": 0.0007874589482498416, "mae": 0.016006252501627218, "r2_score": -2828.636309214848, "kendalltau": 0.002918656740705061, "pearsonr": -0.00012499948942108419, "spearmanr": 0.000261904393958058}, "test_metrics": {"mse": 0.0007049615789015465, "mae": 0.01532795249275802, "r2": -218137.7091226661, "kendalltau": -0.01711000836653697, "pearsonr": -0.013707863850397219, "spearmanr": -0.027185057676397655}, "total_time": 14.5858, "epochs": 50}