{"arquitecture": "C", "trainable_params": 21761, "non_trainable_params": 0, "train_metrics": {"mse": 13329.739012964745, "mae": 33.989444316292406, "r2_score": -47898768039.255516, "kendalltau": -0.03370354606641131, "pearsonr": 0.0018830749651963488, "spearmanr": -0.052100767737787046}, "test_metrics": {"mse": 12014.815162477667, "mae": 33.85355417442079, "r2": -3717785973490.1074, "kendalltau": -0.010343826574972797, "pearsonr": -0.031457121631403386, "spearmanr": -0.015503694373101213}, "total_time": 18.7199, "epochs": 50}