{"arquitecture": "D", "trainable_params": 21761, "non_trainable_params": 0, "train_metrics": {"mse": 22383.02724029447, "mae": 43.089130417301654, "r2_score": -80430639246.98697, "kendalltau": 0.03186410743786301, "pearsonr": 0.0025716542405353022, "spearmanr": 0.04532973998395834}, "test_metrics": {"mse": 48080.65555302803, "mae": 52.96736523586094, "r2": -14877764193122.283, "kendalltau": 0.02146367986560265, "pearsonr": -0.0439770554218255, "spearmanr": 0.03078510856728418}, "total_time": 19.0188, "epochs": 50}