{"arquitecture": "A", "trainable_params": 132881, "non_trainable_params": 0, "train_metrics": {"mse": 4.442809871820413e-06, "mae": 9.445379169556501e-05, "r2_score": -14.964687627440059, "kendalltau": -0.294455313539412, "pearsonr": -0.001338600079181317, "spearmanr": -0.3612438662669012}, "test_metrics": {"mse": 2.9132109498581607e-05, "mae": 0.00033699929066243633, "r2": -9013.449794473489, "kendalltau": -0.30949361448612095, "pearsonr": -0.011102451737789934, "spearmanr": -0.3791545215679795}, "total_time": 12.8859, "epochs": 30}