{"arquitecture": "C", "trainable_params": 21761, "non_trainable_params": 0, "train_metrics": {"mse": 0.047080802308712616, "mae": 0.03031195151619851, "r2_score": -169178.03844484795, "kendalltau": -0.025984061239854233, "pearsonr": -0.002851221440805743, "spearmanr": -0.032518261721665116}, "test_metrics": {"mse": 0.04206029722151975, "mae": 0.018489829976658517, "r2": -13014862.81075434, "kendalltau": -0.005483462019702046, "pearsonr": 0.003706785426854373, "spearmanr": -0.006817531587417843}, "total_time": 18.9628, "epochs": 50}