{"arquitecture": "D", "trainable_params": 21761, "non_trainable_params": 0, "train_metrics": {"mse": 0.0035017103233502666, "mae": 0.014418740292019208, "r2_score": -12581.96282914374, "kendalltau": 0.04467891950771501, "pearsonr": -0.0013223079687880793, "spearmanr": 0.055689564996676565}, "test_metrics": {"mse": 0.0015342631162716096, "mae": 0.013516685984630778, "r2": -474751.36332666705, "kendalltau": 0.0406028811378467, "pearsonr": 0.01404296064535891, "spearmanr": 0.05068678917442328}, "total_time": 18.4973, "epochs": 50}