{"arquitecture": "C", "trainable_params": 21761, "non_trainable_params": 0, "train_metrics": {"mse": 235.5239949826818, "mae": 1.4156528376226882, "r2_score": -846326336.8688341, "kendalltau": 0.015999537123406415, "pearsonr": 0.0015599927841292145, "spearmanr": 0.02034442904191027}, "test_metrics": {"mse": 115.60446524564586, "mae": 0.859607743733405, "r2": -35771891081.05736, "kendalltau": 0.017101706923292874, "pearsonr": -0.02247642786831234, "spearmanr": 0.021749428919208863}, "total_time": 20.0053, "epochs": 50}