{"arquitecture": "B", "trainable_params": 132881, "non_trainable_params": 0, "train_metrics": {"mse": 2.8188473981939835e-06, "mae": 0.0015913889302176377, "r2_score": -9.129179388707398, "kendalltau": 0.16527584916549035, "pearsonr": 0.025489220309853382, "spearmanr": 0.2225364223380466}, "test_metrics": {"mse": 2.6202876592118107e-06, "mae": 0.0015897248617139116, "r2": -809.8047085362412, "kendalltau": 0.15287458179981464, "pearsonr": 0.09506007617178776, "spearmanr": 0.20646546867611085}, "total_time": 12.0682, "epochs": 50}