{"arquitecture": "C", "trainable_params": 19649, "non_trainable_params": 0, "train_metrics": {"mse": 2.2299752229732383e-06, "mae": 0.0011201341213507583, "r2_score": -7.013140079998857, "kendalltau": -0.059644506106727314, "pearsonr": 0.033571909552571395, "spearmanr": -0.07559909866324582}, "test_metrics": {"mse": 1.925543721421551e-06, "mae": 0.0011085033606022137, "r2": -594.8276795802698, "kendalltau": -0.01964291869989533, "pearsonr": 0.1048993519412619, "spearmanr": -0.02445715764605044}, "total_time": 15.4493, "epochs": 50}