{"arquitecture": "B", "trainable_params": 268049, "non_trainable_params": 0, "train_metrics": {"mse": 8.25924965191207e-07, "mae": 0.0007089992452560204, "r2_score": -1.9678591822294642, "kendalltau": 0.01469064298663267, "pearsonr": -0.022065264421256916, "spearmanr": 0.02369321818064003}, "test_metrics": {"mse": 5.816764634843804e-07, "mae": 0.00070367656333873, "r2": -178.99016778933, "kendalltau": 0.014774890462199675, "pearsonr": 0.005894293849546269, "spearmanr": 0.02730004319643987}, "total_time": 13.3167, "epochs": 50}