{"arquitecture": "A", "trainable_params": 132881, "non_trainable_params": 0, "train_metrics": {"mse": 4.541807380386925e-07, "mae": 9.237577300523111e-05, "r2_score": -0.6320422926891798, "kendalltau": -0.2801328069538591, "pearsonr": 0.005666787810326194, "spearmanr": -0.343714768931335}, "test_metrics": {"mse": 0.0003097984274111166, "mae": 0.0007699040580565526, "r2": -95861.00307397306, "kendalltau": -0.2967884726223413, "pearsonr": 0.009378087810817948, "spearmanr": -0.36308249150071636}, "total_time": 12.9572, "epochs": 30}