{"arquitecture": "B", "trainable_params": 132881, "non_trainable_params": 0, "train_metrics": {"mse": 2.880321752122009e-07, "mae": 0.0001399323698062492, "r2_score": -0.03500798741827049, "kendalltau": 0.25252076735673784, "pearsonr": 0.015240196974643875, "spearmanr": 0.3094432707156253}, "test_metrics": {"mse": 1.671018406350614e-08, "mae": 0.00012365034463434436, "r2": -4.170690275766715, "kendalltau": 0.2480702089417493, "pearsonr": 0.21384534614847314, "spearmanr": 0.3036996737072625}, "total_time": 11.2906, "epochs": 30}