{"arquitecture": "C", "trainable_params": 19649, "non_trainable_params": 0, "train_metrics": {"mse": 1.2392036029556663e-06, "mae": 0.00045878663531036463, "r2_score": -3.4529248378300066, "kendalltau": -0.005499598497366038, "pearsonr": 0.007367408655563814, "spearmanr": -0.0070614456869778075}, "test_metrics": {"mse": 1.4200527934370082e-06, "mae": 0.0004951163573671781, "r2": -438.4118665715917, "kendalltau": -0.0013231930630741011, "pearsonr": 0.014942125665908104, "spearmanr": -0.001955782185807931}, "total_time": 15.2693, "epochs": 50}