{"arquitecture": "A", "trainable_params": 263953, "non_trainable_params": 0, "train_metrics": {"mse": 0.00019983546142811014, "mae": 0.006057969686159413, "r2_score": -717.0840077853512, "kendalltau": 0.08901571893734146, "pearsonr": 0.01804308264924988, "spearmanr": 0.13467241589410403}, "test_metrics": {"mse": 0.0002599025855642449, "mae": 0.006406000823253567, "r2": -80421.5594832673, "kendalltau": 0.10012488736215926, "pearsonr": 0.02204383567394194, "spearmanr": 0.1524012635239123}, "total_time": 14.148, "epochs": 50}