{"arquitecture": "B", "trainable_params": 132881, "non_trainable_params": 0, "train_metrics": {"mse": 1.045810806533064e-06, "mae": 0.0009003814987698632, "r2_score": -2.7579917496807975, "kendalltau": 0.030222899036618615, "pearsonr": 0.0023548617354942785, "spearmanr": 0.03852664732782425}, "test_metrics": {"mse": 8.005200790367949e-07, "mae": 0.0008893886505916761, "r2": -246.70770761713916, "kendalltau": 0.03100639281172221, "pearsonr": -0.021475040437646965, "spearmanr": 0.039370511652741566}, "total_time": 11.3372, "epochs": 50}