{"arquitecture": "D", "trainable_params": 19649, "non_trainable_params": 0, "train_metrics": {"mse": 0.000276407493710905, "mae": 0.004983240855660608, "r2_score": -992.2361326031944, "kendalltau": 0.21128522809209613, "pearsonr": -0.0059219251544710624, "spearmanr": 0.2654667869137855}, "test_metrics": {"mse": 0.0002886887607665911, "mae": 0.0051920161304950365, "r2": -89328.96562730578, "kendalltau": 0.23418892366895272, "pearsonr": 0.05278095530982908, "spearmanr": 0.29521403403421753}, "total_time": 13.9775, "epochs": 30}