{"arquitecture": "A", "trainable_params": 132881, "non_trainable_params": 0, "train_metrics": {"mse": 8.160009914360065e-06, "mae": 0.0011260807756181784, "r2_score": -28.321986102951147, "kendalltau": 0.2860667789336509, "pearsonr": 0.0035947516330140446, "spearmanr": 0.3512755372402977}, "test_metrics": {"mse": 1.7010224077958406e-05, "mae": 0.001225465059029705, "r2": -5262.532699235731, "kendalltau": 0.2781015115370579, "pearsonr": -0.09784063213989777, "spearmanr": 0.34048422609240214}, "total_time": 13.4827, "epochs": 30}