{"arquitecture": "A", "trainable_params": 132881, "non_trainable_params": 0, "train_metrics": {"mse": 1.0216427839052512e-06, "mae": 0.0005159372882536431, "r2_score": -2.6711469503403653, "kendalltau": 0.12603655652154866, "pearsonr": -0.0009243233319377155, "spearmanr": 0.15766863437775056}, "test_metrics": {"mse": 1.345312261996498e-06, "mae": 0.0005669519060837474, "r2": -415.2846444143514, "kendalltau": 0.07275739678227058, "pearsonr": -0.01200208195885562, "spearmanr": 0.09267515955557733}, "total_time": 12.8381, "epochs": 50}