{"arquitecture": "D", "trainable_params": 21761, "non_trainable_params": 0, "train_metrics": {"mse": 945.8627266385828, "mae": 10.345665193067596, "r2_score": -3398840688.762942, "kendalltau": -0.012699213263145036, "pearsonr": 0.003796306502891782, "spearmanr": -0.019006170821100513}, "test_metrics": {"mse": 530.4764141954633, "mae": 8.56732459250339, "r2": -164147158760.37128, "kendalltau": -0.01975319521228989, "pearsonr": -0.05803457160360405, "spearmanr": -0.028877031355110057}, "total_time": 18.613, "epochs": 50}