{"arquitecture": "C", "trainable_params": 19649, "non_trainable_params": 0, "train_metrics": {"mse": 7.478866921403526e-06, "mae": 0.0023701360071156055, "r2_score": -25.874383026091348, "kendalltau": -0.0054832234877580386, "pearsonr": 0.03779282323110943, "spearmanr": -0.008219020651910427}, "test_metrics": {"mse": 9.71953055002319e-06, "mae": 0.002453828399694171, "r2": -3006.5480861865226, "kendalltau": 0.0016913548778092946, "pearsonr": 0.03317362631715397, "spearmanr": 0.002462763777969855}, "total_time": 15.2693, "epochs": 50}