{"arquitecture": "A", "trainable_params": 132881, "non_trainable_params": 0, "train_metrics": {"mse": 3.1930256306835343e-07, "mae": 0.00020262166687446892, "r2_score": -0.1473742575300765, "kendalltau": 0.1726614103054434, "pearsonr": 0.012428887620854374, "spearmanr": 0.21480108569668863}, "test_metrics": {"mse": 2.4206307054602756e-07, "mae": 0.00019994915719239435, "r2": -73.90241640892845, "kendalltau": 0.13383293406418553, "pearsonr": 0.006845858696998057, "spearmanr": 0.166182568986989}, "total_time": 12.9189, "epochs": 50}