{"arquitecture": "B", "trainable_params": 132881, "non_trainable_params": 0, "train_metrics": {"mse": 2.8295756818593787e-07, "mae": 7.838740966738536e-05, "r2_score": -0.016773014879797765, "kendalltau": 0.051857103198900724, "pearsonr": -0.004125205327288594, "spearmanr": 0.06639436741989155}, "test_metrics": {"mse": 8.845704062774141e-09, "mae": 6.126870999712293e-05, "r2": -1.737156922142216, "kendalltau": 0.023099649378141688, "pearsonr": 0.02402076879863658, "spearmanr": 0.029901873632901872}, "total_time": 11.4396, "epochs": 50}