{"arquitecture": "C", "trainable_params": 21697, "non_trainable_params": 0, "train_metrics": {"mse": 860992.8124943343, "mae": 627.2274810161446, "r2_score": -3093871153056.241, "kendalltau": 0.0019151204685985688, "pearsonr": -0.03442619671798704, "spearmanr": 0.0032108756093874456}, "test_metrics": {"mse": 848855.8565453277, "mae": 637.1477515890949, "r2": -262664415082786.16, "kendalltau": 0.023147804801446816, "pearsonr": -0.009674718139513164, "spearmanr": 0.033835708175200645}, "total_time": 18.6987, "epochs": 50}