{"arquitecture": "B", "trainable_params": 132881, "non_trainable_params": 0, "train_metrics": {"mse": 1.5183052525619964e-05, "mae": 0.0038220281386529844, "r2_score": -53.558420863330504, "kendalltau": 0.032110959828787186, "pearsonr": 0.02815161172961245, "spearmanr": 0.04922207830226422}, "test_metrics": {"mse": 1.4949824512120507e-05, "mae": 0.0038245343680424235, "r2": -4624.9761074720955, "kendalltau": 0.004360893000246833, "pearsonr": 0.04093591544095018, "spearmanr": 0.007745141205434571}, "total_time": 11.4719, "epochs": 50}