{"arquitecture": "C", "trainable_params": 19649, "non_trainable_params": 0, "train_metrics": {"mse": 5.1240898646882206e-05, "mae": 0.006443293626665465, "r2_score": -183.12782996531914, "kendalltau": 0.06784865583072212, "pearsonr": -0.011185628730855485, "spearmanr": 0.08329380465908914}, "test_metrics": {"mse": 4.731161695588942e-05, "mae": 0.006348879997741715, "r2": -14638.797909759702, "kendalltau": 0.1129094756680863, "pearsonr": 0.2226644420371162, "spearmanr": 0.1397716868777802}, "total_time": 14.2227, "epochs": 30}