{"arquitecture": "D", "trainable_params": 21761, "non_trainable_params": 0, "train_metrics": {"mse": 4865.691391458984, "mae": 39.98464613393459, "r2_score": -17484260050.02448, "kendalltau": 0.05635577201311893, "pearsonr": -0.013435030986786372, "spearmanr": 0.08378699589444683}, "test_metrics": {"mse": 5866.83445068912, "mae": 41.94344412366916, "r2": -1815394954861.416, "kendalltau": 0.045502147891009495, "pearsonr": 0.026490241713974974, "spearmanr": 0.06910956018159163}, "total_time": 18.4782, "epochs": 50}