{"arquitecture": "A", "trainable_params": 132881, "non_trainable_params": 0, "train_metrics": {"mse": 2.7827416482638105e-07, "mae": 5.727546677258761e-05, "r2_score": 5.621568054403614e-05, "kendalltau": 0.2947264498045323, "pearsonr": 0.02114995569843296, "spearmanr": 0.3617194472045484}, "test_metrics": {"mse": 3.837799473814628e-09, "mae": 3.982668066254169e-05, "r2": -0.18754361676565634, "kendalltau": 0.31075498437766974, "pearsonr": 0.2389262392579679, "spearmanr": 0.3802054615356244}, "total_time": 12.631, "epochs": 30}