{"arquitecture": "A", "trainable_params": 268049, "non_trainable_params": 0, "train_metrics": {"mse": 0.00042515147013456254, "mae": 0.008963430424097425, "r2_score": -1526.7292098624296, "kendalltau": -0.013132192170994966, "pearsonr": -0.006347188707827721, "spearmanr": -0.0300430707278537}, "test_metrics": {"mse": 0.0004481345940244952, "mae": 0.008950982134189924, "r2": -138666.8434391185, "kendalltau": 0.02088762472989489, "pearsonr": 0.013051604006900017, "spearmanr": 0.022274150615883677}, "total_time": 14.4496, "epochs": 50}