{"arquitecture": "B", "trainable_params": 268049, "non_trainable_params": 0, "train_metrics": {"mse": 1.3212300695348896e-05, "mae": 0.0029636018498706866, "r2_score": -46.47676797490928, "kendalltau": 0.08658657827619456, "pearsonr": 0.020255699035239726, "spearmanr": 0.12729246838414288}, "test_metrics": {"mse": 1.5277934574471512e-05, "mae": 0.003191966482291109, "r2": -4726.504343327062, "kendalltau": 0.0634375201673821, "pearsonr": -0.020896902441941038, "spearmanr": 0.09346542649267534}, "total_time": 13.3677, "epochs": 50}