{"arquitecture": "A", "trainable_params": 300817, "non_trainable_params": 0, "train_metrics": {"mse": 2.8401097881232457e-07, "mae": 0.00011802562413820497, "r2_score": -0.02055831564190269, "kendalltau": -0.21422658863470945, "pearsonr": 0.0018607431940869583, "spearmanr": -0.2655575229486459}, "test_metrics": {"mse": 1.1900593041280848e-08, "mae": 0.00010118420128618067, "r2": -2.6824418259278446, "kendalltau": -0.22050332385361857, "pearsonr": -0.09119201903618616, "spearmanr": -0.2723741891776124}, "total_time": 15.1753, "epochs": 50}