{"arquitecture": "A", "trainable_params": 132881, "non_trainable_params": 0, "train_metrics": {"mse": 9.326073662875442e-07, "mae": 0.0008163259953256855, "r2_score": -2.3512091922424827, "kendalltau": 0.12880310470668, "pearsonr": 0.20854357683180316, "spearmanr": 0.20227719979328707}, "test_metrics": {"mse": 6.612549292725598e-07, "mae": 0.0008016761781746758, "r2": -203.6144087700148, "kendalltau": 0.08081455846576457, "pearsonr": 0.24966285891025278, "spearmanr": 0.1318378885679153}, "total_time": 13.4748, "epochs": 50}