{"arquitecture": "C", "trainable_params": 19649, "non_trainable_params": 0, "train_metrics": {"mse": 4.6474873062625775e-07, "mae": 0.0004650498943281077, "r2_score": -0.6700170666221574, "kendalltau": 0.12555631994983238, "pearsonr": 0.007441577429931275, "spearmanr": 0.15431912073448908}, "test_metrics": {"mse": 2.0502442271997482e-07, "mae": 0.0004514068101970508, "r2": -62.44141900675292, "kendalltau": 0.12647524591527112, "pearsonr": 0.1708612608846473, "spearmanr": 0.15489107414727382}, "total_time": 16.8975, "epochs": 50}