{"arquitecture": "A", "trainable_params": 132881, "non_trainable_params": 0, "train_metrics": {"mse": 4.091973553687335e-07, "mae": 0.0003628068353012345, "r2_score": -0.47040007223169233, "kendalltau": 0.12400201644151455, "pearsonr": 0.1058541724027352, "spearmanr": 0.1884418731612972}, "test_metrics": {"mse": 1.3204533769270187e-07, "mae": 0.00034105722045307455, "r2": -39.85924732924381, "kendalltau": 0.13584596437095733, "pearsonr": 0.09734708346056807, "spearmanr": 0.20151029205925539}, "total_time": 12.615, "epochs": 30}