{"arquitecture": "D", "trainable_params": 19649, "non_trainable_params": 0, "train_metrics": {"mse": 2.9648341294058065e-07, "mae": 0.00013550321987359522, "r2_score": -0.06537646464134284, "kendalltau": 0.08823288201263368, "pearsonr": 0.053765115783571564, "spearmanr": 0.11756369052063845}, "test_metrics": {"mse": 1.7135848197991086e-08, "mae": 0.0001181270020139506, "r2": -4.302405006888723, "kendalltau": 0.045644018842243825, "pearsonr": 0.1810829025027736, "spearmanr": 0.06223921618783689}, "total_time": 18.0154, "epochs": 50}