{"arquitecture": "B", "trainable_params": 132881, "non_trainable_params": 0, "train_metrics": {"mse": 3.47204859326386e-07, "mae": 0.0002987868074295758, "r2_score": -0.24763770717107114, "kendalltau": -0.0026397448057657326, "pearsonr": -0.003388686159190705, "spearmanr": -0.003230489428497971}, "test_metrics": {"mse": 8.160598672912935e-08, "mae": 0.00028378900023837904, "r2": -24.25162382538837, "kendalltau": -0.030233875326946658, "pearsonr": 0.003852412963908087, "spearmanr": -0.03699082911159992}, "total_time": 11.312, "epochs": 30}