{"arquitecture": "B", "trainable_params": 132881, "non_trainable_params": 0, "train_metrics": {"mse": 4.907991587664742e-07, "mae": 0.000460985448279751, "r2_score": -0.763626057287613, "kendalltau": 0.046187966959639754, "pearsonr": 0.00336493549222035, "spearmanr": 0.0641933522764188}, "test_metrics": {"mse": 1.997614534505891e-07, "mae": 0.00044337571698843605, "r2": -60.8128801516781, "kendalltau": 0.04340584821056007, "pearsonr": 0.14858498580078167, "spearmanr": 0.06228798093730876}, "total_time": 12.3826, "epochs": 50}