{"arquitecture": "A", "trainable_params": 145169, "non_trainable_params": 0, "train_metrics": {"mse": 3.068860377514195e-07, "mae": 0.00020757288942108008, "r2_score": -0.1027570099273043, "kendalltau": -0.020907040660616646, "pearsonr": 0.005286169927702311, "spearmanr": -0.02566571270626294}, "test_metrics": {"mse": 3.804473474743442e-08, "mae": 0.0001921733905893273, "r2": -10.772314371587349, "kendalltau": -0.019529162980959656, "pearsonr": 0.057867143891130894, "spearmanr": -0.024541693160065926}, "total_time": 12.7724, "epochs": 50}