{"arquitecture": "D", "trainable_params": 21697, "non_trainable_params": 0, "train_metrics": {"mse": 4.2230364852534065e-07, "mae": 0.0003435438999909982, "r2_score": -0.5174959152309686, "kendalltau": 0.007430136807367611, "pearsonr": -0.02306440914042885, "spearmanr": 0.014537613914101112}, "test_metrics": {"mse": 1.2407909879644255e-07, "mae": 0.00031606607364129076, "r2": -37.394226367249686, "kendalltau": 0.04121841950518833, "pearsonr": -0.008768063966065644, "spearmanr": 0.06112315220117344}, "total_time": 15.5997, "epochs": 30}