{"arquitecture": "B", "trainable_params": 243473, "non_trainable_params": 0, "train_metrics": {"mse": 4.183224888126596e-06, "mae": 0.001554832008164306, "r2_score": -14.031901103368558, "kendalltau": -0.06389204096718669, "pearsonr": -0.002667778074884065, "spearmanr": -0.09220803938188006}, "test_metrics": {"mse": 4.281929524631226e-06, "mae": 0.0016053479235330485, "r2": -1323.9723204954055, "kendalltau": -0.047569690539045736, "pearsonr": -0.010987953352665603, "spearmanr": -0.06992013539219245}, "total_time": 12.8878, "epochs": 50}