{"arquitecture": "D", "trainable_params": 21377, "non_trainable_params": 0, "train_metrics": {"mse": 0.24012698830422335, "mae": 0.27322353274653144, "r2_score": -862865.6249055814, "kendalltau": 0.04470964738044272, "pearsonr": 0.012803623419122247, "spearmanr": 0.06901022522416882}, "test_metrics": {"mse": 0.20622800500506228, "mae": 0.24990726088261572, "r2": -63813846.652298376, "kendalltau": 0.06433245712052808, "pearsonr": 0.021450966973013318, "spearmanr": 0.09672340626881279}, "total_time": 17.3485, "epochs": 50}