{"arquitecture": "A", "trainable_params": 263953, "non_trainable_params": 0, "train_metrics": {"mse": 0.0005964090989161328, "mae": 0.008805889620950526, "r2_score": -2142.122311569388, "kendalltau": 0.06615914049948395, "pearsonr": 0.0015131278985689956, "spearmanr": 0.10004481622606934}, "test_metrics": {"mse": 0.0007303429510292243, "mae": 0.008995741595248257, "r2": -225991.5552291741, "kendalltau": 0.0687952043470287, "pearsonr": 0.01042379148306655, "spearmanr": 0.0984214566446136}, "total_time": 13.7351, "epochs": 30}