{"arquitecture": "A", "trainable_params": 263953, "non_trainable_params": 0, "train_metrics": {"mse": 0.0004615701110515918, "mae": 0.009069346886219328, "r2_score": -1657.5950904268952, "kendalltau": 0.09467666987403704, "pearsonr": 0.007873134430201429, "spearmanr": 0.140504328623604}, "test_metrics": {"mse": 0.0011971068895516555, "mae": 0.011091300904611521, "r2": -370423.9414209817, "kendalltau": 0.13858380050513883, "pearsonr": 0.012747766222275563, "spearmanr": 0.2096130271372672}, "total_time": 16.7245, "epochs": 30}