{"arquitecture": "C", "trainable_params": 21377, "non_trainable_params": 0, "train_metrics": {"mse": 0.002030976002316122, "mae": 0.025809730632654185, "r2_score": -7297.060999967657, "kendalltau": -0.05516554359993342, "pearsonr": -0.00423163782479662, "spearmanr": -0.08301777097956446}, "test_metrics": {"mse": 0.0016480176515791707, "mae": 0.024398361286539015, "r2": -509950.82416466775, "kendalltau": -0.04821055630420061, "pearsonr": -0.030150035680647662, "spearmanr": -0.07290780414029131}, "total_time": 17.7752, "epochs": 50}