{"arquitecture": "A", "trainable_params": 263953, "non_trainable_params": 0, "train_metrics": {"mse": 0.0003230176642033151, "mae": 0.010821554866350494, "r2_score": -1159.7240138408747, "kendalltau": 0.0388268149246262, "pearsonr": -0.0033330440812372624, "spearmanr": 0.05181579201936893}, "test_metrics": {"mse": 0.000490754867052022, "mae": 0.011772599200227035, "r2": -151854.98250787004, "kendalltau": 0.041468981611764134, "pearsonr": -0.005212280457615464, "spearmanr": 0.060612698751525286}, "total_time": 13.9654, "epochs": 30}