{"arquitecture": "C", "trainable_params": 21697, "non_trainable_params": 0, "train_metrics": {"mse": 2.7947793133997787e-07, "mae": 3.5440669882359286e-05, "r2_score": -0.004269370360812097, "kendalltau": 0.07148180288050131, "pearsonr": 0.010568990727853063, "spearmanr": 0.09954944878163337}, "test_metrics": {"mse": 3.621872694304398e-09, "mae": 1.719780622438785e-05, "r2": -0.12072864364220015, "kendalltau": 0.0899650586693186, "pearsonr": 0.06471775910031922, "spearmanr": 0.1249287160756864}, "total_time": 18.3564, "epochs": 50}