{"arquitecture": "B", "trainable_params": 263953, "non_trainable_params": 0, "train_metrics": {"mse": 6.932388397803865e-07, "mae": 0.0006269608594152401, "r2_score": -1.4910680059707495, "kendalltau": -0.05671559825500339, "pearsonr": -0.0006272090675820495, "spearmanr": -0.09092884894071487}, "test_metrics": {"mse": 4.3825296898083256e-07, "mae": 0.0006110206883742569, "r2": -134.61013789094162, "kendalltau": -0.04131009335200356, "pearsonr": -0.059597874231585454, "spearmanr": -0.06539535097864885}, "total_time": 13.3788, "epochs": 50}