{"arquitecture": "B", "trainable_params": 263953, "non_trainable_params": 0, "train_metrics": {"mse": 0.000147684522136302, "mae": 0.006020718301198037, "r2_score": -529.6860593491367, "kendalltau": 0.12021854447307129, "pearsonr": -0.003371892642762429, "spearmanr": 0.1475169506042455}, "test_metrics": {"mse": 0.00013344655887784443, "mae": 0.005972150912669424, "r2": -41291.83206587385, "kendalltau": 0.09653800595477524, "pearsonr": -0.035171544834737785, "spearmanr": 0.11639476563153182}, "total_time": 12.468, "epochs": 30}