{"arquitecture": "C", "trainable_params": 21697, "non_trainable_params": 0, "train_metrics": {"mse": 3.964562975686653e-07, "mae": 0.0002298080856068866, "r2_score": -0.4246166573006587, "kendalltau": 0.031437546246734525, "pearsonr": 0.006823750761420944, "spearmanr": 0.04132100783685096}, "test_metrics": {"mse": 1.3732818727111435e-07, "mae": 0.00022445693649875855, "r2": -41.49393781736906, "kendalltau": 0.025208880060004466, "pearsonr": 0.004171769315633823, "spearmanr": 0.03780647484073162}, "total_time": 19.8622, "epochs": 30}