{"arquitecture": "C", "trainable_params": 21377, "non_trainable_params": 0, "train_metrics": {"mse": 0.2755865882329432, "mae": 0.3202847009749924, "r2_score": -990285.3103273325, "kendalltau": 0.10783600499222813, "pearsonr": 0.03727770213934253, "spearmanr": 0.159648816625201}, "test_metrics": {"mse": 0.2730297090915753, "mae": 0.31365426045966266, "r2": -84484529.8962449, "kendalltau": 0.1241302140664334, "pearsonr": 0.02347535336161257, "spearmanr": 0.18424761998247202}, "total_time": 18.6455, "epochs": 50}