{"arquitecture": "B", "trainable_params": 263953, "non_trainable_params": 0, "train_metrics": {"mse": 8.313023722291305e-05, "mae": 0.002947412708207565, "r2_score": -297.71822291486137, "kendalltau": -0.10393114896707648, "pearsonr": -0.003770606999822011, "spearmanr": -0.1495495254910947}, "test_metrics": {"mse": 0.00038613352322053237, "mae": 0.004338640910151551, "r2": -119481.63682052016, "kendalltau": -0.0799310221739685, "pearsonr": -0.007012614986345043, "spearmanr": -0.11651853690708211}, "total_time": 11.9854, "epochs": 30}