{"arquitecture": "B", "trainable_params": 263953, "non_trainable_params": 0, "train_metrics": {"mse": 3.0879423990425884e-07, "mae": 0.00017716163550973702, "r2_score": -0.10961389828827461, "kendalltau": 0.025068626720618357, "pearsonr": -0.013182852047984094, "spearmanr": 0.03909836322547682}, "test_metrics": {"mse": 3.9137471160618725e-08, "mae": 0.00016363106436088884, "r2": -11.11044359411147, "kendalltau": 0.04535171449742157, "pearsonr": -0.06377095367944823, "spearmanr": 0.06842835511258352}, "total_time": 13.3386, "epochs": 50}