{"arquitecture": "D", "trainable_params": 21377, "non_trainable_params": 0, "train_metrics": {"mse": 8.428951886636413e-05, "mae": 0.0032390248481217747, "r2_score": -301.8839580788419, "kendalltau": -0.06591754184274733, "pearsonr": -0.0035055654621745642, "spearmanr": -0.08174875435889982}, "test_metrics": {"mse": 1.4487025823603527e-05, "mae": 0.0029596141448864064, "r2": -4481.770702357591, "kendalltau": -0.05880178075969016, "pearsonr": -0.006704111708252511, "spearmanr": -0.07331221070242068}, "total_time": 17.1269, "epochs": 50}