{"arquitecture": "C", "trainable_params": 21377, "non_trainable_params": 0, "train_metrics": {"mse": 0.09489828935902073, "mae": 0.1496386848431689, "r2_score": -341004.2623688833, "kendalltau": 0.016959739371103705, "pearsonr": 0.014911385726138078, "spearmanr": 0.02563372849990984}, "test_metrics": {"mse": 0.057235237159086565, "mae": 0.12433102949869143, "r2": -17710497.165966652, "kendalltau": -0.022422126661848906, "pearsonr": 0.002159179925125437, "spearmanr": -0.03127695037277968}, "total_time": 18.0488, "epochs": 50}