{"arquitecture": "C", "trainable_params": 21377, "non_trainable_params": 0, "train_metrics": {"mse": 5.435194167529568e-06, "mae": 0.0009471555992637342, "r2_score": -18.530697820192724, "kendalltau": -0.007952628823018648, "pearsonr": 0.004021302580113543, "spearmanr": -0.011674612298386726}, "test_metrics": {"mse": 7.902955940043259e-06, "mae": 0.0009925384524589124, "r2": -2444.4390971214966, "kendalltau": 0.019070737742898265, "pearsonr": 0.0002757322850689081, "spearmanr": 0.031246754015401442}, "total_time": 19.2685, "epochs": 50}