{"arquitecture": "D", "trainable_params": 21697, "non_trainable_params": 0, "train_metrics": {"mse": 2.9407421136556233e-07, "mae": 0.00010909456754639695, "r2_score": -0.056719296838448896, "kendalltau": -0.016292296236452057, "pearsonr": 0.0044822005872702025, "spearmanr": -0.02542997139276955}, "test_metrics": {"mse": 1.745112471385075e-08, "mae": 9.367257560917352e-05, "r2": -4.399962113892314, "kendalltau": -0.01400135924109656, "pearsonr": 0.056198067257607676, "spearmanr": -0.021864469670351074}, "total_time": 17.5156, "epochs": 50}