{"arquitecture": "A", "trainable_params": 243473, "non_trainable_params": 0, "train_metrics": {"mse": 0.00040661875216306125, "mae": 0.008396770057757715, "r2_score": -1460.1341806267462, "kendalltau": 0.06992122411603913, "pearsonr": 0.0026166364665037673, "spearmanr": 0.09643123523068661}, "test_metrics": {"mse": 0.000700050849296131, "mae": 0.010753873216629795, "r2": -216618.1650098579, "kendalltau": 0.04582740288352808, "pearsonr": 0.0224144875814628, "spearmanr": 0.06387506883492966}, "total_time": 14.7073, "epochs": 50}