{"arquitecture": "B", "trainable_params": 243473, "non_trainable_params": 0, "train_metrics": {"mse": 0.00012201401898622046, "mae": 0.011006481207503853, "r2_score": -437.442282132907, "kendalltau": -0.2173798188118677, "pearsonr": -0.008941606157905433, "spearmanr": -0.30621151195315943}, "test_metrics": {"mse": 0.0001210229511771968, "mae": 0.010951765383332156, "r2": -37447.55199788993, "kendalltau": -0.23313185431074265, "pearsonr": -0.03168122090775791, "spearmanr": -0.33055581557759384}, "total_time": 13.0498, "epochs": 50}