{"arquitecture": "A", "trainable_params": 243473, "non_trainable_params": 0, "train_metrics": {"mse": 2.2871024206409296e-05, "mae": 0.00285835626907568, "r2_score": -81.18419597265714, "kendalltau": 0.06730273805342725, "pearsonr": 0.023488954222819908, "spearmanr": 0.09839108102413159}, "test_metrics": {"mse": 2.796696509302453e-05, "mae": 0.0030880864007721003, "r2": -8652.915115454884, "kendalltau": 0.035612972350124596, "pearsonr": -0.00321683246691659, "spearmanr": 0.050422025631967786}, "total_time": 14.3603, "epochs": 50}