{"arquitecture": "A", "trainable_params": 243473, "non_trainable_params": 0, "train_metrics": {"mse": 0.00027494512552281514, "mae": 0.007908004852221519, "r2_score": -986.9812934377284, "kendalltau": 0.0006343301906731117, "pearsonr": -0.007997904978941916, "spearmanr": 0.0016816297165978345}, "test_metrics": {"mse": 0.0003351311456286138, "mae": 0.008926467006672753, "r2": -103699.79403211808, "kendalltau": 0.002540357401334735, "pearsonr": -0.0033007167628795976, "spearmanr": 0.005886268763978247}, "total_time": 14.2946, "epochs": 50}