{"arquitecture": "C", "trainable_params": 21377, "non_trainable_params": 0, "train_metrics": {"mse": 0.0014702137559787188, "mae": 0.021990098330789878, "r2_score": -5282.031243051671, "kendalltau": -0.03825117064435948, "pearsonr": -0.019924480514430347, "spearmanr": -0.05751490449097369}, "test_metrics": {"mse": 0.0014421646317981619, "mae": 0.02195997331467827, "r2": -446253.0094922696, "kendalltau": -0.08408477772475004, "pearsonr": -0.009382618745531882, "spearmanr": -0.12756844554527594}, "total_time": 21.3113, "epochs": 50}