{"arquitecture": "C", "trainable_params": 21697, "non_trainable_params": 0, "train_metrics": {"mse": 2.9171084150952043e-07, "mae": 0.00011096120380767844, "r2_score": -0.04822681964757636, "kendalltau": -0.027947436240313265, "pearsonr": 0.0003167015778271105, "spearmanr": -0.034779915578675276}, "test_metrics": {"mse": 1.287551581903906e-08, "mae": 9.364544364790044e-05, "r2": -2.9841155661703054, "kendalltau": -0.05603607950661259, "pearsonr": 0.022810422154110648, "spearmanr": -0.07166647775133245}, "total_time": 18.9166, "epochs": 50}