{"arquitecture": "D", "trainable_params": 21377, "non_trainable_params": 0, "train_metrics": {"mse": 0.0002169413317009297, "mae": 0.007844212845072843, "r2_score": -778.5518363398016, "kendalltau": -0.03685174720998989, "pearsonr": -0.007117102784314605, "spearmanr": -0.0537635605700496}, "test_metrics": {"mse": 0.0002608050831662486, "mae": 0.007877780584702442, "r2": -80700.8224499018, "kendalltau": -0.039749059103354495, "pearsonr": -0.011998174480750315, "spearmanr": -0.05713344828837122}, "total_time": 18.5714, "epochs": 50}