{"arquitecture": "C", "trainable_params": 21697, "non_trainable_params": 0, "train_metrics": {"mse": 4.024978803267339e-07, "mae": 0.0003304489377373197, "r2_score": -0.4463263375009443, "kendalltau": -0.0690801312839744, "pearsonr": -0.01709185349364641, "spearmanr": -0.090553862615121}, "test_metrics": {"mse": 1.2664287433834077e-07, "mae": 0.0003194003433258677, "r2": -38.18754433510457, "kendalltau": -0.08261088263913167, "pearsonr": -0.06491803990496323, "spearmanr": -0.10874804646019635}, "total_time": 17.0654, "epochs": 30}