{"arquitecture": "B", "trainable_params": 243473, "non_trainable_params": 0, "train_metrics": {"mse": 2.8709818945018737e-06, "mae": 0.0013298758369628357, "r2_score": -9.316518251315165, "kendalltau": -0.012597719697120245, "pearsonr": 0.007903204118210973, "spearmanr": -0.019132653555852173}, "test_metrics": {"mse": 3.3856475155577686e-06, "mae": 0.0013503004485678476, "r2": -1046.6326663630507, "kendalltau": -0.0029328947729389543, "pearsonr": -0.03153601121301963, "spearmanr": -0.0044311309178351466}, "total_time": 13.5001, "epochs": 50}