{"arquitecture": "D", "trainable_params": 21377, "non_trainable_params": 0, "train_metrics": {"mse": 0.22501397761876424, "mae": 0.25478255028358204, "r2_score": -808558.8907295681, "kendalltau": -0.02997361835692443, "pearsonr": -0.003227572364893664, "spearmanr": -0.0464238708487297}, "test_metrics": {"mse": 0.21503531742257265, "mae": 0.2597796898697511, "r2": -66539123.914343394, "kendalltau": -0.031237568065070036, "pearsonr": -0.0011303084423275901, "spearmanr": -0.047243057293780116}, "total_time": 18.5837, "epochs": 50}