{"arquitecture": "B", "trainable_params": 263953, "non_trainable_params": 0, "train_metrics": {"mse": 0.0003659861130026173, "mae": 0.005450577314440368, "r2_score": -1314.1258187138426, "kendalltau": -0.07716982812567712, "pearsonr": -0.0021557464045141887, "spearmanr": -0.11317836146263192}, "test_metrics": {"mse": 0.0005783482004197534, "mae": 0.006331997023637448, "r2": -178959.29179286837, "kendalltau": -0.14091285060806846, "pearsonr": -0.013652872179066109, "spearmanr": -0.19618238276220826}, "total_time": 12.4733, "epochs": 30}