{"arquitecture": "D", "trainable_params": 21697, "non_trainable_params": 0, "train_metrics": {"mse": 1.2981064541453433e-06, "mae": 0.0007641605086495537, "r2_score": -3.6645849463512548, "kendalltau": -0.1075158384363759, "pearsonr": -0.028838393657491034, "spearmanr": -0.15718177374725073}, "test_metrics": {"mse": 1.035848541479888e-06, "mae": 0.0007639822057371037, "r2": -319.52621085691266, "kendalltau": -0.12004802713487524, "pearsonr": -0.03567624712121712, "spearmanr": -0.1787083568966177}, "total_time": 15.944, "epochs": 30}