{"arquitecture": "A", "trainable_params": 243473, "non_trainable_params": 0, "train_metrics": {"mse": 0.0013130391901173294, "mae": 0.019884227546614012, "r2_score": -4717.243885647281, "kendalltau": 0.021604499814542405, "pearsonr": -0.015022512892665126, "spearmanr": 0.026143183974197466}, "test_metrics": {"mse": 0.0021194327915067934, "mae": 0.022406133453611796, "r2": -655822.4477571561, "kendalltau": 0.10162710272095754, "pearsonr": -0.014780628816205323, "spearmanr": 0.13564619964810337}, "total_time": 14.6038, "epochs": 50}