{"arquitecture": "A", "trainable_params": 263953, "non_trainable_params": 0, "train_metrics": {"mse": 2.0949959695919195e-05, "mae": 0.0032126867652396865, "r2_score": -74.28108832074922, "kendalltau": -0.03977592503936866, "pearsonr": -0.002487754132936753, "spearmanr": -0.061102744890622764}, "test_metrics": {"mse": 7.232264996994603e-05, "mae": 0.004066369698444692, "r2": -22378.04869845077, "kendalltau": -0.044351346702720715, "pearsonr": -0.024170687049417928, "spearmanr": -0.07126523417224107}, "total_time": 14.6277, "epochs": 50}