{"arquitecture": "D", "trainable_params": 21377, "non_trainable_params": 0, "train_metrics": {"mse": 0.0008084808868597757, "mae": 0.017555971423074787, "r2_score": -2904.176044858162, "kendalltau": -0.011442743710176685, "pearsonr": 0.0016350163630679884, "spearmanr": -0.016613896011125964}, "test_metrics": {"mse": 0.0009299385458774162, "mae": 0.01709389150978355, "r2": -287753.11317761923, "kendalltau": -0.014415293223727508, "pearsonr": -0.042738833468645904, "spearmanr": -0.02018455596756297}, "total_time": 16.8427, "epochs": 50}