{"arquitecture": "D", "trainable_params": 21377, "non_trainable_params": 0, "train_metrics": {"mse": 4.169013001404298e-05, "mae": 0.003631423551023199, "r2_score": -148.80832446670655, "kendalltau": 0.0059398360915961235, "pearsonr": 0.0021961230205914963, "spearmanr": 0.008462414982939686}, "test_metrics": {"mse": 4.767501918660499e-05, "mae": 0.0035782991138253104, "r2": -14751.24672381296, "kendalltau": -0.022763263596789644, "pearsonr": -0.04013802564700239, "spearmanr": -0.0340999251795596}, "total_time": 17.792, "epochs": 50}