{"arquitecture": "C", "trainable_params": 21377, "non_trainable_params": 0, "train_metrics": {"mse": 0.34118805635541904, "mae": 0.3946217884221555, "r2_score": -1226016.0700700774, "kendalltau": 0.04770472341427964, "pearsonr": -0.005913828331302452, "spearmanr": 0.07062840745899802}, "test_metrics": {"mse": 0.29752524076629433, "mae": 0.386244494824715, "r2": -92064267.31558423, "kendalltau": 0.048392298930945016, "pearsonr": 0.04387077888298462, "spearmanr": 0.07260338513499107}, "total_time": 18.135, "epochs": 50}