{"arquitecture": "A", "trainable_params": 243473, "non_trainable_params": 0, "train_metrics": {"mse": 0.0004757526554928862, "mae": 0.00370711190563139, "r2_score": -1708.5583092681231, "kendalltau": -0.01080260692207873, "pearsonr": -4.662154381210984e-05, "spearmanr": -0.0095610844872855}, "test_metrics": {"mse": 0.00040947843123895363, "mae": 0.003414347113317614, "r2": -126705.33276670304, "kendalltau": -0.024716439492641167, "pearsonr": 0.0024089317683629393, "spearmanr": -0.03057231245743484}, "total_time": 14.3288, "epochs": 50}