{"arquitecture": "B", "trainable_params": 263953, "non_trainable_params": 0, "train_metrics": {"mse": 4.928510004536137e-05, "mae": 0.003564696290349534, "r2_score": -176.0999096544573, "kendalltau": 0.08962173101688976, "pearsonr": 0.004955468896069863, "spearmanr": 0.13531661695967584}, "test_metrics": {"mse": 7.935954506240864e-05, "mae": 0.0038199291757935135, "r2": -24555.49958037436, "kendalltau": 0.12716365783467537, "pearsonr": 0.028043488573631068, "spearmanr": 0.18381665142720754}, "total_time": 11.9562, "epochs": 30}