{"arquitecture": "A", "trainable_params": 263953, "non_trainable_params": 0, "train_metrics": {"mse": 0.0005757240269152621, "mae": 0.009354375417788054, "r2_score": -2067.7930644099324, "kendalltau": -0.0061690003158688875, "pearsonr": -0.007174325640316429, "spearmanr": -0.0089008592095369}, "test_metrics": {"mse": 0.0006929698370093475, "mae": 0.009972672395601118, "r2": -214427.06279131217, "kendalltau": -0.008343339773667474, "pearsonr": -0.02288176078822086, "spearmanr": -0.012955097109316404}, "total_time": 14.7242, "epochs": 50}