{"arquitecture": "D", "trainable_params": 21377, "non_trainable_params": 0, "train_metrics": {"mse": 0.28212260608587775, "mae": 0.25422413629441926, "r2_score": -1013771.6818714556, "kendalltau": 0.013487202032832706, "pearsonr": 0.022877929997842043, "spearmanr": 0.019345067308317327}, "test_metrics": {"mse": 0.3219279715780952, "mae": 0.2677264574590577, "r2": -99615289.04168822, "kendalltau": 0.028165674398390097, "pearsonr": 0.01148812657527431, "spearmanr": 0.03902619976150495}, "total_time": 17.8482, "epochs": 50}