{"arquitecture": "A", "trainable_params": 263953, "non_trainable_params": 0, "train_metrics": {"mse": 6.390213906649802e-05, "mae": 0.006128339375292703, "r2_score": -228.62443101438947, "kendalltau": 0.02326702414480497, "pearsonr": 0.03277260199887634, "spearmanr": 0.03582057370197044}, "test_metrics": {"mse": 0.00023316718290066686, "mae": 0.007796524925675234, "r2": -72148.73100657936, "kendalltau": 0.03188045772363834, "pearsonr": 0.002951136543731215, "spearmanr": 0.04770750426110027}, "total_time": 14.464, "epochs": 50}