{"arquitecture": "D", "trainable_params": 21697, "non_trainable_params": 0, "train_metrics": {"mse": 5.587779770582572e-07, "mae": 0.00048017772209059596, "r2_score": -1.0078995307473595, "kendalltau": -0.04174167212506164, "pearsonr": -0.0068887701322733605, "spearmanr": -0.06632799545044489}, "test_metrics": {"mse": 2.8174009563306666e-07, "mae": 0.00047747659572841355, "r2": -86.17981604792794, "kendalltau": -0.04925631247924618, "pearsonr": -0.030350906716809196, "spearmanr": -0.07868761526870596}, "total_time": 15.043, "epochs": 30}