{"arquitecture": "C", "trainable_params": 21697, "non_trainable_params": 0, "train_metrics": {"mse": 6.722900744638897e-06, "mae": 0.0021094723839707873, "r2_score": -23.157912095046907, "kendalltau": -0.1472834159822035, "pearsonr": -0.025968858742555827, "spearmanr": -0.22019327983882442}, "test_metrics": {"mse": 6.073440736819743e-06, "mae": 0.002049272301639285, "r2": -1878.325855356862, "kendalltau": -0.16006502136908884, "pearsonr": -0.07659808827183169, "spearmanr": -0.23732549310666542}, "total_time": 16.6067, "epochs": 30}