{"arquitecture": "A", "trainable_params": 263953, "non_trainable_params": 0, "train_metrics": {"mse": 0.00014932526092877312, "mae": 0.00731278013689963, "r2_score": -535.5818512141376, "kendalltau": -0.04942458945957165, "pearsonr": -0.004994866287774892, "spearmanr": -0.07814418821986863}, "test_metrics": {"mse": 0.00029113697699189776, "mae": 0.00857009414127791, "r2": -90086.52567458339, "kendalltau": -0.07669982123313564, "pearsonr": 0.015522644994121442, "spearmanr": -0.11894895155059708}, "total_time": 14.8642, "epochs": 50}