{"arquitecture": "A", "trainable_params": 263953, "non_trainable_params": 0, "train_metrics": {"mse": 2.4034017475053577e-05, "mae": 0.0019175394397045193, "r2_score": -85.36326840258171, "kendalltau": -0.12715035536342503, "pearsonr": 0.0007348172833154938, "spearmanr": -0.1951525726597231}, "test_metrics": {"mse": 7.672910293771963e-05, "mae": 0.0020424928986252904, "r2": -23741.552740327235, "kendalltau": -0.10400364948984431, "pearsonr": 0.007320418012972941, "spearmanr": -0.15813261682617832}, "total_time": 14.7571, "epochs": 50}