{"arquitecture": "D", "trainable_params": 21697, "non_trainable_params": 0, "train_metrics": {"mse": 3.0236096173045946e-07, "mae": 0.00014713067583628717, "r2_score": -0.08649670907057505, "kendalltau": 0.053347369846189714, "pearsonr": 0.006813154795352093, "spearmanr": 0.07242188191010555}, "test_metrics": {"mse": 3.764673785873813e-08, "mae": 0.000132883716831932, "r2": -10.649160812395762, "kendalltau": 0.06831339236917221, "pearsonr": 0.01886055997370632, "spearmanr": 0.09403830780171221}, "total_time": 15.75, "epochs": 30}