{"arquitecture": "A", "trainable_params": 263953, "non_trainable_params": 0, "train_metrics": {"mse": 0.00034259566382580797, "mae": 0.010134003117018148, "r2_score": -1230.0751333712656, "kendalltau": -0.038571171148052454, "pearsonr": -0.010552180547695312, "spearmanr": -0.060495986748659344}, "test_metrics": {"mse": 0.00034470127746495714, "mae": 0.009947795896074635, "r2": -106661.11315558938, "kendalltau": -0.03033678183034187, "pearsonr": -0.01995780862375513, "spearmanr": -0.0488655741124691}, "total_time": 14.5142, "epochs": 30}