{"arquitecture": "D", "trainable_params": 21697, "non_trainable_params": 0, "train_metrics": {"mse": 7.565521845952114e-07, "mae": 0.0005289572135321451, "r2_score": -1.7185766776850584, "kendalltau": -0.06745605730532306, "pearsonr": 0.005087551680328224, "spearmanr": -0.09581628605696714}, "test_metrics": {"mse": 4.695750026723139e-07, "mae": 0.0005078756787578554, "r2": -144.3022235322651, "kendalltau": -0.08311997668750452, "pearsonr": 0.06233887514852238, "spearmanr": -0.1244161324565788}, "total_time": 16.2041, "epochs": 30}