{"arquitecture": "B", "trainable_params": 243473, "non_trainable_params": 0, "train_metrics": {"mse": 4.8954061595574696e-05, "mae": 0.006593802953696576, "r2_score": -174.9103639399226, "kendalltau": 0.11063582769175499, "pearsonr": 0.021767902131932235, "spearmanr": 0.1618783594462254}, "test_metrics": {"mse": 4.6609082817622315e-05, "mae": 0.006498409227132363, "r2": -14421.410332021094, "kendalltau": 0.08847037834827179, "pearsonr": 0.017294673621677505, "spearmanr": 0.1294397540411418}, "total_time": 12.8292, "epochs": 50}