{"arquitecture": "D", "trainable_params": 21697, "non_trainable_params": 0, "train_metrics": {"mse": 2.787240749112933e-07, "mae": 6.723462540705087e-05, "r2_score": -0.0015604805484836781, "kendalltau": -0.11445182310968621, "pearsonr": 0.003265099304878523, "spearmanr": -0.15020840755946027}, "test_metrics": {"mse": 4.7329502725196364e-09, "mae": 5.0074216380031916e-05, "r2": -0.4645332365459205, "kendalltau": -0.15184833643557757, "pearsonr": -0.03684906805065208, "spearmanr": -0.19343756657495054}, "total_time": 18.0468, "epochs": 50}