{"arquitecture": "C", "trainable_params": 21697, "non_trainable_params": 0, "train_metrics": {"mse": 3.311005102783472e-07, "mae": 0.00022042327789686687, "r2_score": -0.18976872123360722, "kendalltau": 0.030337460222102184, "pearsonr": 0.004417169941001942, "spearmanr": 0.0473457730862152}, "test_metrics": {"mse": 5.941797742403842e-08, "mae": 0.00020028708127627437, "r2": -17.385911065047722, "kendalltau": 0.004769665765172083, "pearsonr": 0.04719880428931964, "spearmanr": 0.008906205224825686}, "total_time": 16.9807, "epochs": 30}