{"arquitecture": "D", "trainable_params": 21697, "non_trainable_params": 0, "train_metrics": {"mse": 2.7273204840436848e-06, "mae": 0.001098431026085908, "r2_score": -8.80028874605779, "kendalltau": -0.037807678216661846, "pearsonr": 0.01359197935604313, "spearmanr": -0.060493636767554905}, "test_metrics": {"mse": 2.608043760172391e-06, "mae": 0.001106718255066707, "r2": -806.0160363432842, "kendalltau": -0.06119627943817057, "pearsonr": 0.020607289125129095, "spearmanr": -0.0919800654593828}, "total_time": 14.5792, "epochs": 30}