{"arquitecture": "A", "trainable_params": 263953, "non_trainable_params": 0, "train_metrics": {"mse": 0.00016155918346621293, "mae": 0.008193667698859888, "r2_score": -579.5429383196945, "kendalltau": -0.1041836924758981, "pearsonr": -0.017481698497001943, "spearmanr": -0.15306669814939844}, "test_metrics": {"mse": 0.0003409817662037495, "mae": 0.009002551113096665, "r2": -105510.1718711703, "kendalltau": -0.11333204238961907, "pearsonr": -0.02095939439461948, "spearmanr": -0.16747064959017705}, "total_time": 14.4765, "epochs": 50}