{"arquitecture": "B", "trainable_params": 263953, "non_trainable_params": 0, "train_metrics": {"mse": 7.025602218702745e-06, "mae": 0.0020353868108719123, "r2_score": -24.245632393060667, "kendalltau": 0.05705943421701156, "pearsonr": 0.003691642333349772, "spearmanr": 0.0818203993232906}, "test_metrics": {"mse": 6.401005229726737e-06, "mae": 0.002006518008974131, "r2": -1979.6852737644451, "kendalltau": 0.03769765786382559, "pearsonr": 0.00633906344046107, "spearmanr": 0.05273758823585869}, "total_time": 12.9934, "epochs": 50}