{"arquitecture": "B", "trainable_params": 243473, "non_trainable_params": 0, "train_metrics": {"mse": 4.772018836496926e-06, "mae": 0.001695016592422741, "r2_score": -16.147659313568045, "kendalltau": -0.10085449582697446, "pearsonr": -0.038731084927895496, "spearmanr": -0.1450993293313107}, "test_metrics": {"mse": 4.487055756675856e-06, "mae": 0.0017303406202067277, "r2": -1387.445242714988, "kendalltau": -0.08068281490990176, "pearsonr": -0.06589557800383353, "spearmanr": -0.11885216540184043}, "total_time": 12.8356, "epochs": 50}