{"arquitecture": "A", "trainable_params": 243473, "non_trainable_params": 0, "train_metrics": {"mse": 0.0004895487296775895, "mae": 0.005036154862035224, "r2_score": -1758.1327950548696, "kendalltau": -0.17601000146836662, "pearsonr": 3.589308932218048e-05, "spearmanr": -0.2369354108489886}, "test_metrics": {"mse": 0.00042450124097573007, "mae": 0.005082281327344541, "r2": -131353.89294565926, "kendalltau": -0.17426657926028, "pearsonr": -0.020978903901675092, "spearmanr": -0.23832008292620663}, "total_time": 14.5796, "epochs": 50}