{"arquitecture": "B", "trainable_params": 243473, "non_trainable_params": 0, "train_metrics": {"mse": 3.252388424355251e-05, "mae": 0.004178012912116339, "r2_score": -115.87055430228949, "kendalltau": -0.18838419892565164, "pearsonr": -0.030990066391733087, "spearmanr": -0.2700381632237372}, "test_metrics": {"mse": 3.958078589906479e-05, "mae": 0.004532323354605168, "r2": -12246.620012903482, "kendalltau": -0.215978111553133, "pearsonr": -0.06333859909682825, "spearmanr": -0.3137206744584866}, "total_time": 12.5333, "epochs": 50}