{"arquitecture": "A", "trainable_params": 263953, "non_trainable_params": 0, "train_metrics": {"mse": 2.808243565623506e-05, "mae": 0.003303124189909596, "r2_score": -99.91075828229808, "kendalltau": -0.0865850269522278, "pearsonr": 0.000445052698001078, "spearmanr": -0.1303288759252189}, "test_metrics": {"mse": 0.00010982146916222745, "mae": 0.0037459492686046938, "r2": -33981.43852428257, "kendalltau": -0.056367682536736574, "pearsonr": -0.01415366628730421, "spearmanr": -0.08205386933669571}, "total_time": 14.8295, "epochs": 50}