{"arquitecture": "C", "trainable_params": 21697, "non_trainable_params": 0, "train_metrics": {"mse": 5.946829434176441e-06, "mae": 0.0018020149623811479, "r2_score": -20.36919585338731, "kendalltau": 0.018767461845475588, "pearsonr": -0.013020541341323402, "spearmanr": 0.03090224295409669}, "test_metrics": {"mse": 5.468171025175939e-06, "mae": 0.0017724671621335644, "r2": -1691.0351468692334, "kendalltau": 0.010836472687003162, "pearsonr": -0.03531154102740866, "spearmanr": 0.019052784420905782}, "total_time": 15.7697, "epochs": 30}