{"arquitecture": "C", "trainable_params": 21697, "non_trainable_params": 0, "train_metrics": {"mse": 3.921336193606042e-07, "mae": 0.00031917488286478424, "r2_score": -0.4090836479447213, "kendalltau": 0.0018378086869417852, "pearsonr": 0.030864692720649557, "spearmanr": 0.0034776308980148975}, "test_metrics": {"mse": 1.282488417259332e-07, "mae": 0.00030292445407393697, "r2": -38.68448440007716, "kendalltau": -0.03473692413371798, "pearsonr": 0.06412008303605496, "spearmanr": -0.04665468006889905}, "total_time": 16.429, "epochs": 30}