{"arquitecture": "C", "trainable_params": 21697, "non_trainable_params": 0, "train_metrics": {"mse": 1.4042238247755055e-06, "mae": 0.0009196586765008178, "r2_score": -4.045904589287418, "kendalltau": 0.017743105046739257, "pearsonr": 0.021265512377794327, "spearmanr": 0.025950165504656824}, "test_metrics": {"mse": 1.141121927077687e-06, "mae": 0.0008979776064327793, "r2": -352.1013200920271, "kendalltau": -0.0028398411382300807, "pearsonr": 0.041701596195634696, "spearmanr": -0.008039424948428676}, "total_time": 16.3956, "epochs": 30}