{"arquitecture": "C", "trainable_params": 21697, "non_trainable_params": 0, "train_metrics": {"mse": 3.0837931918963583e-07, "mae": 0.0001732038870276268, "r2_score": -0.10812293203263401, "kendalltau": -0.06543585538946847, "pearsonr": -0.0005835327388434983, "spearmanr": -0.08015611087745365}, "test_metrics": {"mse": 2.747893018291878e-08, "mae": 0.00015547543844445397, "r2": -7.502900778669117, "kendalltau": -0.08055671920781136, "pearsonr": -0.008527579048216884, "spearmanr": -0.09885917114712063}, "total_time": 18.6789, "epochs": 50}