{"arquitecture": "B", "trainable_params": 263953, "non_trainable_params": 0, "train_metrics": {"mse": 3.973174436018001e-05, "mae": 0.0020601654448663006, "r2_score": -141.77110790331315, "kendalltau": -0.0874346036280352, "pearsonr": -0.007448751915285609, "spearmanr": -0.1279796374988584}, "test_metrics": {"mse": 9.660507531278472e-05, "mae": 0.0026146820350440975, "r2": -29891.843885569902, "kendalltau": -0.1009771370575409, "pearsonr": -0.009773018240079936, "spearmanr": -0.14600883456940414}, "total_time": 13.5448, "epochs": 30}