{"arquitecture": "A", "trainable_params": 263953, "non_trainable_params": 0, "train_metrics": {"mse": 0.00019365108397324256, "mae": 0.009553645661157913, "r2_score": -694.8612125081163, "kendalltau": -0.05454474102366102, "pearsonr": -0.017973553705779858, "spearmanr": -0.08122747255873952}, "test_metrics": {"mse": 0.0005147414472614236, "mae": 0.012178390209998382, "r2": -159277.23330811813, "kendalltau": -0.03499210476878996, "pearsonr": -0.04260190425923119, "spearmanr": -0.053439567990388494}, "total_time": 14.8202, "epochs": 50}