{"arquitecture": "C", "trainable_params": 21377, "non_trainable_params": 0, "train_metrics": {"mse": 0.0002734992179202361, "mae": 0.007740350608646088, "r2_score": -981.7856033498568, "kendalltau": -0.08999011044305671, "pearsonr": -0.0007134818987244339, "spearmanr": -0.13198548800366175}, "test_metrics": {"mse": 0.00022747715916636007, "mae": 0.007229802336112335, "r2": -70388.04720560819, "kendalltau": -0.07071037758302232, "pearsonr": 0.0037694633445278145, "spearmanr": -0.09667872423069655}, "total_time": 19.0782, "epochs": 50}