{"arquitecture": "A", "trainable_params": 263953, "non_trainable_params": 0, "train_metrics": {"mse": 0.00023498236856914244, "mae": 0.0076314680374306556, "r2_score": -843.3800703596679, "kendalltau": 0.037795503666453324, "pearsonr": -0.004838745779865469, "spearmanr": 0.05757080361722784}, "test_metrics": {"mse": 0.0009583425357941669, "mae": 0.010514564149131704, "r2": -296542.25840171456, "kendalltau": 0.03646047559112425, "pearsonr": 0.008963400984203524, "spearmanr": 0.05216676420256812}, "total_time": 13.5956, "epochs": 30}