{"arquitecture": "B", "trainable_params": 263953, "non_trainable_params": 0, "train_metrics": {"mse": 1.2583194082116599e-05, "mae": 0.0023858794777125666, "r2_score": -44.2161511908525, "kendalltau": 0.051873949278925406, "pearsonr": -0.0031599929279412394, "spearmanr": 0.0795919611360197}, "test_metrics": {"mse": 1.1930732199629982e-05, "mae": 0.002383887889228547, "r2": -3690.767890344813, "kendalltau": 0.04076797410166725, "pearsonr": 0.027771417724407256, "spearmanr": 0.05780606959546035}, "total_time": 12.8831, "epochs": 50}