{"arquitecture": "B", "trainable_params": 263953, "non_trainable_params": 0, "train_metrics": {"mse": 2.8849434800749503e-07, "mae": 7.054644782788759e-05, "r2_score": -0.03666874817996146, "kendalltau": 0.04854807954471403, "pearsonr": -0.0037744486708664385, "spearmanr": 0.06970948310703562}, "test_metrics": {"mse": 1.2460060340717206e-08, "mae": 5.2224614592353294e-05, "r2": -2.8555597349712754, "kendalltau": 0.0426334236477651, "pearsonr": 0.04558151938697317, "spearmanr": 0.060975430251234836}, "total_time": 13.2192, "epochs": 50}