{"arquitecture": "B", "trainable_params": 263953, "non_trainable_params": 0, "train_metrics": {"mse": 0.00032811862105271264, "mae": 0.0056046428962799955, "r2_score": -1178.0536712088851, "kendalltau": -0.1026147065767603, "pearsonr": -0.007415587613630921, "spearmanr": -0.16617042062018703}, "test_metrics": {"mse": 0.0004076324975198165, "mae": 0.0057223393755642515, "r2": -126134.139086551, "kendalltau": -0.06189705824097384, "pearsonr": -0.016929630586662768, "spearmanr": -0.10624286773474574}, "total_time": 12.3054, "epochs": 30}