{"arquitecture": "C", "trainable_params": 21377, "non_trainable_params": 0, "train_metrics": {"mse": 9.893533245167762e-06, "mae": 0.0012660879121954012, "r2_score": -34.551187727526774, "kendalltau": 0.11891961343149583, "pearsonr": 0.010517999337966485, "spearmanr": 0.17369457414394668}, "test_metrics": {"mse": 5.960855528747902e-06, "mae": 0.0012017217007886719, "r2": -1843.4882235055409, "kendalltau": 0.12283357126025155, "pearsonr": 0.012977844468147093, "spearmanr": 0.17746242096202602}, "total_time": 17.9785, "epochs": 50}