{"arquitecture": "D", "trainable_params": 21377, "non_trainable_params": 0, "train_metrics": {"mse": 0.000138966297938922, "mae": 0.007077704262005829, "r2_score": -498.35819928022687, "kendalltau": 0.03416588390346298, "pearsonr": 0.001063998161591794, "spearmanr": 0.054987822344279916}, "test_metrics": {"mse": 0.00015279715642047174, "mae": 0.007148551622114206, "r2": -47279.55465251211, "kendalltau": 0.014051807970238684, "pearsonr": 0.00585432262379764, "spearmanr": 0.02795851060072723}, "total_time": 16.9972, "epochs": 50}