{"arquitecture": "A", "trainable_params": 263953, "non_trainable_params": 0, "train_metrics": {"mse": 0.0010776165191009582, "mae": 0.015546898121878672, "r2_score": -3871.2816429159816, "kendalltau": 0.14356574693238452, "pearsonr": 0.0057995029408252, "spearmanr": 0.19997703757518265}, "test_metrics": {"mse": 0.00124632985893905, "mae": 0.015857780274254194, "r2": -385655.17575020797, "kendalltau": 0.1609241793199239, "pearsonr": 0.00304731864488263, "spearmanr": 0.22298513680543905}, "total_time": 13.9972, "epochs": 30}