{"arquitecture": "D", "trainable_params": 21697, "non_trainable_params": 0, "train_metrics": {"mse": 1.1562599714809355e-05, "mae": 0.0029615972927414112, "r2_score": -40.5487715958511, "kendalltau": -0.09686517354599665, "pearsonr": -0.0017062052133893502, "spearmanr": -0.13588238963349267}, "test_metrics": {"mse": 1.1222465853537414e-05, "mae": 0.002949014498530832, "r2": -3471.6065756354374, "kendalltau": -0.12038164973065739, "pearsonr": -0.053120706060398676, "spearmanr": -0.17217700147221124}, "total_time": 15.9464, "epochs": 30}