{"arquitecture": "D", "trainable_params": 21697, "non_trainable_params": 0, "train_metrics": {"mse": 3.063410655013482e-07, "mae": 0.0001616621006880884, "r2_score": -0.10079871956849451, "kendalltau": 0.033469853928163255, "pearsonr": -0.0008211986349297416, "spearmanr": 0.04138275492229354}, "test_metrics": {"mse": 4.645759800651747e-08, "mae": 0.00015197945769357445, "r2": -13.375535860936315, "kendalltau": -0.014625803099582108, "pearsonr": -0.0035978089584149885, "spearmanr": -0.018362176907371682}, "total_time": 15.8468, "epochs": 30}