{"arquitecture": "C", "trainable_params": 21697, "non_trainable_params": 0, "train_metrics": {"mse": 2.7861333686169087e-06, "mae": 0.0011247215104918317, "r2_score": -9.011625570673129, "kendalltau": 0.10397627208875111, "pearsonr": 0.0014238777113146721, "spearmanr": 0.15595088157246528}, "test_metrics": {"mse": 2.4262444006902906e-06, "mae": 0.001086590406245773, "r2": -749.7612292961454, "kendalltau": 0.08117716898418138, "pearsonr": 0.04213697530368281, "spearmanr": 0.11670072902326684}, "total_time": 16.3941, "epochs": 30}