{"arquitecture": "A", "trainable_params": 263953, "non_trainable_params": 0, "train_metrics": {"mse": 0.0007347315568212953, "mae": 0.009237924676471629, "r2_score": -2639.166951341654, "kendalltau": 0.15747660791249107, "pearsonr": 0.00026521565134417094, "spearmanr": 0.22384960306422103}, "test_metrics": {"mse": 0.0009473418030903819, "mae": 0.009690425868401421, "r2": -293138.2634845075, "kendalltau": 0.11395975912313303, "pearsonr": -0.0007444461939955731, "spearmanr": 0.16690584415201146}, "total_time": 14.6816, "epochs": 30}