{"arquitecture": "A", "trainable_params": 243473, "non_trainable_params": 0, "train_metrics": {"mse": 0.0004763183598277905, "mae": 0.0048029471462964915, "r2_score": -1710.5910978088887, "kendalltau": 0.19847776301751102, "pearsonr": 0.0042645237647266085, "spearmanr": 0.2747329622004494}, "test_metrics": {"mse": 0.0005154544729236947, "mae": 0.005125652214909697, "r2": -159497.8673145579, "kendalltau": 0.21635450842786677, "pearsonr": 0.029307858725154408, "spearmanr": 0.2999676514858727}, "total_time": 14.3164, "epochs": 50}