{"arquitecture": "A", "trainable_params": 243473, "non_trainable_params": 0, "train_metrics": {"mse": 0.00010827804272159796, "mae": 0.005008994718946081, "r2_score": -388.08375078689284, "kendalltau": 0.05900961535311217, "pearsonr": 0.005307925035146903, "spearmanr": 0.0847646193131726}, "test_metrics": {"mse": 8.976036801464288e-05, "mae": 0.0052544795111944325, "r2": -27773.86234015624, "kendalltau": 0.06028172951732685, "pearsonr": 0.015294156611350496, "spearmanr": 0.08780879306607436}, "total_time": 14.541, "epochs": 50}