{"arquitecture": "A", "trainable_params": 263953, "non_trainable_params": 0, "train_metrics": {"mse": 0.0009944128772864942, "mae": 0.011734282257542064, "r2_score": -3572.299649682709, "kendalltau": 0.1782367057237757, "pearsonr": 0.00038322827270135363, "spearmanr": 0.24028533790892356}, "test_metrics": {"mse": 0.00159124872698472, "mae": 0.013587269397155648, "r2": -492384.61871470395, "kendalltau": 0.17066237189288516, "pearsonr": 0.001798791183753304, "spearmanr": 0.22616053431639527}, "total_time": 14.2461, "epochs": 30}