{"arquitecture": "B", "trainable_params": 263953, "non_trainable_params": 0, "train_metrics": {"mse": 2.8672755821287464e-07, "mae": 6.946063763291603e-05, "r2_score": -0.030320007633270807, "kendalltau": 0.09001848200223483, "pearsonr": -0.0053757346387203146, "spearmanr": 0.11926231949567517}, "test_metrics": {"mse": 9.71991000895806e-09, "mae": 5.033271581010665e-05, "r2": -2.0076655034822943, "kendalltau": 0.053155018081473944, "pearsonr": -0.0750210756121234, "spearmanr": 0.07038132140966724}, "total_time": 13.0252, "epochs": 50}