{"arquitecture": "B", "trainable_params": 243473, "non_trainable_params": 0, "train_metrics": {"mse": 1.369644818144241e-05, "mae": 0.00282277553610443, "r2_score": -48.216492069365366, "kendalltau": 0.12254412537350351, "pearsonr": 0.04065556188487949, "spearmanr": 0.17237006448419454}, "test_metrics": {"mse": 1.3343348836877548e-05, "mae": 0.002716136276001231, "r2": -4127.878761286931, "kendalltau": 0.10040379359118706, "pearsonr": 0.05045277602556205, "spearmanr": 0.1426734656084516}, "total_time": 12.8257, "epochs": 50}