{"arquitecture": "C", "trainable_params": 21697, "non_trainable_params": 0, "train_metrics": {"mse": 2.8409208156457057e-07, "mae": 6.421313217159084e-05, "r2_score": -0.020849748348385377, "kendalltau": 0.0030943796052405235, "pearsonr": -0.019523236874308823, "spearmanr": 0.003931617127189387}, "test_metrics": {"mse": 6.708999765737753e-09, "mae": 4.835749804748059e-05, "r2": -1.0759890924590247, "kendalltau": 0.0027970633530664387, "pearsonr": 0.020415755184296145, "spearmanr": 0.002656754658787558}, "total_time": 18.8712, "epochs": 50}