{"arquitecture": "B", "trainable_params": 243473, "non_trainable_params": 0, "train_metrics": {"mse": 4.056413498986068e-05, "mae": 0.00490364111289192, "r2_score": -144.76220065097894, "kendalltau": 0.06151520492033849, "pearsonr": 0.00799689108152897, "spearmanr": 0.09122884928706976}, "test_metrics": {"mse": 5.404725305925075e-05, "mae": 0.005325576027217762, "r2": -16723.029176656113, "kendalltau": 0.05801980793902638, "pearsonr": 0.004414468995545578, "spearmanr": 0.08680439790704626}, "total_time": 13.0861, "epochs": 50}