{"arquitecture": "D", "trainable_params": 21697, "non_trainable_params": 0, "train_metrics": {"mse": 2.8530733271184386e-07, "mae": 0.00010783855981265764, "r2_score": -0.025216603000024262, "kendalltau": -0.046499184949474796, "pearsonr": -0.003807571926905648, "spearmanr": -0.057417796884409775}, "test_metrics": {"mse": 1.4631410553509492e-08, "mae": 9.189245872350801e-05, "r2": -3.5274481706641447, "kendalltau": -0.02405688068350548, "pearsonr": -0.007232624869353092, "spearmanr": -0.030062696427118986}, "total_time": 17.9152, "epochs": 50}