{"arquitecture": "B", "trainable_params": 263953, "non_trainable_params": 0, "train_metrics": {"mse": 0.00014635589626637406, "mae": 0.004080992056366046, "r2_score": -524.9118066579125, "kendalltau": 0.0065098938436435804, "pearsonr": 0.002884055431111366, "spearmanr": 0.019612439585436344}, "test_metrics": {"mse": 0.00018536747768795533, "mae": 0.004394812643391413, "r2": -57357.90225277422, "kendalltau": 0.045962154717761855, "pearsonr": -0.00012580927568075248, "spearmanr": 0.07144655908716571}, "total_time": 12.6193, "epochs": 30}