{"arquitecture": "B", "trainable_params": 263953, "non_trainable_params": 0, "train_metrics": {"mse": 4.7606706307615095e-07, "mae": 0.00015461646203588554, "r2_score": -0.7106880940213167, "kendalltau": 0.09106543819522576, "pearsonr": -0.008322492887117618, "spearmanr": 0.13596499214000607}, "test_metrics": {"mse": 1.5635733169993142e-07, "mae": 0.00012301076468032246, "r2": -47.38219205085353, "kendalltau": 0.0669956088527484, "pearsonr": -0.03928069117561904, "spearmanr": 0.10214315661250897}, "total_time": 12.6736, "epochs": 30}