description,test_r2_score,test_mean_squared_error,fit_time,score_time,train_test_score
SVR,-55979.67101133241,0.00873728632512535,0.013193607330322266,0.0075037479400634766,-710596.4246311397
KNN,-187.99533270045336,2.9497794615250432e-05,0.009910011291503906,0.022034502029418944,-369.0754262654079
DT,-8.17255526639621,1.4316234558766971e-06,6.621017026901245,0.006633377075195313,-3977.6083209871845
bagging,-151.4203486722233,2.3789286624575554e-05,30.70671753883362,0.010071706771850587,-2335.477455511903
RF,-98.37756592125146,1.5510536620259905e-05,304.0182063102722,0.020093536376953124,-670.3516894294543
Adaboost,0.017060931273848,1.5341402538518883e-07,3.6249401569366455,0.014464330673217774,-162.48793461161432
GradientBoostingRegressor,-1.1349890804484453,3.3322235264236e-07,21.91656904220581,0.007059049606323242,-4777.930251377354
