description,test_r2_score,test_mean_squared_error,fit_time,score_time,train_test_score
SVR,-56065.571831299654,0.008750693453801335,0.02136845588684082,0.01116647720336914,-709877.6594310359
KNN,-187.99577643007663,2.949786387116858e-05,0.015917396545410155,0.0313471794128418,-369.07546218489847
DT,-8.144591173863022,1.4272589086343941e-06,4.585438966751099,0.009352588653564453,-15171.17918397071
bagging,-183.7209544826116,2.883066316297466e-05,20.23473162651062,0.013822078704833984,-973.7662568034006
RF,-85.08312555488307,1.3435582356318504e-05,201.64469590187073,0.023695755004882812,-991.8144050991541
Adaboost,0.2684663853563124,1.1417545613738583e-07,2.600416088104248,0.02001156806945801,0.009386641652938389
GradientBoostingRegressor,-7.687725049200958,1.3559526868383963e-06,12.775956344604491,0.009990692138671875,-8466.276967009331
