description,test_r2_score,test_mean_squared_error,fit_time,score_time,train_test_score
SVR,-61009.38523169085,0.009522308235061552,0.01324310302734375,0.00752406120300293,-765055.3813750295
KNN,-183.1443120200557,2.87406626286553e-05,0.010080528259277344,0.02242898941040039,-1114.0742574256833
DT,-918.4184011901021,0.00014349992021640278,4.518937683105468,0.006573247909545899,-903.1955112909691
bagging,-140.47298528077127,2.2080656721998128e-05,23.69340705871582,0.010025739669799805,-423.54925159908896
RF,-186.65808925039153,2.9289081881042166e-05,231.21549386978148,0.018982362747192384,-389.5347086005484
Adaboost,-101.66144528568137,1.602307413983316e-05,4.049133586883545,0.01453557014465332,-164.86698809557163
GradientBoostingRegressor,-181.8844091811463,2.8544020972767302e-05,24.718309450149537,0.007003068923950195,-360.8448327691941
