description,test_r2_score,test_mean_squared_error,fit_time,score_time,train_test_score
SVR,-63559.99386367566,0.009920399174637396,0.012993288040161134,0.0075286865234375,-793801.0672944152
KNN,-187.70353680677638,2.94522520337577e-05,0.009777259826660157,0.02180657386779785,-95.06200175904391
DT,-562.4752595600348,8.794543886234798e-05,7.529818296432495,0.006364345550537109,-44882.649258030026
bagging,-229.2206262582337,3.593210823001143e-05,34.109817314147946,0.009807252883911132,-3939.765451686737
RF,-157.21112021379065,2.469309195752376e-05,344.9336171627045,0.020711612701416016,-2158.1280856272015
Adaboost,-101.14248325571238,1.5942076185257207e-05,3.5137794971466065,0.014556598663330079,-162.471895089305
GradientBoostingRegressor,-716.2375670922481,0.00011194417418742048,24.307380771636964,0.006734180450439453,-4908.656882397749
