description,test_r2_score,test_mean_squared_error,fit_time,score_time,train_test_score
SVR,-63643.2923576834,0.009933400140496667,0.01336984634399414,0.00762324333190918,-795160.0031181056
KNN,-187.70353680677638,2.94522520337577e-05,0.009987878799438476,0.022266530990600587,-95.06200175904391
DT,-805.0694053997332,0.00012580876694877943,4.873283529281617,0.006639432907104492,-164.2324858726019
bagging,-78.62395399281313,1.2427455259208722e-05,24.203247547149658,0.010036325454711914,-226.13763324652595
RF,-84.46539243658839,1.3339168522229939e-05,242.36590118408202,0.01884160041809082,-325.1653416465673
Adaboost,0.553161271831399,6.974117742128503e-08,3.479762411117554,0.014612817764282226,-162.4804368259136
GradientBoostingRegressor,-303.37398805864996,4.750573073785334e-05,24.767170476913453,0.006919193267822266,-795.443949120044
