description,test_r2_score,test_mean_squared_error,fit_time,score_time,train_test_score
SVR,-61932.97278041226,0.009666458862657032,0.012996768951416016,0.007475948333740235,-775164.4885160623
KNN,-193.18914314128563,3.0308428145005562e-05,0.009860897064208984,0.02202434539794922,-90.02308321285878
DT,-219.5648559487202,3.442506609636524e-05,6.729181909561158,0.006326055526733399,-880.6898815255145
bagging,-178.6316103123613,2.8036334398791346e-05,35.113798236846925,0.009814071655273437,-787.4249845596196
RF,-114.07390426947191,1.7960371535184106e-05,345.479385471344,0.02053694725036621,-379.1801811681868
Adaboost,-101.14275821990526,1.59421191008e-05,3.486036205291748,0.01419529914855957,-162.46498368260762
GradientBoostingRegressor,-418.0061801856848,6.539716123692561e-05,24.275046491622923,0.006743288040161133,-687.9014470743565
