description,test_r2_score,test_mean_squared_error,fit_time,score_time,train_test_score
SVR,-61647.16969197058,0.00962185161927807,0.012853527069091797,0.007400989532470703,-771932.0375255395
KNN,-183.81996725789546,2.884611676422437e-05,0.009743547439575196,0.022153615951538086,-74.51994931184097
DT,-789.8456822081595,0.0001234326963148225,8.172188138961792,0.0064029693603515625,-1784.5350860393805
bagging,-541.8358355429233,8.472410274819766e-05,35.96979460716248,0.009906768798828125,-1263.6681873774219
RF,-286.76822420441516,4.4913955562230744e-05,357.63167905807495,0.020798778533935545,-601.5144156240892
Adaboost,-104.57673246230281,1.6478082954874903e-05,3.6331010341644285,0.014492940902709962,-162.46774784405213
GradientBoostingRegressor,-409.1377197995148,6.40129999495178e-05,24.33593907356262,0.006795644760131836,-758.4807711542705
