description,test_r2_score,test_mean_squared_error,fit_time,score_time,train_test_score
SVR,-62294.59892487362,0.009722900329144106,0.01364912986755371,0.007617664337158203,-778483.94972999
KNN,-193.18914314128563,3.0308428145005562e-05,0.009959888458251954,0.02223658561706543,-90.02308321285878
DT,-1124.292501269772,0.00017563209953521539,4.715436553955078,0.006619739532470703,-175.08014030686806
bagging,-131.77411720961769,2.0722964867486888e-05,23.713519048690795,0.010141277313232422,-881.7144717729592
RF,-176.61612110841722,2.772176320945184e-05,231.35891623497008,0.018572902679443358,-277.9137780356665
Adaboost,-101.14031522960643,1.5941737806589968e-05,3.5403651714324953,0.014448451995849609,-162.4667087485438
GradientBoostingRegressor,-246.644612998687,3.8651589049484096e-05,24.921516704559327,0.0069103240966796875,-382.5855578334677
