description,test_r2_score,test_mean_squared_error,fit_time,score_time,train_test_score
SVR,-61302.671081119726,0.009568083364142247,0.021512508392333984,0.01126084327697754,-764768.1226093879
KNN,-183.402123607429,2.878090104695435e-05,0.015941572189331055,0.03141179084777832,-83.64727597435925
DT,-805.2097178540673,0.00012583066647349662,14.521982574462891,0.009257650375366211,-164.13280487443618
bagging,-118.84905217816404,1.87056615392039e-05,59.05970106124878,0.013754892349243163,-191.0233896785311
RF,-81.01997696074703,1.2801418956574502e-05,590.7469603538514,0.02366981506347656,-184.62135819992164
Adaboost,0.2870239211111074,1.112790545678946e-07,5.305868625640869,0.019918346405029298,-162.50100395160263
GradientBoostingRegressor,-29.19556735205494,4.7128287842620434e-06,38.914551973342896,0.009902238845825195,-762.9363798165384
