description,test_r2_score,test_mean_squared_error,fit_time,score_time,train_test_score
SVR,-63331.46454293879,0.009884731040031432,0.013146448135375976,0.00758209228515625,-790963.3496021323
KNN,-310.8212938652616,4.8668082706981436e-05,0.009869909286499024,0.022007846832275392,-832.294625730626
DT,-789.4096413731176,0.00012336464043845695,7.777178001403809,0.0065116405487060545,-13323.043146591779
bagging,-280.48882062902675,4.393388608471273e-05,35.55926299095154,0.009893655776977539,-1314.741478649163
RF,-118.48950262851152,1.8649544181075985e-05,345.5220847606659,0.020111560821533203,-1270.5054771622658
Adaboost,-101.1440619331175,1.594232258024059e-05,3.3937379360198974,0.014514684677124023,-162.50602210243284
GradientBoostingRegressor,-159.9437285401382,2.5119588834577758e-05,24.33966679573059,0.006804513931274414,-3118.863954103169
