description,test_r2_score,test_mean_squared_error,fit_time,score_time,train_test_score
SVR,-61731.506247543075,0.00963501460250781,0.02166900634765625,0.011501836776733398,-772132.3980549785
KNN,-183.13600053339763,2.873936539806826e-05,0.016078901290893555,0.031314849853515625,-1114.1542422413218
DT,-0.25595224721202703,1.9602506001320817e-07,13.963350057601929,0.00943460464477539,-897.0355232296567
bagging,-16.10613659295462,2.669871772331787e-06,59.0553252696991,0.014005327224731445,-184.6099718332655
RF,-11.30957128691166,1.9212390085770255e-06,586.7192481040954,0.02361578941345215,-183.49574570684393
Adaboost,0.30940989597743707,1.0778512231341007e-07,5.482054376602173,0.018983078002929688,-0.7648676380136227
GradientBoostingRegressor,-0.44530684192308834,2.255789271084006e-07,38.42399444580078,0.00990447998046875,-114.58346886056461
