description,test_r2_score,test_mean_squared_error,fit_time,score_time,train_test_score
SVR,-52234.97853426238,0.008152826550338435,0.012740230560302735,0.0073850154876708984,-663909.7516344633
KNN,-257.0520307931702,4.0275945948621595e-05,0.009832525253295898,0.022009944915771483,-2173.9932262917655
DT,-589.9868219333516,9.223935662654471e-05,7.684130144119263,0.006657457351684571,-352.9907369124249
bagging,-35.449631523570005,5.688943367654109e-06,32.365953254699704,0.010173463821411132,-1651.8288041961252
RF,-41.56013454172265,6.642651379645148e-06,324.3222628116608,0.020202016830444335,-1534.6196061953563
Adaboost,0.21748652626381815,1.221322315325128e-07,3.589798021316528,0.014528322219848632,-0.0010828394728151114
GradientBoostingRegressor,-50.8204518999208,8.087972465627248e-06,23.065783739089966,0.006703948974609375,-1149.029814249134
