description,test_r2_score,test_mean_squared_error,fit_time,score_time,train_test_score
SVR,-52711.36669708343,0.008227179710192939,0.002057981491088867,0.0012360095977783203,-671472.5654776398
KNN,-380.272822488366,5.950785794252409e-05,0.0014049053192138673,0.006201553344726563,-444.3466419362762
DT,-586.366524342288,9.167431201268361e-05,0.0613131046295166,0.0010791301727294921,-968.0775738110475
bagging,-117.73677166245723,1.8532060309279e-05,0.36286215782165526,0.002305269241333008,-785.5426918419512
RF,-180.85919469464463,2.8384008733696103e-05,3.608329725265503,0.010402679443359375,-579.9968452645519
Adaboost,-586.3083389798591,9.16652306250852e-05,0.09885945320129394,0.003970003128051758,-162.35989240388375
GradientBoostingRegressor,-243.11743251946703,3.810107786034349e-05,0.84104905128479,0.0013777256011962891,-621.0565585860934
