description,test_r2_score,test_mean_squared_error,fit_time,score_time,train_test_score
SVR,-63853.34979201543,0.009966185241413171,0.03251662254333496,0.014513778686523437,-798623.1530006214
KNN,-83.4277209312894,1.3177212031008429e-05,0.020155048370361327,0.03880763053894043,-67.1995814260647
DT,-1391.0338997992183,0.00021726425455608587,0.8113350868225098,0.011316919326782226,-163.53883805416336
bagging,-616.3885635535872,9.636005707279838e-05,4.831301546096801,0.016530323028564452,-2744.4497788351027
RF,-362.9566649854634,5.680520676988631e-05,47.787494373321536,0.023043489456176756,-996.1408270135564
Adaboost,-202.66120075368985,3.178679698111518e-05,2.820618677139282,0.024153900146484376,-878.1698286047267
GradientBoostingRegressor,-1340.7085238958496,0.00020940962883003332,4.825188827514649,0.012296009063720702,-469.0289995463192
