description,test_r2_score,test_mean_squared_error,fit_time,score_time,train_test_score
SVR,-63214.47351392505,0.009866471449721106,0.022305679321289063,0.011477231979370117,-791441.823558965
KNN,-133.28176400514337,2.095827361766244e-05,0.016736173629760744,0.03231134414672852,-67.12236751548352
DT,-1730.6781062004482,0.0002702748495772992,3.0223294734954833,0.00958552360534668,-1088.724083919127
bagging,-206.28139725014793,3.2351825816449555e-05,16.782482385635376,0.014127349853515625,-561.5838656178353
RF,-176.77092772797664,2.7745924937699822e-05,166.37788319587708,0.021303796768188478,-478.03434043195693
Adaboost,-202.53340459262503,3.1766850959920666e-05,3.1199219703674315,0.020304489135742187,-878.156890148262
GradientBoostingRegressor,-405.4246484721186,6.343347550390143e-05,23.409606742858887,0.011150312423706055,-569.9284886582925
