description,test_r2_score,test_mean_squared_error,fit_time,score_time,train_test_score
SVR,-64082.236456729,0.010001909149138405,0.02203369140625,0.011466360092163086,-800308.6909332338
KNN,-83.42126849567828,1.3176204955237268e-05,0.01632680892944336,0.03168210983276367,-67.11951824689805
DT,-561.7609732163032,8.78339553057817e-05,17.00320267677307,0.009614896774291993,-1221.6524038553011
bagging,-137.1749445981125,2.1565908948602055e-05,66.59809603691102,0.014695882797241211,-192.20489844381788
RF,-276.5740989209069,4.3322888684554686e-05,658.6677609920501,0.02524676322937012,-234.9924144612074
Adaboost,-100.83455656068563,1.589401595923645e-05,4.861224126815796,0.02003312110900879,-162.4807911890416
GradientBoostingRegressor,-265.81190064279497,4.16431587680519e-05,37.79590215682983,0.010015869140625,-513.9535290360137
