description,test_r2_score,test_mean_squared_error,fit_time,score_time,train_test_score
SVR,-63492.300996291684,0.009909833885693596,0.02190999984741211,0.011567306518554688,-796760.7896574686
KNN,-83.43468998386749,1.3178299738724138e-05,0.016570520401000977,0.03230342864990234,-67.14955648056323
DT,-210.96703367502735,3.308314515078409e-05,3.2828723907470705,0.00963420867919922,-509.03494190801587
bagging,-571.4076354025344,8.93395758723126e-05,17.99864230155945,0.014102792739868164,-670.3784733426718
RF,-380.4699911822949,5.9538631409545584e-05,172.822758769989,0.02142019271850586,-395.264345412602
Adaboost,-663.8366098327845,0.00010376559827871252,3.35816969871521,0.018927574157714844,-163.31502585773347
GradientBoostingRegressor,-574.0873868212764,8.97578230101679e-05,23.628453922271728,0.010221576690673828,-602.1896293373802
