description,test_r2_score,test_mean_squared_error,fit_time,score_time,train_test_score
SVR,-64005.79302391897,0.009989978099580217,0.02235112190246582,0.011739397048950195,-798829.001908378
KNN,-83.4237063200852,1.3176585443171208e-05,0.01657590866088867,0.03224315643310547,-67.13981857966999
DT,-210.87872901079794,3.306936283768784e-05,2.9857511043548586,0.009659862518310547,-881.8623526925039
bagging,-274.1634075674789,4.294663559190882e-05,17.196316862106322,0.014319515228271485,-248.82786546685392
RF,-198.59745378310654,3.115254018866517e-05,170.57994952201844,0.021477746963500976,-300.35599039378405
Adaboost,-202.66240530142747,3.178698498312169e-05,3.305865430831909,0.01980304718017578,-163.91919735373887
GradientBoostingRegressor,-622.4029734579931,9.729876717509112e-05,23.6802836894989,0.010136651992797851,-293.2157693963221
