description,test_r2_score,test_mean_squared_error,fit_time,score_time,train_test_score
SVR,-64370.316074131166,0.010046871705967452,0.021103811264038087,0.011080026626586914,-804497.0408734035
KNN,-83.43630696702104,1.3178552112347753e-05,0.015958738327026368,0.03115072250366211,-67.11071570587691
DT,-561.7502812801766,8.78322865421599e-05,15.89052062034607,0.009409523010253907,-5788.315481665388
bagging,-51.34501232006207,8.16984419925964e-06,65.2371374130249,0.014341068267822266,-1804.2275719733905
RF,-42.56759773283375,6.799893052596518e-06,650.6279455661773,0.024401521682739256,-813.8023529420835
Adaboost,0.19074243691819392,1.263063645304926e-07,4.584036636352539,0.01810007095336914,-162.57850040515865
GradientBoostingRegressor,-0.6089446341017828,2.511189968868993e-07,37.61073899269104,0.009952974319458009,-827.4974518890122
