description,test_r2_score,test_mean_squared_error,fit_time,score_time,train_test_score
SVR,-63210.34882164284,0.009865827680776902,0.03220629692077637,0.014044809341430663,-791395.16280391
KNN,-133.28176400514337,2.095827361766244e-05,0.020133209228515626,0.038669157028198245,-67.12236751548352
DT,-113.37392598987708,1.7851121136078482e-05,0.7224449157714844,0.011501026153564454,-164.9018045643432
bagging,-209.4518040363418,3.2846652894397384e-05,4.19571852684021,0.016716384887695314,-1306.7651611296462
RF,-261.0389554401892,4.0898212555441164e-05,42.01025576591492,0.023122310638427734,-466.386801101636
Adaboost,-316.081092792632,4.9489015511300964e-05,2.9992608070373534,0.024303579330444337,-162.7536121978073
GradientBoostingRegressor,-112.02287333713134,1.764025310512955e-05,4.8703419208526615,0.012270927429199219,-231.3528308043482
