description,test_r2_score,test_mean_squared_error,fit_time,score_time,train_test_score
SVR,-63560.3403350341,0.009920453250792747,0.032365274429321286,0.014123821258544922,-797201.2189877767
KNN,-133.27789056826705,2.0957669063868442e-05,0.02018275260925293,0.03874669075012207,-67.10803371581896
DT,0.1324821481952505,1.353994463882249e-07,0.5171592712402344,0.011424922943115234,-1261.6912696400823
bagging,-87.18168404251409,1.3763118737094335e-05,2.9686913967132567,0.01652698516845703,-1254.9456057958446
RF,-70.49234023004574,1.1158298665565068e-05,29.648549365997315,0.021885490417480467,-467.12844703975617
Adaboost,-112.99577950734323,1.7792101227401998e-05,2.977620315551758,0.02440919876098633,-162.47161184526448
GradientBoostingRegressor,-201.75858798697544,3.164592003124974e-05,4.858764362335205,0.012420129776000977,-568.7042279015903
