description,test_r2_score,test_mean_squared_error,fit_time,score_time,train_test_score
SVR,-62910.085397430594,0.009818963513861615,0.021886730194091798,0.011571121215820313,-788822.5007379786
KNN,-133.28050229650813,2.0958076694163568e-05,0.016565799713134766,0.03221616744995117,-67.08970249547878
DT,-101.33192742922564,1.5971644033528927e-05,3.0330190658569336,0.009442806243896484,-163.37741043381308
bagging,-413.369109629383,6.467342190997085e-05,15.54906063079834,0.01370396614074707,-148.6929924646928
RF,-241.2187471895704,3.7804737050758275e-05,157.6109453201294,0.021036052703857423,-389.79362600345314
Adaboost,-101.22694259121279,1.5955258331590313e-05,3.615858316421509,0.020281124114990234,-878.6209280592755
GradientBoostingRegressor,-229.53985432764952,3.598193233885318e-05,23.263240909576417,0.010077810287475586,-472.6639500256034
