description,test_r2_score,test_mean_squared_error,fit_time,score_time,train_test_score
SVR,-63845.073161281136,0.009964893451028625,0.02207803726196289,0.01173553466796875,-798673.091587171
KNN,-83.4277209312894,1.3177212031008429e-05,0.016317176818847656,0.03201165199279785,-67.1995814260647
DT,-663.5456277985386,0.00010372018272182934,3.1980611801147463,0.009227657318115234,-897.9850423726555
bagging,-343.30659416763103,5.373828577835986e-05,17.57280135154724,0.013782644271850586,-677.1344585573303
RF,-399.6962058546059,6.253939827256337e-05,170.6823625087738,0.021106815338134764,-310.3303664454116
Adaboost,-663.1703300267983,0.0001036616074309363,3.520050621032715,0.020155668258666992,-162.5947648197831
GradientBoostingRegressor,-489.4489231246944,7.654771891395115e-05,23.435224723815917,0.009865903854370117,-487.211788105052
