description,test_r2_score,test_mean_squared_error,fit_time,score_time,train_test_score
SVR,-63489.09041004913,0.009909332787533,0.03254027366638183,0.014138460159301758,-795526.9797585038
KNN,-83.43468998386749,1.3178299738724138e-05,0.020265865325927734,0.03859343528747559,-67.14955648056323
DT,-703.2491165073207,0.0001099169778421448,0.5065896511077881,0.011508369445800781,-2067.501407298554
bagging,-67.83236458751378,1.0743138068401877e-05,2.9515249729156494,0.01669797897338867,-874.7409270364285
RF,-98.43695275920727,1.5519805530363873e-05,28.939025497436525,0.021822166442871094,-586.011078483546
Adaboost,0.5517183846990692,6.99663786877624e-08,3.016691493988037,0.024497318267822265,-162.60990140409316
GradientBoostingRegressor,-221.0850968286979,3.46623404914656e-05,4.857086420059204,0.012380409240722656,-1012.8267443366474
