description,test_r2_score,test_mean_squared_error,fit_time,score_time,train_test_score
SVR,-64508.465117355896,0.010068433572311502,0.021339225769042968,0.011194467544555664,-805280.1311660169
KNN,-83.44588633463763,1.3180047229790394e-05,0.01614999771118164,0.03128819465637207,-67.10201702607941
DT,-0.08194803270888884,1.6886703177905782e-07,16.10856237411499,0.009526252746582031,-879.7142493037467
bagging,-74.40595190989086,1.1769122816015847e-05,64.95685276985168,0.01434946060180664,-135.65315443508013
RF,-93.05506688692209,1.4679817781274843e-05,644.4881644248962,0.024865007400512694,-284.47245767580887
Adaboost,0.4037142728423768,9.306639301817337e-08,4.707991981506348,0.018510913848876952,-165.49684645832878
GradientBoostingRegressor,-25.680219958116048,4.16416446569913e-06,37.55037512779236,0.009985589981079101,-954.7019159962181
