description,test_r2_score,test_mean_squared_error,fit_time,score_time,train_test_score
SVR,0.45995820376066243,5.949655941702212,0.017683649063110353,0.010491943359375,0.47747596531186315
KNN,0.4886340685539087,5.633733117693652,0.006852149963378906,0.012140798568725585,-0.21771710598590982
DT,-0.12140956713975615,12.354601330260435,0.485569429397583,0.005375051498413086,-1.060328494858384
bagging,0.6846418574648843,3.474309691516343,2.618977737426758,0.007527303695678711,-0.6543183166902387
RF,0.7697162978997985,2.5370421438092485,27.09618763923645,0.013688611984252929,-0.015390178836570323
Adaboost,0.7325952934077962,2.9460053138375093,1.2391730785369872,0.010796833038330077,0.24630504789562496
GradientBoostingRegressor,0.6557983347734148,3.7920796073931307,5.626827907562256,0.005748462677001953,-0.2921487026569513
