description,test_r2_score,test_mean_squared_error,fit_time,score_time,train_test_score
SVR,0.1893362893731919,8.93110532599518,0.014306402206420899,0.007787847518920898,0.2087859837403192
KNN,0.7167306577795107,3.1207864590860104,0.005156183242797851,0.010003042221069337,-0.05313448371072584
DT,-0.6485225845662248,18.161820545363714,0.5911673545837403,0.003989076614379883,0.2451248375460886
bagging,0.5159001113090846,5.333342343470791,3.1734241485595702,0.005821037292480469,-0.8423855431836372
RF,0.5830794471047258,4.593225676280448,32.114374017715456,0.01217060089111328,0.11549638028259393
Adaboost,0.6361686359428479,4.008340561812569,1.3227272033691406,0.008734560012817383,0.394547456816376
GradientBoostingRegressor,0.3611730314022319,7.037975015831685,6.149476146697998,0.004367685317993164,0.15288518583859295
