description,test_r2_score,test_mean_squared_error,fit_time,score_time,train_test_score
SVR,0.18279005108368895,9.003225420784432,0.013640737533569336,0.007577753067016602,0.20184507187985315
KNN,0.49727001368044066,5.538590662809448,0.005066490173339844,0.009936666488647461,-0.2107914327515394
DT,0.09445022886432286,9.976467773166053,0.62173490524292,0.003953361511230468,0.5913778213747745
bagging,0.5201307405398207,5.286733380025613,3.190994071960449,0.005715036392211914,0.2291670960314584
RF,0.5780026018330178,4.649157426093631,31.99751133918762,0.01228179931640625,0.4345769616914497
Adaboost,0.7001453744506697,3.3035070006985374,1.253715419769287,0.008693170547485352,0.46409047616453253
GradientBoostingRegressor,0.443958321601831,6.125927101852635,6.0752404689788815,0.004304075241088867,0.5561811640603166
