description,test_r2_score,test_mean_squared_error,fit_time,score_time,train_test_score
SVR,0.4610051954823696,5.9381212039072,0.02100214958190918,0.012045860290527344,0.47828728836109213
KNN,0.6829355480286283,3.493108151462401,0.008118009567260743,0.013531684875488281,0.5558927753101259
DT,-1.035228635096625,22.42217218342606,0.5647876739501954,0.006215190887451172,0.54257856426307
bagging,-0.0362580540111459,11.416484670478713,2.937501859664917,0.008573293685913086,0.3341439924544457
RF,0.35514242660314876,7.104414361683762,29.857262992858885,0.014623355865478516,0.49523812122052824
Adaboost,0.4394973864925029,6.175073351760669,1.6865844249725341,0.011894750595092773,0.45847297242276763
GradientBoostingRegressor,-0.5003789854458651,16.529718269448434,7.2766166687011715,0.0066619873046875,0.6301031017892532
