description,test_r2_score,test_mean_squared_error,fit_time,score_time,train_test_score
SVR,0.4921275310754659,5.595245541003781,0.017319583892822267,0.010282802581787109,0.48430522163078205
KNN,0.7291892223014561,2.9835300968021143,0.006777572631835938,0.012219524383544922,-0.9528979542476582
DT,0.8323934564929193,1.84652609184925,0.518631887435913,0.005484819412231445,-4.316519546620652
bagging,0.6424866405798162,3.9387349237123264,2.814529037475586,0.007568550109863281,0.21365796185758193
RF,0.7921760264562048,2.289602670818124,28.683212804794312,0.014117956161499023,0.2592119576843073
Adaboost,0.8006150946343885,2.1966292149145206,1.1308933734893798,0.010658502578735352,0.5626709816185083
GradientBoostingRegressor,0.7691971994265439,2.5427610665615883,5.739477062225342,0.005788755416870117,-1.1188412524239417
