description,test_r2_score,test_mean_squared_error,fit_time,score_time,train_test_score
SVR,0.7421262446077963,10.14589592776189,0.34079923629760744,0.20200629234313966,0.767192504233624
KNN,0.876786433585754,4.847767543564115,0.011966133117675781,0.0373784065246582,0.8632945564181707
DT,0.847076995768659,6.016668441238298,1.4027807235717773,0.006556797027587891,0.8164239530309123
bagging,0.8889266211126725,4.370118784758507,8.49096393585205,0.011063003540039062,0.8779159444282809
RF,0.9003022137170555,3.9225525773902894,85.10852994918824,0.01874403953552246,0.8962764849045477
Adaboost,0.8383085157988222,6.361659287954447,10.839986991882324,0.01759305000305176,0.8292961320976729
GradientBoostingRegressor,0.894388726714879,4.155215353030268,34.75939645767212,0.007707738876342773,0.8977502206498015
