description,test_r2_score,test_mean_squared_error,fit_time,score_time,train_test_score
SVR,0.606949355456134,15.464353585794798,1.1680858612060547,0.4761355400085449,0.701246495759112
KNN,0.8618268948589998,5.436342068405278,0.019828033447265626,0.056601333618164065,0.8450445054785998
DT,0.8156384980961591,7.253598213425625,2.4731168270111086,0.009784317016601563,0.8068475815179849
bagging,0.8916221052268606,4.264066498608278,16.26059341430664,0.01636347770690918,0.87581419187134
RF,0.9031736957200647,3.8095757546164366,160.6473280906677,0.023418140411376954,0.8955530326521302
Adaboost,0.8386811354908892,6.346998778548994,15.740440130233765,0.02476215362548828,0.8104967613392052
GradientBoostingRegressor,0.8966271220486842,4.067146964421144,58.51974835395813,0.010913944244384766,0.8875253053491431
