description,test_r2_score,test_mean_squared_error,fit_time,score_time,train_test_score
SVR,0.6747284618965173,12.797623274387485,0.6398128032684326,0.3120373249053955,0.7343306269943252
KNN,0.8828685404798169,4.608470514384737,0.016943693161010742,0.0487555980682373,0.8822853821143462
DT,0.828585991271774,6.744186474005291,2.270751619338989,0.008420038223266601,0.8355684580631839
bagging,0.8923232701672503,4.2364795636657515,13.523757219314575,0.014083576202392579,0.8808664268163966
RF,0.9001189194427754,3.929764186141137,135.01976680755615,0.021991825103759764,0.8893578295587741
Adaboost,0.8204530900416508,7.064170837462896,11.721931409835815,0.021843862533569337,0.7852267769505511
GradientBoostingRegressor,0.8875165076073447,4.425598896915045,45.67097096443176,0.009471321105957031,0.8787551767365139
