description,test_r2_score,test_mean_squared_error,fit_time,score_time,train_test_score
SVR,0.6767474100842857,12.718188908662723,0.7093182563781738,0.29351391792297366,0.738249363931374
KNN,0.8782785424015424,4.78906137265169,0.017405128479003905,0.04869899749755859,0.8805183729142222
DT,0.8572986443802683,5.614503502561975,2.182701063156128,0.00845785140991211,0.8307992444023009
bagging,0.8925698208655669,4.2267791669649215,12.663794040679932,0.014409875869750977,0.8719916433237354
RF,0.9017766099232696,3.864543299006055,130.77971153259278,0.021986627578735353,0.8914004012868988
Adaboost,0.8214068246460136,7.026646693046368,11.501276397705078,0.022015476226806642,0.7926377701612548
GradientBoostingRegressor,0.891247495626668,4.278805299814755,44.03186345100403,0.009516286849975585,0.8860681758518097
