description,test_r2_score,test_mean_squared_error,fit_time,score_time,train_test_score
SVR,0.6901214233502049,12.191995979389452,0.6972119331359863,0.3272549629211426,0.731156777781919
KNN,0.8856379063151194,4.499511394027004,0.017008543014526367,0.04864974021911621,0.8845363814764431
DT,0.8250175294627203,6.88458556999622,2.389353609085083,0.008595037460327148,0.7809175985390209
bagging,0.8831363694830887,4.597932934903257,14.305223655700683,0.014123773574829102,0.8789518125835029
RF,0.8977405203941378,4.023340941113603,141.1267663002014,0.022456645965576172,0.8902620779787933
Adaboost,0.7938218817922349,8.111960547269469,12.283902645111084,0.021962976455688475,0.7595731667387281
GradientBoostingRegressor,0.8950755176713499,4.128193954292411,47.32711796760559,0.009435129165649415,0.8829608322378875
