description,test_r2_score,test_mean_squared_error,fit_time,score_time,train_test_score
SVR,0.7726949665824927,8.943186984665873,1.5386342048645019,0.673006820678711,0.7892840356965956
KNN,0.8835239483207861,4.582683866439119,0.027703619003295897,0.06921505928039551,0.8863313715974701
DT,0.8287602457803572,6.737330529683468,0.680272102355957,0.011960077285766601,0.8392842689495433
bagging,0.8799479224951017,4.723380564353185,4.083299589157105,0.02161893844604492,0.8956592618381247
RF,0.8966276880584466,4.067124695089645,40.409397554397586,0.024518680572509766,0.9051326818630017
Adaboost,0.8263245824983256,6.8331603132804,6.120091104507447,0.029684019088745118,0.8287523192352643
GradientBoostingRegressor,0.8949208991638796,4.134277331342214,14.867767810821533,0.013409996032714843,0.9014569941690226
