{"arquitecture": "A", "trainable_params": 34577, "non_trainable_params": 0, "train_metrics": {"mse": 1.8463385184003386e+17, "mae": 96281993.33772564, "r2_score": -0.0528628554038848, "kendalltau": -0.26983997882866545, "pearsonr": 0.0011845505430911083, "spearmanr": -0.32973433537179087}, "test_metrics": {"mse": 1.2870373289084264e+16, "mae": 54548712.03532362, "r2": -0.30071942689781994, "kendalltau": -0.20945176680313152, "pearsonr": -0.0981828357396954, "spearmanr": -0.25559279951416386}, "total_time": 4.9534, "epochs": 50}