{"arquitecture": "B", "trainable_params": 34577, "non_trainable_params": 0, "train_metrics": {"mse": 1.8463385216325037e+17, "mae": 96281995.007629, "r2_score": -0.052862857247006456, "kendalltau": -0.4217202395966301, "pearsonr": -0.16808371513549408, "spearmanr": -0.5547901581632958}, "test_metrics": {"mse": 1.2870373472201326e+16, "mae": 54548713.71378753, "r2": -0.3007194454041924, "kendalltau": -0.38302332627413654, "pearsonr": -0.17230719885110354, "spearmanr": -0.5203686503656691}, "total_time": 3.2923, "epochs": 50}