{"arquitecture": "D", "trainable_params": 18049, "non_trainable_params": 0, "train_metrics": {"mse": 1.749574729589745e+17, "mae": 128569853.42856352, "r2_score": 0.0023160827873022205, "kendalltau": 0.2216095035951472, "pearsonr": 0.07612429797885165, "spearmanr": 0.2945776733814512}, "test_metrics": {"mse": 1.164534432435144e+16, "mae": 84761995.95857988, "r2": -0.17691423981036136, "kendalltau": 0.10293858416736115, "pearsonr": -0.015127093321508505, "spearmanr": 0.13551802996752188}, "total_time": 5.5283, "epochs": 30}