{"arquitecture": "B", "trainable_params": 34577, "non_trainable_params": 0, "train_metrics": {"mse": 1.8463385477539318e+17, "mae": 96282008.5032488, "r2_score": -0.05286287214258545, "kendalltau": -0.11169446543545887, "pearsonr": -0.08248182176336358, "spearmanr": -0.15479245125138394}, "test_metrics": {"mse": 1.2870374952105968e+16, "mae": 54548727.27863618, "r2": -0.3007195949678976, "kendalltau": -0.1053789005627015, "pearsonr": -0.1289123088911065, "spearmanr": -0.140185243228918}, "total_time": 4.0297, "epochs": 30}