{"arquitecture": "C", "trainable_params": 18049, "non_trainable_params": 0, "train_metrics": {"mse": 1.7551803439696362e+17, "mae": 125707655.83672678, "r2_score": -0.0008804833372124676, "kendalltau": -0.2669402699817357, "pearsonr": -0.0590778172608166, "spearmanr": -0.397822030981015}, "test_metrics": {"mse": 1.1222388166355598e+16, "mae": 81552397.2366864, "r2": -0.13416899232807977, "kendalltau": -0.2413659331299126, "pearsonr": -0.13638325994801226, "spearmanr": -0.35765668393972233}, "total_time": 4.4033, "epochs": 50}