{"arquitecture": "A", "trainable_params": 34577, "non_trainable_params": 0, "train_metrics": {"mse": 1.846338546683186e+17, "mae": 96282007.95031103, "r2_score": -0.05286287153199942, "kendalltau": 0.04916435890155949, "pearsonr": 0.018346370269506446, "spearmanr": 0.05748115350349777}, "test_metrics": {"mse": 1.287037489145338e+16, "mae": 54548726.72283984, "r2": -0.3007195888381611, "kendalltau": 0.015598568404261501, "pearsonr": 0.04436814633129608, "spearmanr": 0.01895785022192248}, "total_time": 6.0279, "epochs": 30}