{"arquitecture": "C", "trainable_params": 18049, "non_trainable_params": 0, "train_metrics": {"mse": 1.7506389268018624e+17, "mae": 125138439.89795128, "r2_score": 0.0017092310619568618, "kendalltau": 0.22008196858066578, "pearsonr": 0.06222819069065207, "spearmanr": 0.3099689604649789}, "test_metrics": {"mse": 1.1238782667728288e+16, "mae": 81278092.81065089, "r2": -0.13582587095551224, "kendalltau": 0.12015381003222483, "pearsonr": -0.02273048247900449, "spearmanr": 0.17786644310977545}, "total_time": 5.4119, "epochs": 30}