{"arquitecture": "D", "trainable_params": 18049, "non_trainable_params": 0, "train_metrics": {"mse": 1.75481342146575e+17, "mae": 128910456.44897169, "r2_score": -0.0006712481014723437, "kendalltau": -0.21502316146683287, "pearsonr": -0.04296679996596276, "spearmanr": -0.3255586402115254}, "test_metrics": {"mse": 1.1620674461675304e+16, "mae": 84752670.75147928, "r2": -0.17442102777050827, "kendalltau": -0.18379370236872913, "pearsonr": -0.08899464808530602, "spearmanr": -0.27803942953542204}, "total_time": 4.0883, "epochs": 50}