{"arquitecture": "C", "trainable_params": 18561, "non_trainable_params": 0, "train_metrics": {"mse": 1.7544163651762746e+17, "mae": 124004804.44897169, "r2_score": -0.0004448292652041719, "kendalltau": -0.0421435419942185, "pearsonr": -0.02006735522723657, "spearmanr": -0.08808799645647708}, "test_metrics": {"mse": 1.0977441508450794e+16, "mae": 79762796.57396449, "r2": -0.10941393127940824, "kendalltau": -0.10643791016934148, "pearsonr": -0.07267070253408948, "spearmanr": -0.18884781537641573}, "total_time": 4.5466, "epochs": 50}