{"arquitecture": "B", "trainable_params": 63249, "non_trainable_params": 0, "train_metrics": {"mse": 1.846338521576639e+17, "mae": 96281994.97878787, "r2_score": -0.05286285721514994, "kendalltau": 0.003877522638387071, "pearsonr": -0.005082210750984302, "spearmanr": 0.004813883980851243}, "test_metrics": {"mse": 1.2870373469037952e+16, "mae": 54548713.68480125, "r2": -0.30071944508449233, "kendalltau": 0.09833503355742806, "pearsonr": 0.12573075290859828, "spearmanr": 0.12042378287308322}, "total_time": 3.131, "epochs": 50}