{"arquitecture": "A", "trainable_params": 132881, "non_trainable_params": 0, "train_metrics": {"mse": 1.8463385455531994e+17, "mae": 96282007.36647785, "r2_score": -0.05286287088763175, "kendalltau": 0.2157745184793181, "pearsonr": 0.06543362409068515, "spearmanr": 0.2641475387152958}, "test_metrics": {"mse": 1.2870374827433862e+16, "mae": 54548726.13601814, "r2": -0.3007195823681521, "kendalltau": 0.16290516359292262, "pearsonr": 0.09777974826334287, "spearmanr": 0.1986994549021815}, "total_time": 5.9065, "epochs": 30}