{"arquitecture": "D", "trainable_params": 18561, "non_trainable_params": 0, "train_metrics": {"mse": 1.7543547531029347e+17, "mae": 124216129.44897169, "r2_score": -0.0004096953702996675, "kendalltau": -0.07841652095737973, "pearsonr": -0.02189230426996421, "spearmanr": -0.140582215043404}, "test_metrics": {"mse": 1.100094337750216e+16, "mae": 79975107.76923077, "r2": -0.11178910229868588, "kendalltau": -0.1401068644300295, "pearsonr": -0.08690660484572602, "spearmanr": -0.22980161135110141}, "total_time": 4.2717, "epochs": 50}