{"arquitecture": "C", "trainable_params": 18689, "non_trainable_params": 0, "train_metrics": {"mse": 1.7543615542181968e+17, "mae": 124211039.91835944, "r2_score": -0.0004135736632362441, "kendalltau": -0.13319217504565692, "pearsonr": -0.05121729442663433, "spearmanr": -0.21395179870165285}, "test_metrics": {"mse": 1.1000510845050694e+16, "mae": 79970264.26627219, "r2": -0.1117453892415936, "kendalltau": -0.1618684794929216, "pearsonr": -0.12405576933384482, "spearmanr": -0.26815676844477637}, "total_time": 4.5626, "epochs": 50}