{"arquitecture": "B", "trainable_params": 132881, "non_trainable_params": 0, "train_metrics": {"mse": 1.846338547662097e+17, "mae": 96282008.45605706, "r2_score": -0.05286287209021734, "kendalltau": 0.054485756551340615, "pearsonr": 0.01460936794122367, "spearmanr": 0.06696871212988473}, "test_metrics": {"mse": 1.2870374946913778e+16, "mae": 54548727.23118495, "r2": -0.3007195944431591, "kendalltau": 0.14012284580114767, "pearsonr": 0.06714227869193679, "spearmanr": 0.1749340303381621}, "total_time": 3.8036, "epochs": 30}