{"arquitecture": "D", "trainable_params": 19649, "non_trainable_params": 0, "train_metrics": {"mse": 1.75422728153345e+17, "mae": 124655714.9999921, "r2_score": -0.0003370055145159867, "kendalltau": 0.046432614558646036, "pearsonr": 0.030201083157149082, "spearmanr": 0.06559483397495613}, "test_metrics": {"mse": 1.1049386451726358e+16, "mae": 80406028.81065089, "r2": -0.11668490806334919, "kendalltau": 0.10576075234192897, "pearsonr": 0.0765112313198584, "spearmanr": 0.13853519123851116}, "total_time": 4.7261, "epochs": 30}