{"arquitecture": "A", "trainable_params": 75537, "non_trainable_params": 0, "train_metrics": {"mse": 1.8463385284545898e+17, "mae": 96281998.53233844, "r2_score": -0.05286286113725791, "kendalltau": 0.031249863800298556, "pearsonr": 0.011118939628466159, "spearmanr": 0.03818616172214066}, "test_metrics": {"mse": 1.287037385870935e+16, "mae": 54548717.256575204, "r2": -0.3007194844658796, "kendalltau": -0.009074563800898303, "pearsonr": 0.054567931604035544, "spearmanr": -0.011073638583443126}, "total_time": 5.0375, "epochs": 50}