{"arquitecture": "B", "trainable_params": 75537, "non_trainable_params": 0, "train_metrics": {"mse": 1.8463385176905254e+17, "mae": 96281992.97099398, "r2_score": -0.05286285499911836, "kendalltau": -0.16575017347778845, "pearsonr": -0.0721326888744309, "spearmanr": -0.2058788388656134}, "test_metrics": {"mse": 1.2870373248869612e+16, "mae": 54548711.66671112, "r2": -0.3007194228336041, "kendalltau": -0.1285231484861405, "pearsonr": -0.12961640441058325, "spearmanr": -0.15943239188375252}, "total_time": 3.3596, "epochs": 50}