{"arquitecture": "D", "trainable_params": 18689, "non_trainable_params": 0, "train_metrics": {"mse": 1.7537002276755254e+17, "mae": 128004043.67346148, "r2_score": -3.645638754057323e-05, "kendalltau": -0.3835588171918182, "pearsonr": -0.13651014974361705, "spearmanr": -0.5689873653881539}, "test_metrics": {"mse": 1.1451633907063748e+16, "mae": 83748537.02366863, "r2": -0.1573372704949274, "kendalltau": -0.38035426825940966, "pearsonr": -0.26307685498866606, "spearmanr": -0.5630628448604245}, "total_time": 4.3001, "epochs": 50}