{"arquitecture": "C", "trainable_params": 19649, "non_trainable_params": 0, "train_metrics": {"mse": 1.754258049981613e+17, "mae": 124539371.81631863, "r2_score": -0.00035455102736015043, "kendalltau": 0.1828756086074049, "pearsonr": 0.012353927383823682, "spearmanr": 0.2801364920387228}, "test_metrics": {"mse": 1.103498443514352e+16, "mae": 80290555.34319526, "r2": -0.11522939606419924, "kendalltau": 0.2121564925231357, "pearsonr": 0.15630806480472115, "spearmanr": 0.31099200218070944}, "total_time": 5.0818, "epochs": 30}