{"arquitecture": "A", "trainable_params": 63249, "non_trainable_params": 0, "train_metrics": {"mse": 1.8463385163772413e+17, "mae": 96281992.29247576, "r2_score": -0.0528628542502263, "kendalltau": 0.08833138982569165, "pearsonr": 0.03186201719286821, "spearmanr": 0.11297165138835531}, "test_metrics": {"mse": 1.2870373174465384e+16, "mae": 54548710.98471347, "r2": -0.3007194153140844, "kendalltau": 0.028244980053138462, "pearsonr": -0.021626130529894816, "spearmanr": 0.03900114648666104}, "total_time": 4.7201, "epochs": 50}