{"arquitecture": "C", "trainable_params": 18561, "non_trainable_params": 0, "train_metrics": {"mse": 1.458887691770699e+17, "mae": 98911175.8281329, "r2_score": 0.16807852646541044, "kendalltau": 0.396539614169781, "pearsonr": 0.41833920147333914, "spearmanr": 0.5626619195173646}, "test_metrics": {"mse": 1.3194170199627274e+16, "mae": 71433270.7750786, "r2": -0.33344333648869373, "kendalltau": 0.3814865829972048, "pearsonr": 0.6138442338215266, "spearmanr": 0.5462311281239378}, "total_time": 4.4213, "epochs": 50}