{"arquitecture": "A", "trainable_params": 63249, "non_trainable_params": 0, "train_metrics": {"mse": 1.846338563837618e+17, "mae": 96282018.81252952, "r2_score": -0.0528628813142058, "kendalltau": 0.16622813663349364, "pearsonr": 0.1522300015399006, "spearmanr": 0.26081726475625894}, "test_metrics": {"mse": 1.2870376078798052e+16, "mae": 54548737.903762594, "r2": -0.3007197088348579, "kendalltau": 0.15025977397232881, "pearsonr": 0.060408958163729404, "spearmanr": 0.2357066403370858}, "total_time": 4.8096, "epochs": 50}