{"arquitecture": "D", "trainable_params": 19649, "non_trainable_params": 0, "train_metrics": {"mse": 1.738517664473193e+17, "mae": 120830823.23468597, "r2_score": 0.008621304194417645, "kendalltau": -0.14516657783986683, "pearsonr": 0.1084950602304696, "spearmanr": -0.17160865687297552}, "test_metrics": {"mse": 9835636608775784.0, "mae": 76768913.49704142, "r2": 0.005980376358429962, "kendalltau": -0.04748297953710353, "pearsonr": 0.3854606185014611, "spearmanr": -0.018875594626314607}, "total_time": 5.1851, "epochs": 30}