{"arquitecture": "A", "trainable_params": 132881, "non_trainable_params": 0, "train_metrics": {"mse": 1.8463385512206026e+17, "mae": 96282010.31923059, "r2_score": -0.05286287411943258, "kendalltau": 0.15462353550624752, "pearsonr": 0.03437795073849379, "spearmanr": 0.18856343732920558}, "test_metrics": {"mse": 1.2870375148561052e+16, "mae": 54548729.10946681, "r2": -0.3007196148222515, "kendalltau": 0.12808943269792378, "pearsonr": 0.10961606756249233, "spearmanr": 0.15697878376521718}, "total_time": 5.4624, "epochs": 30}