{"arquitecture": "A", "trainable_params": 63249, "non_trainable_params": 0, "train_metrics": {"mse": 1.8463385652615766e+17, "mae": 96282019.8933107, "r2_score": -0.052862882126209154, "kendalltau": 0.3171534613865525, "pearsonr": 0.15951466491539493, "spearmanr": 0.4536993029783934}, "test_metrics": {"mse": 1.2870376056402438e+16, "mae": 54548738.495972134, "r2": -0.3007197065714884, "kendalltau": 0.24252213073740295, "pearsonr": 0.20773331923644203, "spearmanr": 0.35038403360415105}, "total_time": 4.7045, "epochs": 50}