{"arquitecture": "A", "trainable_params": 63249, "non_trainable_params": 0, "train_metrics": {"mse": 1.8463385477540355e+17, "mae": 96282010.70758586, "r2_score": -0.05286287214264451, "kendalltau": 0.36356222772166885, "pearsonr": 0.1430317995184689, "spearmanr": 0.5182922313252393}, "test_metrics": {"mse": 1.2870375092825018e+16, "mae": 54548729.69141916, "r2": -0.3007196091893969, "kendalltau": 0.3338283669181889, "pearsonr": 0.180875820483414, "spearmanr": 0.475758248532512}, "total_time": 4.6686, "epochs": 50}