{"arquitecture": "D", "trainable_params": 18689, "non_trainable_params": 0, "train_metrics": {"mse": 1.747592532545053e+17, "mae": 117403481.12309463, "r2_score": 0.003446418107531324, "kendalltau": 0.12873507941857007, "pearsonr": 0.0787486241554443, "spearmanr": 0.18744600504020156}, "test_metrics": {"mse": 1.0834077795106494e+16, "mae": 70884479.37869823, "r2": -0.09492515439076143, "kendalltau": 0.14033231248038475, "pearsonr": 0.13235762540660143, "spearmanr": 0.19753579854018016}, "total_time": 4.2811, "epochs": 50}