{"arquitecture": "D", "trainable_params": 18689, "non_trainable_params": 0, "train_metrics": {"mse": 1.7361325545368742e+17, "mae": 119224839.75279808, "r2_score": 0.009981398041227885, "kendalltau": 0.1869148148333984, "pearsonr": 0.1093569408503584, "spearmanr": 0.2727105563257145}, "test_metrics": {"mse": 1.1616929474165222e+16, "mae": 78644723.84781805, "r2": -0.17404254783846262, "kendalltau": 0.11775496708384219, "pearsonr": 0.14172327553707809, "spearmanr": 0.17322322211795638}, "total_time": 4.2832, "epochs": 50}