{"arquitecture": "C", "trainable_params": 18689, "non_trainable_params": 0, "train_metrics": {"mse": 1.7598341614220672e+17, "mae": 120950735.59638864, "r2_score": -0.0035342932873727584, "kendalltau": 0.09576332364342721, "pearsonr": 0.054709023408246245, "spearmanr": 0.14099885035068577}, "test_metrics": {"mse": 1.1361773181339296e+16, "mae": 71473044.40606509, "r2": -0.148255669748812, "kendalltau": 0.10293858416736115, "pearsonr": 0.11175098472029117, "spearmanr": 0.1468818005394679}, "total_time": 4.6284, "epochs": 50}