{"arquitecture": "D", "trainable_params": 18689, "non_trainable_params": 0, "train_metrics": {"mse": 1.7582124336555232e+17, "mae": 120002702.56952322, "r2_score": -0.0026095132917463015, "kendalltau": 0.07725984772447364, "pearsonr": 0.04238346149365274, "spearmanr": 0.11530689834296222}, "test_metrics": {"mse": 1.0947365988848092e+16, "mae": 72181846.87573965, "r2": -0.10637440695928135, "kendalltau": 0.0680848072114486, "pearsonr": 0.08524748403178108, "spearmanr": 0.10163929945371904}, "total_time": 4.1796, "epochs": 50}