{"arquitecture": "B", "trainable_params": 132881, "non_trainable_params": 0, "train_metrics": {"mse": 1.8463385521047568e+17, "mae": 96282010.751394, "r2_score": -0.05286287462361594, "kendalltau": -0.031249863800298556, "pearsonr": -0.011118939628466159, "spearmanr": -0.03818616172214066}, "test_metrics": {"mse": 1.28703751986134e+16, "mae": 54548729.53829281, "r2": -0.3007196198806954, "kendalltau": 0.009074563800898303, "pearsonr": -0.054567931604035544, "spearmanr": 0.011073638583443126}, "total_time": 3.731, "epochs": 30}