{"arquitecture": "D", "trainable_params": 18561, "non_trainable_params": 0, "train_metrics": {"mse": 1.4302369178084194e+17, "mae": 95834036.01444124, "r2_score": 0.1844164489984853, "kendalltau": 0.3631267538121822, "pearsonr": 0.45588618526785313, "spearmanr": 0.5145355708645791}, "test_metrics": {"mse": 1.0196367957513412e+16, "mae": 64037256.711538464, "r2": -0.030476240917157282, "kendalltau": 0.34268177059689725, "pearsonr": 0.5808407185999597, "spearmanr": 0.5077340399167996}, "total_time": 4.0801, "epochs": 50}