{"arquitecture": "C", "trainable_params": 18689, "non_trainable_params": 0, "train_metrics": {"mse": 1.7396473497076064e+17, "mae": 119757658.01338495, "r2_score": 0.007977108338804717, "kendalltau": 0.0951236060387546, "pearsonr": 0.09451115197167353, "spearmanr": 0.13981548801572857}, "test_metrics": {"mse": 1.1194595028249304e+16, "mae": 73230939.6923077, "r2": -0.13136013248716316, "kendalltau": 0.07104808379474481, "pearsonr": 0.044945389050554, "spearmanr": 0.10272458243252974}, "total_time": 4.5696, "epochs": 50}