{"arquitecture": "A", "trainable_params": 75537, "non_trainable_params": 0, "train_metrics": {"mse": 1.846338525669254e+17, "mae": 96281997.11003661, "r2_score": -0.05286285954893777, "kendalltau": 0.05340812650048181, "pearsonr": 0.019445626182273728, "spearmanr": 0.0654858169698807}, "test_metrics": {"mse": 1.2870373700893736e+16, "mae": 54548715.81361008, "r2": -0.3007194685165493, "kendalltau": 0.0803507975805237, "pearsonr": 0.04218351346061983, "spearmanr": 0.0980516211930799}, "total_time": 5.033, "epochs": 50}