{"arquitecture": "B", "trainable_params": 63249, "non_trainable_params": 0, "train_metrics": {"mse": 1.8463385723924058e+17, "mae": 96282021.18846588, "r2_score": -0.05286288619251933, "kendalltau": 0.06860072182579988, "pearsonr": -0.008484571406220047, "spearmanr": 0.08422644186277001}, "test_metrics": {"mse": 1.287037632778869e+16, "mae": 54548739.95337557, "r2": -0.30071973399861585, "kendalltau": 0.061988926196085516, "pearsonr": 0.035318742741295636, "spearmanr": 0.09078022900977142}, "total_time": 3.0734, "epochs": 50}