{"arquitecture": "B", "trainable_params": 63249, "non_trainable_params": 0, "train_metrics": {"mse": 1.8463385613150704e+17, "mae": 96282016.45915985, "r2_score": -0.05286287987573912, "kendalltau": 0.1337414497602317, "pearsonr": 0.1255728796422178, "spearmanr": 0.19252090007787856}, "test_metrics": {"mse": 1.287037579614483e+16, "mae": 54548735.10884735, "r2": -0.3007196802690557, "kendalltau": 0.014414856667774468, "pearsonr": 0.03619160661167384, "spearmanr": 0.01862915037452639}, "total_time": 3.0776, "epochs": 50}