{"arquitecture": "A", "trainable_params": 63249, "non_trainable_params": 0, "train_metrics": {"mse": 1.8463385584483098e+17, "mae": 96282015.62175307, "r2_score": -0.05286287824098679, "kendalltau": 0.25846992280965503, "pearsonr": 0.13609991782000086, "spearmanr": 0.357830337533371}, "test_metrics": {"mse": 1.287037568805796e+16, "mae": 54548734.200781, "r2": -0.300719669345465, "kendalltau": 0.12616011438584568, "pearsonr": 0.03930446236954417, "spearmanr": 0.17955266617767823}, "total_time": 4.7687, "epochs": 50}