{"arquitecture": "D", "trainable_params": 18561, "non_trainable_params": 0, "train_metrics": {"mse": 1.501607023425029e+17, "mae": 99191187.58391255, "r2_score": 0.14371809794253487, "kendalltau": 0.4866737481095288, "pearsonr": 0.38003950257532587, "spearmanr": 0.6723526169835364}, "test_metrics": {"mse": 1.4687723627723836e+16, "mae": 77374969.6545858, "r2": -0.48438643001051807, "kendalltau": 0.4739125907143008, "pearsonr": 0.6704254983624931, "spearmanr": 0.6622743579716894}, "total_time": 4.1316, "epochs": 50}