{"arquitecture": "B", "trainable_params": 63249, "non_trainable_params": 0, "train_metrics": {"mse": 1.8463385722054448e+17, "mae": 96282020.97305319, "r2_score": -0.05286288608590595, "kendalltau": 0.00971719031168942, "pearsonr": -0.030979206294975612, "spearmanr": 0.014912397471088999}, "test_metrics": {"mse": 1.2870376322812744e+16, "mae": 54548739.62177092, "r2": -0.30071973349573144, "kendalltau": -0.09150002531997727, "pearsonr": -0.09575488231376185, "spearmanr": -0.13875873795444021}, "total_time": 3.0195, "epochs": 50}