{"arquitecture": "A", "trainable_params": 132881, "non_trainable_params": 0, "train_metrics": {"mse": 1.8463385574117747e+17, "mae": 96282013.49330857, "r2_score": -0.05286287764990938, "kendalltau": 0.031249863800298556, "pearsonr": 0.011118939628466159, "spearmanr": 0.03818616172214066}, "test_metrics": {"mse": 1.2870375499283322e+16, "mae": 54548732.29426833, "r2": -0.3007196502673206, "kendalltau": -0.009074563800898303, "pearsonr": 0.054567931604035544, "spearmanr": -0.011073638583443126}, "total_time": 5.6471, "epochs": 30}