{"arquitecture": "C", "trainable_params": 18689, "non_trainable_params": 0, "train_metrics": {"mse": 1.744062733161167e+17, "mae": 117411612.1965959, "r2_score": 0.005459263867550135, "kendalltau": 0.14942305461461972, "pearsonr": 0.089795391402474, "spearmanr": 0.21600545983823335}, "test_metrics": {"mse": 1.0906261940291838e+16, "mae": 70816051.34689349, "r2": -0.10222030565387352, "kendalltau": 0.1640385251467544, "pearsonr": 0.14360917118639144, "spearmanr": 0.23295232406519592}, "total_time": 4.7181, "epochs": 50}