{"arquitecture": "A", "trainable_params": 63249, "non_trainable_params": 0, "train_metrics": {"mse": 1.8463385519783814e+17, "mae": 96282012.06891912, "r2_score": -0.05286287455155114, "kendalltau": 0.3446081334043366, "pearsonr": 0.09873986163554321, "spearmanr": 0.48832327912158646}, "test_metrics": {"mse": 1.2870375316378044e+16, "mae": 54548730.66440526, "r2": -0.3007196317823517, "kendalltau": 0.24064640183134467, "pearsonr": 0.00928681111590035, "spearmanr": 0.32928353292522305}, "total_time": 4.8978, "epochs": 50}