{"arquitecture": "D", "trainable_params": 18689, "non_trainable_params": 0, "train_metrics": {"mse": 1.755206140275935e+17, "mae": 122508570.93876761, "r2_score": -0.0008951935176253478, "kendalltau": -0.05517368346377588, "pearsonr": 0.032662545368157526, "spearmanr": -0.08587814593441565}, "test_metrics": {"mse": 1.1588926158258658e+16, "mae": 78342358.71597633, "r2": -0.1712124467839642, "kendalltau": -0.1363812770359898, "pearsonr": -0.12625285629335303, "spearmanr": -0.21371931952317905}, "total_time": 4.2206, "epochs": 50}