{"arquitecture": "A", "trainable_params": 63249, "non_trainable_params": 0, "train_metrics": {"mse": 1.8463385611769622e+17, "mae": 96282017.18091136, "r2_score": -0.052862879796983675, "kendalltau": 0.34362133282775764, "pearsonr": 0.10237096884125348, "spearmanr": 0.46620304404910573}, "test_metrics": {"mse": 1.287037585635803e+16, "mae": 54548736.254738495, "r2": -0.3007196863543866, "kendalltau": 0.27103905906752457, "pearsonr": 0.10608991200832199, "spearmanr": 0.37190799682727027}, "total_time": 4.7973, "epochs": 50}