{"arquitecture": "D", "trainable_params": 18561, "non_trainable_params": 0, "train_metrics": {"mse": 1.0433176480175856e+17, "mae": 94199806.40177782, "r2_score": 0.40505471394445514, "kendalltau": 0.4486030805174085, "pearsonr": 0.670639824260349, "spearmanr": 0.62168883833082}, "test_metrics": {"mse": 1.2072698081925814e+16, "mae": 75641253.67344674, "r2": -0.22010392220335118, "kendalltau": 0.34790278171984773, "pearsonr": 0.5387817631969097, "spearmanr": 0.5096087326224656}, "total_time": 4.0003, "epochs": 50}