{"arquitecture": "A", "trainable_params": 75537, "non_trainable_params": 0, "train_metrics": {"mse": 1.8463385303453862e+17, "mae": 96281999.52774866, "r2_score": -0.05286286221547254, "kendalltau": 0.07368228208346021, "pearsonr": 0.018513654036554215, "spearmanr": 0.09015119199643777}, "test_metrics": {"mse": 1.287037397140241e+16, "mae": 54548718.252732046, "r2": -0.30071949585498614, "kendalltau": -0.07571548148375049, "pearsonr": -0.15423614648500053, "spearmanr": -0.09248860645388163}, "total_time": 5.3992, "epochs": 50}