{"arquitecture": "B", "trainable_params": 63249, "non_trainable_params": 0, "train_metrics": {"mse": 1.8463385726428746e+17, "mae": 96282020.85844536, "r2_score": -0.052862886335347525, "kendalltau": 0.046144594280302736, "pearsonr": -0.08898078255494297, "spearmanr": 0.055288758941715456}, "test_metrics": {"mse": 1.2870376370858054e+16, "mae": 54548739.71970406, "r2": -0.30071973835133803, "kendalltau": -0.07297269703051157, "pearsonr": -0.20640005707594938, "spearmanr": -0.09528996550283536}, "total_time": 3.1522, "epochs": 50}