{"arquitecture": "B", "trainable_params": 63249, "non_trainable_params": 0, "train_metrics": {"mse": 1.8463385673064486e+17, "mae": 96282018.34484567, "r2_score": -0.05286288329228461, "kendalltau": -0.04112396306884853, "pearsonr": -0.027142697330410737, "spearmanr": -0.044613879176722084}, "test_metrics": {"mse": 1.2870376123450622e+16, "mae": 54548737.27817737, "r2": -0.30071971334758363, "kendalltau": -0.12224077563581373, "pearsonr": -0.18284611441113094, "spearmanr": -0.172500984423418}, "total_time": 3.0866, "epochs": 50}