{"arquitecture": "C", "trainable_params": 18561, "non_trainable_params": 0, "train_metrics": {"mse": 1.4294613720323251e+17, "mae": 103240905.93762748, "r2_score": 0.18485869906919417, "kendalltau": 0.4602778962477592, "pearsonr": 0.43423504698507, "spearmanr": 0.6432602906083825}, "test_metrics": {"mse": 1.6148166876409644e+16, "mae": 82119040.73890533, "r2": -0.6319833071779055, "kendalltau": 0.4397643558020302, "pearsonr": 0.5425154392733423, "spearmanr": 0.6140917718402507}, "total_time": 4.6368, "epochs": 50}