{"arquitecture": "B", "trainable_params": 132881, "non_trainable_params": 0, "train_metrics": {"mse": 1.846338549846876e+17, "mae": 96282009.58484133, "r2_score": -0.05286287333607387, "kendalltau": 0.031249863800298556, "pearsonr": 0.011118939628466159, "spearmanr": 0.03818616172214066}, "test_metrics": {"mse": 1.2870375070692786e+16, "mae": 54548728.36575767, "r2": -0.30071960695264566, "kendalltau": -0.009074563800898303, "pearsonr": 0.054567931604035544, "spearmanr": -0.011073638583443126}, "total_time": 3.6734, "epochs": 30}