{"arquitecture": "C", "trainable_params": 19649, "non_trainable_params": 0, "train_metrics": {"mse": 1.7548105160993914e+17, "mae": 127955057.7244819, "r2_score": -0.0006695913346932425, "kendalltau": -0.2544613699724124, "pearsonr": 0.024537508579139417, "spearmanr": -0.3018621746171559}, "test_metrics": {"mse": 1.1155232818362038e+16, "mae": 84332154.60946746, "r2": -0.1273820667437695, "kendalltau": -0.1533142860833967, "pearsonr": 0.24204554190136374, "spearmanr": -0.17317846818068583}, "total_time": 5.4072, "epochs": 30}