{"arquitecture": "B", "trainable_params": 75537, "non_trainable_params": 0, "train_metrics": {"mse": 1.8463385312656474e+17, "mae": 96281999.984695, "r2_score": -0.05286286274024565, "kendalltau": 0.031249863800298556, "pearsonr": 0.011118939628466159, "spearmanr": 0.03818616172214066}, "test_metrics": {"mse": 1.2870374017970282e+16, "mae": 54548718.71637974, "r2": -0.30071950056127816, "kendalltau": -0.009074563800898303, "pearsonr": 0.054567931604035544, "spearmanr": -0.011073638583443126}, "total_time": 3.3734, "epochs": 50}