{"arquitecture": "A", "trainable_params": 132881, "non_trainable_params": 0, "train_metrics": {"mse": 1.8463385568780832e+17, "mae": 96282013.22363877, "r2_score": -0.05286287734557504, "kendalltau": 0.09983804516777268, "pearsonr": 0.02333365578499465, "spearmanr": 0.12177227297743273}, "test_metrics": {"mse": 1.2870375469046706e+16, "mae": 54548732.02063462, "r2": -0.30071964721151523, "kendalltau": 0.024364466435577343, "pearsonr": 0.042299313355996175, "spearmanr": 0.02991426011337264}, "total_time": 6.2144, "epochs": 30}