{"arquitecture": "C", "trainable_params": 18689, "non_trainable_params": 0, "train_metrics": {"mse": 1.733686235452056e+17, "mae": 123964272.7927375, "r2_score": 0.011376396017602208, "kendalltau": 0.16632363790821506, "pearsonr": 0.11737100952766084, "spearmanr": 0.247360377262493}, "test_metrics": {"mse": 1.2812682264368414e+16, "mae": 83631138.31952663, "r2": -0.2948889948722633, "kendalltau": 0.11634388299655829, "pearsonr": 0.13918843968559727, "spearmanr": 0.17006061055083788}, "total_time": 4.686, "epochs": 50}