{"arquitecture": "B", "trainable_params": 63249, "non_trainable_params": 0, "train_metrics": {"mse": 1.8463385692415267e+17, "mae": 96282020.87862942, "r2_score": -0.0528628843957506, "kendalltau": 0.3947998522366115, "pearsonr": 0.16620104988674117, "spearmanr": 0.5526672611536243}, "test_metrics": {"mse": 1.2870376272464232e+16, "mae": 54548739.707472876, "r2": -0.3007197284073564, "kendalltau": 0.3282675319882624, "pearsonr": 0.113518658734856, "spearmanr": 0.45056154014605104}, "total_time": 3.0685, "epochs": 50}