{"arquitecture": "D", "trainable_params": 18561, "non_trainable_params": 0, "train_metrics": {"mse": 1.2823837592379931e+17, "mae": 89560342.94001906, "r2_score": 0.2687287769716966, "kendalltau": 0.3947621694266875, "pearsonr": 0.5441606422146191, "spearmanr": 0.5654100397661215}, "test_metrics": {"mse": 7880246533682146.0, "mae": 56624200.383436576, "r2": 0.20359809891466885, "kendalltau": 0.39446855660021674, "pearsonr": 0.6284022759066581, "spearmanr": 0.5608072368599696}, "total_time": 4.2365, "epochs": 50}