{"arquitecture": "A", "trainable_params": 75537, "non_trainable_params": 0, "train_metrics": {"mse": 1.8463385267193053e+17, "mae": 96281997.66201307, "r2_score": -0.05286286014772279, "kendalltau": 0.08970125196807743, "pearsonr": 0.030497391347024658, "spearmanr": 0.11088388573238306}, "test_metrics": {"mse": 1.2870373764049272e+16, "mae": 54548716.3695495, "r2": -0.30071947489924167, "kendalltau": 0.006724513170938122, "pearsonr": -0.10032138800355317, "spearmanr": 0.007764518254513864}, "total_time": 5.0664, "epochs": 50}