{"arquitecture": "A", "trainable_params": 132881, "non_trainable_params": 0, "train_metrics": {"mse": 1.846338552977665e+17, "mae": 96282011.20238927, "r2_score": -0.05286287512138621, "kendalltau": 0.031249863800298556, "pearsonr": 0.011118939628466159, "spearmanr": 0.03818616172214066}, "test_metrics": {"mse": 1.287037524806813e+16, "mae": 54548729.991600715, "r2": -0.30071962487874226, "kendalltau": -0.009074563800898303, "pearsonr": 0.054567931604035544, "spearmanr": -0.011073638583443126}, "total_time": 5.8498, "epochs": 30}