{"arquitecture": "B", "trainable_params": 75537, "non_trainable_params": 0, "train_metrics": {"mse": 1.846338523857255e+17, "mae": 96281996.15708713, "r2_score": -0.05286285851565675, "kendalltau": 0.031249863800298556, "pearsonr": 0.011118939628466159, "spearmanr": 0.03818616172214066}, "test_metrics": {"mse": 1.287037359824664e+16, "mae": 54548714.869143106, "r2": -0.3007194581427186, "kendalltau": -0.009074563800898303, "pearsonr": 0.054567931604035544, "spearmanr": -0.011073638583443126}, "total_time": 3.3872, "epochs": 50}