{"arquitecture": "D", "trainable_params": 18561, "non_trainable_params": 0, "train_metrics": {"mse": 1.3052297092166982e+17, "mae": 96876893.3490991, "r2_score": 0.2557010185789216, "kendalltau": 0.45299989200290164, "pearsonr": 0.5065218477694379, "spearmanr": 0.6317747338859132}, "test_metrics": {"mse": 1.604840317242836e+16, "mae": 78199761.26664202, "r2": -0.6219008810545081, "kendalltau": 0.4427276323853264, "pearsonr": 0.6303812274751668, "spearmanr": 0.6228200327729312}, "total_time": 4.1111, "epochs": 50}