{"arquitecture": "B", "trainable_params": 63249, "non_trainable_params": 0, "train_metrics": {"mse": 1.8463385649684016e+17, "mae": 96282017.54791525, "r2_score": -0.052862881959027996, "kendalltau": 0.029596790845446527, "pearsonr": 0.01972461012594722, "spearmanr": 0.05463396833531116}, "test_metrics": {"mse": 1.2870375962541878e+16, "mae": 54548736.35237161, "r2": -0.30071969708565205, "kendalltau": -0.045998393308210324, "pearsonr": -0.06275017165023651, "spearmanr": -0.05774953598691821}, "total_time": 2.991, "epochs": 50}