{"arquitecture": "D", "trainable_params": 18561, "non_trainable_params": 0, "train_metrics": {"mse": 1.522969613783678e+17, "mae": 94688550.65294954, "r2_score": 0.13153621598552634, "kendalltau": 0.5133687781124991, "pearsonr": 0.3668397362526388, "spearmanr": 0.7093690325798978}, "test_metrics": {"mse": 1.3104631618218074e+16, "mae": 67190173.68925665, "r2": -0.324394292635817, "kendalltau": 0.5121529694796948, "pearsonr": 0.6232072998554334, "spearmanr": 0.7064502235524904}, "total_time": 4.1079, "epochs": 50}