{"arquitecture": "A", "trainable_params": 63249, "non_trainable_params": 0, "train_metrics": {"mse": 1.846338564788349e+17, "mae": 96282019.83591633, "r2_score": -0.05286288185635413, "kendalltau": 0.3166820887193127, "pearsonr": 0.16630289188627148, "spearmanr": 0.44908949121075403}, "test_metrics": {"mse": 1.2870376100134932e+16, "mae": 54548738.835808545, "r2": -0.3007197109912283, "kendalltau": 0.20364406118894687, "pearsonr": 0.16334732471853325, "spearmanr": 0.2965839972165998}, "total_time": 4.6671, "epochs": 50}