{"arquitecture": "C", "trainable_params": 19649, "non_trainable_params": 0, "train_metrics": {"mse": 1.737623418957726e+17, "mae": 125349089.39795128, "r2_score": 0.009131242040302134, "kendalltau": -0.1521854374879946, "pearsonr": 0.10411294104500597, "spearmanr": -0.17632581053315136}, "test_metrics": {"mse": 1.0436341408456188e+16, "mae": 81259805.92307693, "r2": -0.05472869440626593, "kendalltau": -0.05538505042589342, "pearsonr": 0.3814825420342792, "spearmanr": -0.02705064716773423}, "total_time": 4.8337, "epochs": 30}