{"arquitecture": "C", "trainable_params": 18561, "non_trainable_params": 0, "train_metrics": {"mse": 1.5069208130067395e+17, "mae": 92976761.32325421, "r2_score": 0.140687943062344, "kendalltau": 0.4562770579534437, "pearsonr": 0.3808333901228338, "spearmanr": 0.6404737621300343}, "test_metrics": {"mse": 1.1623061128020958e+16, "mae": 67182998.21269415, "r2": -0.17466223159665883, "kendalltau": 0.4544396303097828, "pearsonr": 0.6529981019774821, "spearmanr": 0.6496661793106375}, "total_time": 4.493, "epochs": 50}