{"arquitecture": "D", "trainable_params": 18561, "non_trainable_params": 0, "train_metrics": {"mse": 1.4045669651310702e+17, "mae": 93756959.88204727, "r2_score": 0.1990545770582154, "kendalltau": 0.4696450518981319, "pearsonr": 0.46650878316156713, "spearmanr": 0.6479554889515607}, "test_metrics": {"mse": 1.2241815818876792e+16, "mae": 70196917.88244268, "r2": -0.23719547976304534, "kendalltau": 0.5060853079043739, "pearsonr": 0.5392858465457131, "spearmanr": 0.6882005624655012}, "total_time": 4.0622, "epochs": 50}