{"arquitecture": "D", "trainable_params": 18561, "non_trainable_params": 0, "train_metrics": {"mse": 1.5053754241751434e+17, "mae": 91761614.05690761, "r2_score": 0.14156919126343404, "kendalltau": 0.4532047960256926, "pearsonr": 0.3846178547667357, "spearmanr": 0.6401517204155027}, "test_metrics": {"mse": 1.13353298277488e+16, "mae": 62378675.84772559, "r2": -0.14558322327387896, "kendalltau": 0.4877412147696831, "pearsonr": 0.6403858112325458, "spearmanr": 0.6886630198172969}, "total_time": 4.2405, "epochs": 50}