{"arquitecture": "A", "trainable_params": 75537, "non_trainable_params": 0, "train_metrics": {"mse": 1.846338526150616e+17, "mae": 96281997.37555586, "r2_score": -0.05286285982343131, "kendalltau": 0.10289015211672971, "pearsonr": 0.029092261969744394, "spearmanr": 0.12610919226071265}, "test_metrics": {"mse": 1.2870373728457132e+16, "mae": 54548716.08631405, "r2": -0.30071947130219057, "kendalltau": 0.052585521014020836, "pearsonr": 0.05819663702150458, "spearmanr": 0.06432070382039487}, "total_time": 5.1125, "epochs": 50}