{"arquitecture": "A", "trainable_params": 63249, "non_trainable_params": 0, "train_metrics": {"mse": 1.8463385601879277e+17, "mae": 96282016.4573808, "r2_score": -0.05286287923299304, "kendalltau": 0.24627240445880233, "pearsonr": 0.1383316415189174, "spearmanr": 0.3601508475896779}, "test_metrics": {"mse": 1.287037576065088e+16, "mae": 54548735.26290122, "r2": -0.300719676681928, "kendalltau": 0.10411324947406699, "pearsonr": 0.1298373299293464, "spearmanr": 0.1593692720487178}, "total_time": 4.7297, "epochs": 50}