{"arquitecture": "D", "trainable_params": 19649, "non_trainable_params": 0, "train_metrics": {"mse": 1.7543933468406387e+17, "mae": 122091605.30611455, "r2_score": -0.0004317032049814262, "kendalltau": -0.23340915977922672, "pearsonr": 0.030196304869535152, "spearmanr": -0.28526571919277655}, "test_metrics": {"mse": 1.0354987444452846e+16, "mae": 78863865.16568047, "r2": -0.04650681310900451, "kendalltau": -0.14061452929784152, "pearsonr": 0.24208124264519013, "spearmanr": -0.16539749892023184}, "total_time": 4.5063, "epochs": 30}