{"arquitecture": "B", "trainable_params": 63249, "non_trainable_params": 0, "train_metrics": {"mse": 1.8463385694311645e+17, "mae": 96282020.5911789, "r2_score": -0.052862884503890095, "kendalltau": 0.18658969352624, "pearsonr": 0.14315542805613377, "spearmanr": 0.2785802658178678}, "test_metrics": {"mse": 1.2870376237561204e+16, "mae": 54548739.30775349, "r2": -0.30071972487994936, "kendalltau": 0.059950085775297264, "pearsonr": 0.09091317542608146, "spearmanr": 0.09717717023291604}, "total_time": 3.0675, "epochs": 50}