{"arquitecture": "C", "trainable_params": 18561, "non_trainable_params": 0, "train_metrics": {"mse": 1.4675952148838368e+17, "mae": 82525047.60388638, "r2_score": 0.1631131165164611, "kendalltau": 0.3751340022527595, "pearsonr": 0.48495393195779773, "spearmanr": 0.5536614397446635}, "test_metrics": {"mse": 6330608853037623.0, "mae": 47482947.44785503, "r2": 0.3602092391351889, "kendalltau": 0.35538152738245243, "pearsonr": 0.6345954489268623, "spearmanr": 0.5353497055425743}, "total_time": 4.5248, "epochs": 50}