{"arquitecture": "C", "trainable_params": 18561, "non_trainable_params": 0, "train_metrics": {"mse": 1.0854223034534637e+17, "mae": 104475665.29599018, "r2_score": 0.3810448006451199, "kendalltau": 0.3427384471037403, "pearsonr": 0.6484145845752829, "spearmanr": 0.4911331651661062}, "test_metrics": {"mse": 1.8549875021868652e+16, "mae": 85618635.44369453, "r2": -0.8747073037838762, "kendalltau": 0.2629555196653564, "pearsonr": 0.5871948395588837, "spearmanr": 0.4013303108911537}, "total_time": 4.4572, "epochs": 50}