{"arquitecture": "A", "trainable_params": 75537, "non_trainable_params": 0, "train_metrics": {"mse": 1.8463385254545117e+17, "mae": 96281997.01640931, "r2_score": -0.05286285942648217, "kendalltau": 0.05819238971281049, "pearsonr": 0.039359695750156375, "spearmanr": 0.07043131105305359}, "test_metrics": {"mse": 1.287037368943109e+16, "mae": 54548715.73992403, "r2": -0.30071946735809907, "kendalltau": 0.0771832114302374, "pearsonr": 0.08570437235954377, "spearmanr": 0.09365993797406236}, "total_time": 5.0712, "epochs": 50}