{"arquitecture": "A", "trainable_params": 75537, "non_trainable_params": 0, "train_metrics": {"mse": 1.8463385289050336e+17, "mae": 96281998.78810559, "r2_score": -0.052862861394120664, "kendalltau": 0.10576745228174611, "pearsonr": 0.026537372223208476, "spearmanr": 0.12946135731400438}, "test_metrics": {"mse": 1.2870373884327262e+16, "mae": 54548717.5193332, "r2": -0.30071948705490437, "kendalltau": 0.13785178422665037, "pearsonr": 0.08263363514328242, "spearmanr": 0.16859697429017018}, "total_time": 4.9943, "epochs": 50}