{"arquitecture": "C", "trainable_params": 18561, "non_trainable_params": 0, "train_metrics": {"mse": 1.5132490494529357e+17, "mae": 94309658.77456148, "r2_score": 0.13707930627769538, "kendalltau": 0.4791041172782926, "pearsonr": 0.37311893115924344, "spearmanr": 0.6717414748568851}, "test_metrics": {"mse": 1.2774927185942868e+16, "mae": 64693703.84097633, "r2": -0.291073350767068, "kendalltau": 0.514410704019349, "pearsonr": 0.6672469593894437, "spearmanr": 0.699699838014183}, "total_time": 4.4341, "epochs": 50}