{"arquitecture": "A", "trainable_params": 132881, "non_trainable_params": 0, "train_metrics": {"mse": 1.8463385509935427e+17, "mae": 96282010.18343742, "r2_score": -0.05286287398995304, "kendalltau": 0.11059363177867824, "pearsonr": 0.028618978566534083, "spearmanr": 0.1352508402605298}, "test_metrics": {"mse": 1.2870375135663022e+16, "mae": 54548728.97314935, "r2": -0.3007196135187371, "kendalltau": 0.08494605904289777, "pearsonr": 0.09525404586163387, "spearmanr": 0.1036396581601885}, "total_time": 6.539, "epochs": 30}