{"arquitecture": "B", "trainable_params": 75537, "non_trainable_params": 0, "train_metrics": {"mse": 1.846338526933538e+17, "mae": 96281997.7464744, "r2_score": -0.052862860269887735, "kendalltau": 0.031249863800298556, "pearsonr": 0.011118939628466159, "spearmanr": 0.03818616172214066}, "test_metrics": {"mse": 1.2870373772533932e+16, "mae": 54548716.4666811, "r2": -0.30071947575672753, "kendalltau": -0.009074563800898303, "pearsonr": 0.054567931604035544, "spearmanr": -0.011073638583443126}, "total_time": 3.5708, "epochs": 50}