{"arquitecture": "C", "trainable_params": 18561, "non_trainable_params": 0, "train_metrics": {"mse": 1.4350102137579811e+17, "mae": 99163683.96332118, "r2_score": 0.1816945071914664, "kendalltau": 0.443480369973164, "pearsonr": 0.43348790308494156, "spearmanr": 0.6199979550108603}, "test_metrics": {"mse": 1.471390175516326e+16, "mae": 70912089.477071, "r2": -0.4870320719165804, "kendalltau": 0.49521996043228783, "pearsonr": 0.6095222326998381, "spearmanr": 0.6953611924287886}, "total_time": 4.6808, "epochs": 50}