{"arquitecture": "C", "trainable_params": 18561, "non_trainable_params": 0, "train_metrics": {"mse": 1.2966087893118483e+17, "mae": 99161106.2793546, "r2_score": 0.2606170435964208, "kendalltau": 0.4125872890379754, "pearsonr": 0.5116756624707827, "spearmanr": 0.5836663261239404}, "test_metrics": {"mse": 1.8065213688393548e+16, "mae": 83038170.0162953, "r2": -0.8257259418794833, "kendalltau": 0.36906904302910637, "pearsonr": 0.49594015514955986, "spearmanr": 0.5316463172334368}, "total_time": 4.4174, "epochs": 50}