{"arquitecture": "D", "trainable_params": 18689, "non_trainable_params": 0, "train_metrics": {"mse": 1.7538598872900032e+17, "mae": 132482405.97958393, "r2_score": -0.00012750127227678654, "kendalltau": -0.016911497404127316, "pearsonr": 0.026723233212131575, "spearmanr": -0.0256358752740311}, "test_metrics": {"mse": 1.2061773570858992e+16, "mae": 88314541.61538461, "r2": -0.21899985758495943, "kendalltau": -0.007126477550177131, "pearsonr": -0.11457780108229479, "spearmanr": -0.014796788905357518}, "total_time": 4.2352, "epochs": 50}