{"arquitecture": "A", "trainable_params": 132881, "non_trainable_params": 0, "train_metrics": {"mse": 1.8463385485174816e+17, "mae": 96282008.89800103, "r2_score": -0.052862872577994935, "kendalltau": 0.24140940337294522, "pearsonr": 0.15088471186674327, "spearmanr": 0.32901078850206517}, "test_metrics": {"mse": 1.287037499537588e+16, "mae": 54548727.675395265, "r2": -0.30071959934088777, "kendalltau": 0.22597908997181487, "pearsonr": 0.1703285648975354, "spearmanr": 0.32274147273032655}, "total_time": 6.5344, "epochs": 30}