{"arquitecture": "C", "trainable_params": 19649, "non_trainable_params": 0, "train_metrics": {"mse": 1.7541579038024736e+17, "mae": 124773552.83672678, "r2_score": -0.00029744330248959727, "kendalltau": 0.12194756692029551, "pearsonr": 0.08678798206707496, "spearmanr": 0.18559742431795628}, "test_metrics": {"mse": 1.1063351204205698e+16, "mae": 80526117.04733728, "r2": -0.11809622881012993, "kendalltau": 0.10696394792645177, "pearsonr": 0.03720141926854578, "spearmanr": 0.18184592706695527}, "total_time": 6.1629, "epochs": 30}