{"arquitecture": "D", "trainable_params": 18561, "non_trainable_params": 0, "train_metrics": {"mse": 1.7544646901711978e+17, "mae": 123853303.14284924, "r2_score": -0.00047238628773027536, "kendalltau": -0.1641564696760438, "pearsonr": -0.10092683587574554, "spearmanr": -0.23025435707088662}, "test_metrics": {"mse": 1.0960742333243252e+16, "mae": 79610007.55621302, "r2": -0.10772626137910746, "kendalltau": -0.24578250177400562, "pearsonr": -0.25052558437687417, "spearmanr": -0.35939278342108544}, "total_time": 4.1142, "epochs": 50}