{"arquitecture": "B", "trainable_params": 132881, "non_trainable_params": 0, "train_metrics": {"mse": 1.8463385438102198e+17, "mae": 96282006.46601327, "r2_score": -0.052862869893708586, "kendalltau": 0.18594151864810587, "pearsonr": 0.11738798410725984, "spearmanr": 0.2714978046370693}, "test_metrics": {"mse": 1.2870374728689136e+16, "mae": 54548725.230940565, "r2": -0.30071957238870684, "kendalltau": 0.17088791649402355, "pearsonr": 0.1259323222886555, "spearmanr": 0.2780824488307405}, "total_time": 4.3446, "epochs": 30}