{"arquitecture": "B", "trainable_params": 63249, "non_trainable_params": 0, "train_metrics": {"mse": 1.846338517705922e+17, "mae": 96281992.97894852, "r2_score": -0.052862855007898, "kendalltau": -0.08444145886667051, "pearsonr": -0.1079338521104659, "spearmanr": -0.10359856576296132}, "test_metrics": {"mse": 1.2870373249741852e+16, "mae": 54548711.67470654, "r2": -0.30071942292175535, "kendalltau": -0.13819192982694029, "pearsonr": -0.03310006183234117, "spearmanr": -0.16900957392816413}, "total_time": 3.1153, "epochs": 50}