{"arquitecture": "C", "trainable_params": 18689, "non_trainable_params": 0, "train_metrics": {"mse": 1.754581756582255e+17, "mae": 123537158.69386965, "r2_score": -0.0005391426677707756, "kendalltau": -0.19965108875088824, "pearsonr": -0.05223526086666139, "spearmanr": -0.3152277502371057}, "test_metrics": {"mse": 1.0926588699614756e+16, "mae": 79287943.3668639, "r2": -0.10427459033881115, "kendalltau": -0.17718661585528203, "pearsonr": -0.16562129269550788, "spearmanr": -0.26983894145547316}, "total_time": 4.627, "epochs": 50}