{"arquitecture": "C", "trainable_params": 18561, "non_trainable_params": 0, "train_metrics": {"mse": 1.753733304093555e+17, "mae": 127502115.04080842, "r2_score": -5.531800559488431e-05, "kendalltau": -0.26038100354860805, "pearsonr": -0.11973208245091282, "spearmanr": -0.3730360882624947}, "test_metrics": {"mse": 1.1387876011877722e+16, "mae": 83242938.68047337, "r2": -0.1508937019189549, "kendalltau": -0.2923937413681845, "pearsonr": -0.28428965326740574, "spearmanr": -0.42560872859422705}, "total_time": 4.4824, "epochs": 50}