{"arquitecture": "A", "trainable_params": 75537, "non_trainable_params": 0, "train_metrics": {"mse": 1.846338519596465e+17, "mae": 96281993.95571448, "r2_score": -0.0528628560859683, "kendalltau": 0.031249863800298556, "pearsonr": 0.011118939628466159, "spearmanr": 0.03818616172214066}, "test_metrics": {"mse": 1.2870373356850934e+16, "mae": 54548712.65648136, "r2": -0.300719433746528, "kendalltau": -0.009074563800898303, "pearsonr": 0.054567931604035544, "spearmanr": -0.011073638583443126}, "total_time": 5.0565, "epochs": 50}