{"arquitecture": "D", "trainable_params": 19649, "non_trainable_params": 0, "train_metrics": {"mse": 1.7538033834054832e+17, "mae": 126077940.42856352, "r2_score": -9.528028971894642e-05, "kendalltau": 0.12486688497050422, "pearsonr": 0.09264751398011499, "spearmanr": 0.1722668027763757}, "test_metrics": {"mse": 1.1214791028702164e+16, "mae": 81825212.00591716, "r2": -0.13340120227936225, "kendalltau": 0.09348432078255896, "pearsonr": 0.01840306871971272, "spearmanr": 0.14935196924381716}, "total_time": 5.0745, "epochs": 30}