{"arquitecture": "B", "trainable_params": 75537, "non_trainable_params": 0, "train_metrics": {"mse": 1.84633852032175e+17, "mae": 96281994.33043806, "r2_score": -0.052862856499557465, "kendalltau": -0.28787973181517623, "pearsonr": -0.05708271670205711, "spearmanr": -0.3605803466930096}, "test_metrics": {"mse": 1.2870373397942044e+16, "mae": 54548713.03312656, "r2": -0.30071943789932165, "kendalltau": -0.25052746071167276, "pearsonr": -0.13031606759825629, "spearmanr": -0.3136146827354694}, "total_time": 3.3282, "epochs": 50}