{"arquitecture": "A", "trainable_params": 63249, "non_trainable_params": 0, "train_metrics": {"mse": 1.84633851891332e+17, "mae": 96281993.60276157, "r2_score": -0.05286285569640903, "kendalltau": -0.031249863800298556, "pearsonr": -0.011118939628466159, "spearmanr": -0.03818616172214066}, "test_metrics": {"mse": 1.2870373318147264e+16, "mae": 54548712.30171874, "r2": -0.3007194298350162, "kendalltau": 0.009074563800898303, "pearsonr": -0.054567931604035544, "spearmanr": 0.011073638583443126}, "total_time": 4.7924, "epochs": 50}