{"arquitecture": "C", "trainable_params": 18305, "non_trainable_params": 0, "train_metrics": {"mse": 1.7541899953919478e+17, "mae": 124846186.67346148, "r2_score": -0.00031574332829298335, "kendalltau": -0.2812515203434488, "pearsonr": -0.09044335853229865, "spearmanr": -0.40325336603739953}, "test_metrics": {"mse": 1.1071253284266908e+16, "mae": 80596736.36094674, "r2": -0.11889483727451955, "kendalltau": -0.2573969434521745, "pearsonr": -0.2360462995255936, "spearmanr": -0.3734876859729122}, "total_time": 4.5885, "epochs": 50}