{"arquitecture": "D", "trainable_params": 18305, "non_trainable_params": 0, "train_metrics": {"mse": 1.7542936196106045e+17, "mae": 124446503.87754312, "r2_score": -0.0003748343831868617, "kendalltau": -0.3307336180940454, "pearsonr": -0.08512504336444478, "spearmanr": -0.4866196709529139}, "test_metrics": {"mse": 1.1026600524843114e+16, "mae": 80203358.89349112, "r2": -0.11438209235698227, "kendalltau": -0.27107766387784116, "pearsonr": -0.2208801025853297, "spearmanr": -0.4088372998090706}, "total_time": 4.067, "epochs": 50}