{"arquitecture": "A", "trainable_params": 46865, "non_trainable_params": 0, "train_metrics": {"mse": 1.8463385198479683e+17, "mae": 96281994.08565573, "r2_score": -0.052862856229386246, "kendalltau": 0.08817242686238855, "pearsonr": 0.023561023228473463, "spearmanr": 0.10774339923902715}, "test_metrics": {"mse": 1.2870373371099942e+16, "mae": 54548712.78708918, "r2": -0.3007194351865763, "kendalltau": -0.11334378137264466, "pearsonr": -0.25676642500742375, "spearmanr": -0.13825506957859227}, "total_time": 4.753, "epochs": 50}