{"arquitecture": "B", "trainable_params": 46865, "non_trainable_params": 0, "train_metrics": {"mse": 1.8463385158262966e+17, "mae": 96281992.00782494, "r2_score": -0.05286285393605361, "kendalltau": -0.1488310501463859, "pearsonr": -0.047306248769960986, "spearmanr": -0.18408481435649598}, "test_metrics": {"mse": 1.287037314325148e+16, "mae": 54548710.69860278, "r2": -0.30071941215951137, "kendalltau": -0.14621423285181467, "pearsonr": -0.11733431130486445, "spearmanr": -0.1819503539336853}, "total_time": 3.1001, "epochs": 50}