{"arquitecture": "D", "trainable_params": 18689, "non_trainable_params": 0, "train_metrics": {"mse": 1.7662920576731008e+17, "mae": 122924854.48978801, "r2_score": -0.007216867755166501, "kendalltau": -0.12392597280746116, "pearsonr": -0.010888762618954634, "spearmanr": -0.18572623467359992}, "test_metrics": {"mse": 1.226561287940734e+16, "mae": 83078213.33727811, "r2": -0.2396004837392236, "kendalltau": -0.2553356655940233, "pearsonr": -0.21794053972653765, "spearmanr": -0.3753158416877249}, "total_time": 4.1799, "epochs": 50}