{"arquitecture": "D", "trainable_params": 18497, "non_trainable_params": 0, "train_metrics": {"mse": 1.7614701758818298e+17, "mae": 116779942.5493384, "r2_score": -0.004467220179392495, "kendalltau": 0.07969263518792834, "pearsonr": 0.04698920759119258, "spearmanr": 0.10831847023404813}, "test_metrics": {"mse": 1.3692700520326478e+16, "mae": 79141160.27218935, "r2": -0.38382634080924616, "kendalltau": -0.019120189382696967, "pearsonr": -0.11921573996948866, "spearmanr": -0.03277293531374313}, "total_time": 4.1612, "epochs": 50}