{"arquitecture": "D", "trainable_params": 18689, "non_trainable_params": 0, "train_metrics": {"mse": 1.763947003579577e+17, "mae": 126200513.26529822, "r2_score": -0.005879615499213342, "kendalltau": -0.1859930442759259, "pearsonr": -0.07244476005904367, "spearmanr": -0.27944446544835916}, "test_metrics": {"mse": 1.1660008859028214e+16, "mae": 83577250.68047337, "r2": -0.17839628269381658, "kendalltau": -0.2875083827840964, "pearsonr": -0.14340117218456086, "spearmanr": -0.406392478462422}, "total_time": 4.2379, "epochs": 50}