{"arquitecture": "D", "trainable_params": 21697, "non_trainable_params": 0, "train_metrics": {"mse": 1.6812099905107763e+17, "mae": 113640013.91373572, "r2_score": 0.04130064259488653, "kendalltau": 0.3666059806481457, "pearsonr": 0.20625532919354966, "spearmanr": 0.5291270017946461}, "test_metrics": {"mse": 1.1270289953553648e+16, "mae": 79255344.84596893, "r2": -0.13901009396453912, "kendalltau": 0.3136523201488182, "pearsonr": 0.4615710690901136, "spearmanr": 0.43638118901272405}, "total_time": 5.6756, "epochs": 30}