{"arquitecture": "C", "trainable_params": 18689, "non_trainable_params": 0, "train_metrics": {"mse": 1.7068059592591888e+17, "mae": 138114772.50636965, "r2_score": 0.026704703402418928, "kendalltau": -0.01894880175804714, "pearsonr": 0.1727255858027246, "spearmanr": -0.00685925869194378}, "test_metrics": {"mse": 1.7056279031535252e+16, "mae": 105280524.92899409, "r2": -0.7237599087917634, "kendalltau": -0.11366282323071886, "pearsonr": -0.0910086395285363, "spearmanr": -0.1563348266229464}, "total_time": 4.64, "epochs": 50}