{"arquitecture": "A", "trainable_params": 63249, "non_trainable_params": 0, "train_metrics": {"mse": 1.8463385243309843e+17, "mae": 96281996.56186217, "r2_score": -0.05286285878579777, "kendalltau": 0.23383283215266484, "pearsonr": 0.053738279846112826, "spearmanr": 0.2895371252972089}, "test_metrics": {"mse": 1.2870373625704506e+16, "mae": 54548715.24889676, "r2": -0.30071946091769486, "kendalltau": 0.17523847157058528, "pearsonr": 0.10635106311586247, "spearmanr": 0.21707074330253248}, "total_time": 4.778, "epochs": 50}