{"arquitecture": "A", "trainable_params": 63249, "non_trainable_params": 0, "train_metrics": {"mse": 1.8463385310295325e+17, "mae": 96281999.86650175, "r2_score": -0.05286286260560269, "kendalltau": 0.21819567446789503, "pearsonr": 0.0020458305036316253, "spearmanr": 0.28740488452936275}, "test_metrics": {"mse": 1.2870374002172846e+16, "mae": 54548718.531772725, "r2": -0.3007194989647408, "kendalltau": 0.05115373577343372, "pearsonr": -0.025429010895585073, "spearmanr": 0.059348665051721455}, "total_time": 4.7238, "epochs": 50}