{"arquitecture": "A", "trainable_params": 75537, "non_trainable_params": 0, "train_metrics": {"mse": 1.8463385246426022e+17, "mae": 96281996.56284337, "r2_score": -0.05286285896349607, "kendalltau": -0.043923547321964865, "pearsonr": -0.008471416329823744, "spearmanr": -0.0538491254916401}, "test_metrics": {"mse": 1.2870373642740668e+16, "mae": 54548715.276980944, "r2": -0.30071946263942184, "kendalltau": 0.00798146314268913, "pearsonr": 0.03030163010122456, "spearmanr": 0.00939154485869202}, "total_time": 5.1381, "epochs": 50}