{"arquitecture": "D", "trainable_params": 18689, "non_trainable_params": 0, "train_metrics": {"mse": 1.7521335476086554e+17, "mae": 121180315.11287475, "r2_score": 0.0008569330057209834, "kendalltau": -0.0010585676630766477, "pearsonr": 0.044662100446479475, "spearmanr": -0.002018253984954124}, "test_metrics": {"mse": 1.121318854027323e+16, "mae": 79315648.94674556, "r2": -0.1332392498803079, "kendalltau": -0.1053374271157438, "pearsonr": -0.025846057657589072, "spearmanr": -0.15630499066476605}, "total_time": 4.362, "epochs": 50}