{"arquitecture": "C", "trainable_params": 18497, "non_trainable_params": 0, "train_metrics": {"mse": 1.677355447698295e+17, "mae": 102989982.37100613, "r2_score": 0.04349867123989459, "kendalltau": 0.29059810791094737, "pearsonr": 0.21798350823632837, "spearmanr": 0.40212494488359146}, "test_metrics": {"mse": 1.4581487213603906e+16, "mae": 72707402.16004068, "r2": -0.47364985193418896, "kendalltau": 0.1519032019961128, "pearsonr": 0.16586735813491676, "spearmanr": 0.21395303452892522}, "total_time": 4.4695, "epochs": 50}