{"arquitecture": "C", "trainable_params": 21697, "non_trainable_params": 0, "train_metrics": {"mse": 1.6823215102653507e+17, "mae": 114068445.63455842, "r2_score": 0.04066680548918988, "kendalltau": 0.36227287974981626, "pearsonr": 0.20427990658987755, "spearmanr": 0.5301891205123018}, "test_metrics": {"mse": 1.1478560032055486e+16, "mae": 79687078.93934911, "r2": -0.16005850732941274, "kendalltau": 0.3068011989041767, "pearsonr": 0.46474032055133696, "spearmanr": 0.43257875425518627}, "total_time": 5.8258, "epochs": 30}