{"arquitecture": "D", "trainable_params": 18497, "non_trainable_params": 0, "train_metrics": {"mse": 1.696806900959919e+17, "mae": 117572924.7972657, "r2_score": 0.0324066031176673, "kendalltau": 0.23622893959609584, "pearsonr": 0.1991700054636425, "spearmanr": 0.32987107888776684}, "test_metrics": {"mse": 2.0400110911695284e+16, "mae": 91306013.17316937, "r2": -1.061697821633286, "kendalltau": 0.1098528961950523, "pearsonr": 0.10742261212949228, "spearmanr": 0.15366326520087967}, "total_time": 4.0309, "epochs": 50}