{"arquitecture": "B", "trainable_params": 63249, "non_trainable_params": 0, "train_metrics": {"mse": 1.8463385224286272e+17, "mae": 96281995.41897474, "r2_score": -0.05286285770099086, "kendalltau": 0.031249863800298556, "pearsonr": 0.011118939628466159, "spearmanr": 0.03818616172214066}, "test_metrics": {"mse": 1.287037351730752e+16, "mae": 54548714.12724552, "r2": -0.300719449962763, "kendalltau": -0.009074563800898303, "pearsonr": 0.054567931604035544, "spearmanr": -0.011073638583443126}, "total_time": 3.035, "epochs": 50}