{"arquitecture": "B", "trainable_params": 75537, "non_trainable_params": 0, "train_metrics": {"mse": 1.8463385200550083e+17, "mae": 96281994.19262473, "r2_score": -0.052862856347449805, "kendalltau": -0.0943308516899165, "pearsonr": -0.01594813311758488, "spearmanr": -0.11380700902288175}, "test_metrics": {"mse": 1.2870373382829874e+16, "mae": 54548712.894606575, "r2": -0.30071943637203913, "kendalltau": -0.09493164347153, "pearsonr": -0.15693577231816722, "spearmanr": -0.1163565724144585}, "total_time": 3.5339, "epochs": 50}