{"arquitecture": "B", "trainable_params": 75537, "non_trainable_params": 0, "train_metrics": {"mse": 1.846338522501975e+17, "mae": 96281995.45687021, "r2_score": -0.05286285774281696, "kendalltau": 0.030099001786811363, "pearsonr": -0.00743052491849649, "spearmanr": 0.03676525459895537}, "test_metrics": {"mse": 1.287037352146308e+16, "mae": 54548714.165335454, "r2": -0.3007194503827366, "kendalltau": -0.04829677805473392, "pearsonr": -0.13838802590482635, "spearmanr": -0.059240869336770426}, "total_time": 3.597, "epochs": 50}