{"arquitecture": "A", "trainable_params": 63249, "non_trainable_params": 0, "train_metrics": {"mse": 1.8463385341226102e+17, "mae": 96282001.73106986, "r2_score": -0.05286286436941068, "kendalltau": 0.07448084823358003, "pearsonr": 0.039432101273726615, "spearmanr": 0.09536621533444767}, "test_metrics": {"mse": 1.2870374165504808e+16, "mae": 54548720.32089001, "r2": -0.3007195154715703, "kendalltau": -0.021953553745565617, "pearsonr": 0.10688564310130338, "spearmanr": -0.030996565589605243}, "total_time": 4.7645, "epochs": 50}