{"arquitecture": "A", "trainable_params": 63249, "non_trainable_params": 0, "train_metrics": {"mse": 1.8463385343168992e+17, "mae": 96282001.46794553, "r2_score": -0.05286286448020272, "kendalltau": -0.09598132690881098, "pearsonr": -0.03348929772110479, "spearmanr": -0.12247706280372755}, "test_metrics": {"mse": 1.2870374210662428e+16, "mae": 54548720.195400596, "r2": -0.3007195200353381, "kendalltau": -0.2113637236911932, "pearsonr": -0.2363431493965267, "spearmanr": -0.26987038422467297}, "total_time": 4.7692, "epochs": 50}