{"arquitecture": "B", "trainable_params": 63249, "non_trainable_params": 0, "train_metrics": {"mse": 1.84633853044711e+17, "mae": 96281999.53607726, "r2_score": -0.052862862273479916, "kendalltau": -0.08625676255136203, "pearsonr": -0.02891375646593518, "spearmanr": -0.105883438741481}, "test_metrics": {"mse": 1.2870373980619392e+16, "mae": 54548718.259676285, "r2": -0.3007194967864826, "kendalltau": -0.1335790599056462, "pearsonr": -0.3234781618512391, "spearmanr": -0.16395867095904149}, "total_time": 3.0674, "epochs": 50}