{"arquitecture": "B", "trainable_params": 75537, "non_trainable_params": 0, "train_metrics": {"mse": 1.8463385194120438e+17, "mae": 96281993.86043172, "r2_score": -0.052862855980803314, "kendalltau": -0.11025585575181013, "pearsonr": 0.007863398824702328, "spearmanr": -0.1344920539547352}, "test_metrics": {"mse": 1.2870373346402544e+16, "mae": 54548712.56070996, "r2": -0.3007194326905813, "kendalltau": -0.11813459836567591, "pearsonr": -0.025802644171087012, "spearmanr": -0.14735901550058353}, "total_time": 3.3645, "epochs": 50}