{"arquitecture": "C", "trainable_params": 18689, "non_trainable_params": 0, "train_metrics": {"mse": 1.7504572317541523e+17, "mae": 126072524.3749921, "r2_score": 0.0018128415130407305, "kendalltau": -0.0891418522203187, "pearsonr": 0.052505147610789595, "spearmanr": -0.12285141839699001}, "test_metrics": {"mse": 1.2533173590294094e+16, "mae": 86093027.79881656, "r2": -0.26664099039027467, "kendalltau": -0.20495996367798774, "pearsonr": -0.12162157976760402, "spearmanr": -0.29832042210852416}, "total_time": 5.3878, "epochs": 50}