{"arquitecture": "A", "trainable_params": 75537, "non_trainable_params": 0, "train_metrics": {"mse": 1.8463385249924794e+17, "mae": 96281996.74361113, "r2_score": -0.052862859163011366, "kendalltau": 0.0760871635756942, "pearsonr": 0.016279039640602695, "spearmanr": 0.09356623615327886}, "test_metrics": {"mse": 1.2870373662563038e+16, "mae": 54548715.458679065, "r2": -0.30071946464273114, "kendalltau": 0.1186302446632298, "pearsonr": 0.06746622986261189, "spearmanr": 0.1468956971244766}, "total_time": 5.0838, "epochs": 50}