{"arquitecture": "C", "trainable_params": 18689, "non_trainable_params": 0, "train_metrics": {"mse": 1.7678076578298947e+17, "mae": 125574662.59182884, "r2_score": -0.008081129152970767, "kendalltau": -0.15419802292149837, "pearsonr": -0.018103664711950813, "spearmanr": -0.2298406444489386}, "test_metrics": {"mse": 1.2847403914343806e+16, "mae": 86023001.09467456, "r2": -0.29839807138795704, "kendalltau": -0.2680354223795785, "pearsonr": -0.23939797601846743, "spearmanr": -0.3903668394247943}, "total_time": 4.6276, "epochs": 50}