{"arquitecture": "B", "trainable_params": 63249, "non_trainable_params": 0, "train_metrics": {"mse": 1.846338525754187e+17, "mae": 96281997.11120951, "r2_score": -0.05286285959737036, "kendalltau": -0.09951667410812443, "pearsonr": -0.03436079993417658, "spearmanr": -0.12160564397423394}, "test_metrics": {"mse": 1.287037371408837e+16, "mae": 54548715.84571818, "r2": -0.3007194698500395, "kendalltau": -0.22147748653813035, "pearsonr": -0.2108103984813748, "spearmanr": -0.2702677168956444}, "total_time": 3.0631, "epochs": 50}