{"arquitecture": "A", "trainable_params": 63249, "non_trainable_params": 0, "train_metrics": {"mse": 1.8463385243692058e+17, "mae": 96281996.48198275, "r2_score": -0.05286285880759345, "kendalltau": 0.17057438431513808, "pearsonr": 0.03912285773604765, "spearmanr": 0.20940070598605526}, "test_metrics": {"mse": 1.287037362727878e+16, "mae": 54548715.18145822, "r2": -0.3007194610767958, "kendalltau": 0.15077997791939668, "pearsonr": 0.10399296598704552, "spearmanr": 0.18459744249291626}, "total_time": 4.693, "epochs": 50}