{"arquitecture": "C", "trainable_params": 18689, "non_trainable_params": 0, "train_metrics": {"mse": 1.7663506189492957e+17, "mae": 123988908.26529822, "r2_score": -0.0072502619523064915, "kendalltau": -0.20596828613502008, "pearsonr": -0.07720810981372116, "spearmanr": -0.30745778693807324}, "test_metrics": {"mse": 1.1354806295291458e+16, "mae": 81434746.86982249, "r2": -0.1475515748617513, "kendalltau": -0.3092390777282686, "pearsonr": -0.13585771100305494, "spearmanr": -0.42958744961780637}, "total_time": 5.0593, "epochs": 50}