{"arquitecture": "D", "trainable_params": 18497, "non_trainable_params": 0, "train_metrics": {"mse": 1.7352910066993558e+17, "mae": 114819306.76921444, "r2_score": 0.010461285369763873, "kendalltau": 0.16308476379670972, "pearsonr": 0.11832449686667589, "spearmanr": 0.22508056729872747}, "test_metrics": {"mse": 1.4993559238796904e+16, "mae": 82452489.45155326, "r2": -0.5152951155493668, "kendalltau": 0.03280770502935088, "pearsonr": -0.027032081631325724, "spearmanr": 0.0396389351899993}, "total_time": 4.0381, "epochs": 50}