{"arquitecture": "A", "trainable_params": 63249, "non_trainable_params": 0, "train_metrics": {"mse": 1.8463385244430224e+17, "mae": 96281996.47353911, "r2_score": -0.05286285884968689, "kendalltau": 0.09082304922234292, "pearsonr": 0.02590018396227426, "spearmanr": 0.11090078353847148}, "test_metrics": {"mse": 1.2870373631544086e+16, "mae": 54548715.18849505, "r2": -0.300719461507861, "kendalltau": 0.017278048567607573, "pearsonr": 0.0547376810274697, "spearmanr": 0.021572800840682332}, "total_time": 4.831, "epochs": 50}