{"arquitecture": "C", "trainable_params": 18689, "non_trainable_params": 0, "train_metrics": {"mse": 1.739658641841832e+17, "mae": 121317676.21491557, "r2_score": 0.007970669070725855, "kendalltau": 0.17085954615398083, "pearsonr": 0.09404465758204797, "spearmanr": 0.25616703490352166}, "test_metrics": {"mse": 1.1081620198107118e+16, "mae": 75256250.852071, "r2": -0.11994254940578886, "kendalltau": 0.14950435904773013, "pearsonr": 0.1235675989238758, "spearmanr": 0.22711815107601066}, "total_time": 4.6142, "epochs": 50}