{"arquitecture": "A", "trainable_params": 75537, "non_trainable_params": 0, "train_metrics": {"mse": 1.8463385264747392e+17, "mae": 96281997.50944273, "r2_score": -0.05286286000826057, "kendalltau": 0.07858613039211809, "pearsonr": 0.03213202512753265, "spearmanr": 0.096193055575383}, "test_metrics": {"mse": 1.2870373746540668e+16, "mae": 54548716.228433624, "r2": -0.30071947312976843, "kendalltau": 0.10053814934421702, "pearsonr": 0.07221075794783215, "spearmanr": 0.12356636081128292}, "total_time": 5.0154, "epochs": 50}