{"arquitecture": "B", "trainable_params": 63249, "non_trainable_params": 0, "train_metrics": {"mse": 1.8463385215071562e+17, "mae": 96281994.94288911, "r2_score": -0.052862857175527855, "kendalltau": 0.031249863800298556, "pearsonr": 0.011118939628466159, "spearmanr": 0.03818616172214066}, "test_metrics": {"mse": 1.2870373465101448e+16, "mae": 54548713.648718454, "r2": -0.300719444686657, "kendalltau": -0.009074563800898303, "pearsonr": 0.054567931604035544, "spearmanr": -0.011073638583443126}, "total_time": 3.2633, "epochs": 50}