{"arquitecture": "D", "trainable_params": 18497, "non_trainable_params": 0, "train_metrics": {"mse": 1.5535159156961795e+17, "mae": 125216460.2949937, "r2_score": 0.114117380634851, "kendalltau": 0.10603903606343891, "pearsonr": 0.3589370703278137, "spearmanr": 0.15956168882828636}, "test_metrics": {"mse": 1.878833104322413e+16, "mae": 99470178.43361686, "r2": -0.8988064011815322, "kendalltau": 0.07415246878676941, "pearsonr": 0.16735411720053942, "spearmanr": 0.10787874420818756}, "total_time": 4.0358, "epochs": 50}