{"arquitecture": "B", "trainable_params": 263953, "non_trainable_params": 0, "train_metrics": {"mse": 1.8463385511583027e+17, "mae": 96282010.26240076, "r2_score": -0.05286287408390655, "kendalltau": 0.031249863800298556, "pearsonr": 0.011118939628466159, "spearmanr": 0.03818616172214066}, "test_metrics": {"mse": 1.2870375144991872e+16, "mae": 54548729.046791755, "r2": -0.3007196144615394, "kendalltau": -0.009074563800898303, "pearsonr": 0.054567931604035544, "spearmanr": -0.011073638583443126}, "total_time": 4.2453, "epochs": 30}