{"arquitecture": "D", "trainable_params": 18689, "non_trainable_params": 0, "train_metrics": {"mse": 1.697523194279263e+17, "mae": 123830113.2487166, "r2_score": 0.031998141385435885, "kendalltau": 0.028110485200013403, "pearsonr": 0.19581782646938994, "spearmanr": 0.05794624112679993}, "test_metrics": {"mse": 1.3637643022713268e+16, "mae": 87272740.31360947, "r2": -0.3782620611156169, "kendalltau": -0.04832962998947388, "pearsonr": -0.04581320897758345, "spearmanr": -0.06675111902148054}, "total_time": 4.1842, "epochs": 50}