{"arquitecture": "A", "trainable_params": 75537, "non_trainable_params": 0, "train_metrics": {"mse": 1.846338523785794e+17, "mae": 96281996.12016663, "r2_score": -0.05286285847490668, "kendalltau": -0.1947194269998918, "pearsonr": 0.003453384400500586, "spearmanr": -0.2449802788095547}, "test_metrics": {"mse": 1.2870373594198412e+16, "mae": 54548714.8320336, "r2": -0.30071945773359254, "kendalltau": -0.22306288215115486, "pearsonr": -0.12429469193881616, "spearmanr": -0.27394515344884324}, "total_time": 5.1009, "epochs": 50}