{"arquitecture": "A", "trainable_params": 75537, "non_trainable_params": 0, "train_metrics": {"mse": 1.846338523265784e+17, "mae": 96281995.85149866, "r2_score": -0.052862858178374106, "kendalltau": 0.06351206258316351, "pearsonr": 0.018296996272215378, "spearmanr": 0.07750264566212635}, "test_metrics": {"mse": 1.2870373564736752e+16, "mae": 54548714.5619875, "r2": -0.30071945475610673, "kendalltau": -0.009074563800898303, "pearsonr": 0.054567931604035544, "spearmanr": -0.011073638583443126}, "total_time": 5.0295, "epochs": 50}