{"arquitecture": "A", "trainable_params": 263953, "non_trainable_params": 0, "train_metrics": {"mse": 1.8463385461952566e+17, "mae": 96282007.69820184, "r2_score": -0.05286287125376088, "kendalltau": -0.031249863800298556, "pearsonr": -0.011118939628466159, "spearmanr": -0.03818616172214066}, "test_metrics": {"mse": 1.2870374863809716e+16, "mae": 54548726.46944325, "r2": -0.3007195860444076, "kendalltau": 0.009074563800898303, "pearsonr": -0.054567931604035544, "spearmanr": 0.011073638583443126}, "total_time": 6.5162, "epochs": 30}