{"arquitecture": "A", "trainable_params": 75537, "non_trainable_params": 0, "train_metrics": {"mse": 1.846338522794753e+17, "mae": 96281995.60813344, "r2_score": -0.05286285790977163, "kendalltau": -0.2498087305796173, "pearsonr": -0.03388771031863502, "spearmanr": -0.3095885224832091}, "test_metrics": {"mse": 1.287037353805122e+16, "mae": 54548714.317374825, "r2": -0.30071945205918493, "kendalltau": -0.23112179494830018, "pearsonr": -0.20625102028093184, "spearmanr": -0.2862929405874641}, "total_time": 5.0098, "epochs": 50}