{"arquitecture": "D", "trainable_params": 18689, "non_trainable_params": 0, "train_metrics": {"mse": 1.7456271475713766e+17, "mae": 119086066.25509414, "r2_score": 0.004567166450660576, "kendalltau": 0.14867718998528795, "pearsonr": 0.07866994517300151, "spearmanr": 0.22003458267748796}, "test_metrics": {"mse": 1.0990190409259852e+16, "mae": 74424675.21301775, "r2": -0.1107023743246458, "kendalltau": 0.11422725686563243, "pearsonr": 0.07861611022995355, "spearmanr": 0.17192411477218641}, "total_time": 4.2667, "epochs": 50}