{"arquitecture": "C", "trainable_params": 18497, "non_trainable_params": 0, "train_metrics": {"mse": 1.5363015099165533e+17, "mae": 127842414.79112731, "r2_score": 0.12393378658781862, "kendalltau": 0.10316123781072309, "pearsonr": 0.36785568306106525, "spearmanr": 0.16106345066649708}, "test_metrics": {"mse": 1.990847172990397e+16, "mae": 102059783.36880547, "r2": -1.0120112569613444, "kendalltau": 0.09630648895712679, "pearsonr": 0.187077831266126, "spearmanr": 0.13909585861931714}, "total_time": 4.4149, "epochs": 50}