{"arquitecture": "A", "trainable_params": 263953, "non_trainable_params": 0, "train_metrics": {"mse": 1.846338549073433e+17, "mae": 96282009.1852354, "r2_score": -0.05286287289502267, "kendalltau": 0.031249863800298556, "pearsonr": 0.011118939628466159, "spearmanr": 0.03818616172214066}, "test_metrics": {"mse": 1.2870375026873224e+16, "mae": 54548727.96410247, "r2": -0.3007196025241061, "kendalltau": -0.009074563800898303, "pearsonr": 0.054567931604035544, "spearmanr": -0.011073638583443126}, "total_time": 6.5978, "epochs": 30}