{"arquitecture": "C", "trainable_params": 18497, "non_trainable_params": 0, "train_metrics": {"mse": 1.7618546814455907e+17, "mae": 122033381.11702016, "r2_score": -0.0046864820437504395, "kendalltau": 0.08267012799475985, "pearsonr": 0.04850525278287273, "spearmanr": 0.10764458137228312}, "test_metrics": {"mse": 1.4971132636361828e+16, "mae": 86032724.18343195, "r2": -0.5130286142745859, "kendalltau": -0.0185557557477834, "pearsonr": -0.11979181011339765, "spearmanr": -0.03682813929642422}, "total_time": 4.5115, "epochs": 50}