{"arquitecture": "A", "trainable_params": 63249, "non_trainable_params": 0, "train_metrics": {"mse": 1.8463385219907872e+17, "mae": 96281995.20590818, "r2_score": -0.05286285745131547, "kendalltau": 0.04366935891545497, "pearsonr": 0.025636101721043327, "spearmanr": 0.05399798711664882}, "test_metrics": {"mse": 1.2870373492569412e+16, "mae": 54548713.90583225, "r2": -0.3007194474626538, "kendalltau": 0.025593359594577, "pearsonr": 0.036335912535221115, "spearmanr": 0.03080647742035294}, "total_time": 4.8018, "epochs": 50}