{"arquitecture": "A", "trainable_params": 75537, "non_trainable_params": 0, "train_metrics": {"mse": 1.8463385255943808e+17, "mae": 96281997.05458793, "r2_score": -0.0528628595062417, "kendalltau": 0.031249863800298556, "pearsonr": 0.011118939628466159, "spearmanr": 0.03818616172214066}, "test_metrics": {"mse": 1.2870373696663774e+16, "mae": 54548715.77124633, "r2": -0.30071946808905636, "kendalltau": -0.009074563800898303, "pearsonr": 0.054567931604035544, "spearmanr": -0.011073638583443126}, "total_time": 5.0199, "epochs": 50}