{"arquitecture": "C", "trainable_params": 18497, "non_trainable_params": 0, "train_metrics": {"mse": 1.739102201143705e+17, "mae": 129386271.43812986, "r2_score": 0.008287975857349417, "kendalltau": 0.13960784219151193, "pearsonr": 0.10991748354134015, "spearmanr": 0.1920847531550159}, "test_metrics": {"mse": 1.8468871617162364e+16, "mae": 99056373.73502219, "r2": -0.866520851085127, "kendalltau": 0.0068437578233269585, "pearsonr": -0.0387866775883993, "spearmanr": -0.00014234238381881796}, "total_time": 4.5253, "epochs": 50}